Date,BTC,SPY,DJI,IXIC,NYSE,TNX,XAU/USD,VIX,IYR,VNQ,HashDiff,Hashrate,Address,Transaction,GreedIndex
2020-01-01,7200.17431640625,,,,,,,,,,13798783827516.0,96717718.3123778,389706.0,287215.0,37.0
2020-01-02,6985.47021484375,298.57861328125,28868.80078125,9092.1904296875,14002.490234375,1.8819999694824219,1524.5,12.470000267028809,79.21231079101562,73.74559020996094,13798783827516.0,96717718.3123778,407045.75,287215.0,39.0
2020-01-03,7344.88427734375,296.3177185058594,28634.880859375,9020.76953125,13917.0498046875,1.7879999876022339,1549.199951171875,14.020000457763672,79.78025817871094,74.20393371582031,13798783827516.0,95688806.41543762,424385.5,287215.0,38.0
2020-01-04,7410.65673828125,,,,,,,,,,13798783827516.0,94659894.51849744,441725.25,287215.0,38.0
2020-01-05,7411.3173828125,,,,,,,,,,13798783827516.0,93630982.62155727,459065.0,294916.0,39.0
2020-01-06,7769.21923828125,297.4482116699219,28703.380859375,9071.4697265625,13941.7998046875,1.8109999895095825,1566.199951171875,13.850000381469727,79.84910583496094,74.29241180419922,13798783827516.0,92602070.7246171,482628.25,302617.0,41.0
2020-01-07,8163.6923828125,296.6117858886719,28583.6796875,9068.580078125,13898.4501953125,1.8270000219345093,1571.800048828125,13.789999961853027,79.04019165039062,73.46410369873047,13798783827516.0,95002865.15081082,506191.5,310318.0,40.0
2020-01-08,8079.86279296875,298.192626953125,28745.08984375,9129.240234375,13934.4404296875,1.8739999532699585,1557.4000244140625,13.449999809265137,79.22952270507812,73.68927764892578,13798783827516.0,97403659.57700455,529754.75,318019.0,51.0
2020-01-09,7879.0712890625,300.2146301269531,28956.900390625,9203.4296875,13997.650390625,1.8580000400543213,1551.699951171875,12.539999961853027,79.27255249023438,73.64909362792969,13798783827516.0,99804454.00319827,553318.0,309298.25,44.0
2020-01-10,8166.55419921875,299.3506774902344,28823.76953125,9178.8603515625,13957.9697265625,1.8250000476837158,1557.5,12.5600004196167,79.96098327636719,74.21200561523438,13798783827516.0,102205248.429392,540388.5,300577.5,41.0
2020-01-11,8037.53759765625,,,,,,,,,,13803840294972.074,101555754.12705436,527459.0,291856.75,50.0
2020-01-12,8192.494140625,,,,,,,,,,13808896762428.15,100906259.82471675,514529.5,283136.0,45.0
2020-01-13,8144.1943359375,301.40936279296875,28907.05078125,9273.9296875,14042.650390625,1.8480000495910645,1548.4000244140625,12.319999694824219,80.81291198730469,75.10468292236328,13813953229884.227,100256765.52237913,501600.0,293838.75,49.0
2020-01-14,8827.7646484375,300.9498596191406,28939.669921875,9251.330078125,14037.1298828125,1.8179999589920044,1542.4000244140625,12.390000343322754,80.50311279296875,74.82321166992188,13819009697340.3,99607271.2200415,516738.25,304541.5,56.0
2020-01-15,8807.0107421875,301.6300048828125,29030.220703125,9258.7001953125,14053.23046875,1.7879999876022339,1552.0999755859375,12.420000076293945,81.21733856201172,75.49874877929688,14058349156927.477,98945181.48843613,531876.5,315244.25,54.0
2020-01-16,8723.7861328125,304.1390380859375,29297.640625,9357.1298828125,14141.7802734375,1.809000015258789,1549.0,12.319999694824219,81.81974792480469,76.10187530517578,14297688616514.65,98283091.75683075,547014.75,325947.0,55.0
2020-01-17,8929.0380859375,305.0857238769531,29348.099609375,9388.9404296875,14183.2001953125,1.8359999656677246,1558.800048828125,12.100000381469727,81.91438293457031,76.17427062988281,14537028076101.824,97621002.02522537,562153.0,322875.5,54.0
2020-01-18,8942.80859375,,,,,,,,,,14776367535689.0,96958912.29362,557746.0,319804.0,51.0
2020-01-19,8706.2451171875,,,,,,,,,,14776367535689.0,101366135.57969375,553339.0,316732.5,53.0
2020-01-20,8657.642578125,,,,,,,,,,14776367535689.0,105773358.86576751,548932.0,313661.0,48.0
2020-01-21,8745.89453125,304.4882507324219,29196.0390625,9370.8095703125,14109.98046875,1.7690000534057617,1556.4000244140625,12.850000381469727,82.74911499023438,76.89806365966797,14776367535689.0,110180582.15184125,544525.0,313717.5,49.0
2020-01-22,8680.8759765625,304.5251159667969,29186.26953125,9383.76953125,14110.240234375,1.7690000534057617,1555.300048828125,12.90999984741211,82.27581024169922,76.38334655761719,14776367535689.0,114587805.437915,523721.75,313774.0,52.0
2020-01-23,8406.515625,304.8742980957031,29160.08984375,9402.48046875,14102.0400390625,1.7400000095367432,1564.5999755859375,12.979999542236328,82.76632690429688,77.02672576904297,14776367535689.0,112200559.49129175,502918.5,313830.5,49.0
2020-01-24,8445.4345703125,302.1629638671875,28989.73046875,9314.91015625,13978.4697265625,1.680999994277954,1571.0999755859375,14.5600004196167,82.57699584960938,76.7613525390625,14776367535689.0,109813313.5446685,482115.25,313887.0,40.0
2020-01-25,8367.84765625,,,,,,,,,,14776367535689.0,107426067.59804524,461312.0,320428.25,41.0
2020-01-26,8596.830078125,,,,,,,,,,14776367535689.0,105038821.651422,489327.0,326969.5,42.0
2020-01-27,8909.8193359375,297.3195495605469,28535.80078125,9139.3095703125,13769.599609375,1.6050000190734863,1576.800048828125,18.229999542236328,82.18115234375,76.39140319824219,14948800385655.5,108763250.21856025,517342.0,333510.75,50.0
2020-01-28,9358.58984375,300.4351501464844,28722.849609375,9269.6796875,13877.6103515625,1.6410000324249268,1569.199951171875,16.280000686645508,82.53398132324219,76.6969985961914,15121233235622.0,112487678.7856985,545357.0,340052.0,54.0
2020-01-29,9316.6298828125,300.1871032714844,28734.44921875,9275.16015625,13843.8095703125,1.593999981880188,1569.800048828125,16.389999389648438,82.27581024169922,76.41552734375,15293666085588.5,116212107.35283674,573372.0,330970.0,57.0
2020-01-30,9508.9931640625,301.16119384765625,28859.439453125,9298.9296875,13861.919921875,1.5579999685287476,1583.5,15.489999771118164,82.37908172607422,76.4718246459961,15466098935555.0,119936535.919975,555334.5,321888.0,57.0
2020-01-31,9350.529296875,295.69281005859375,28256.029296875,9150.9404296875,13614.099609375,1.5199999809265137,1582.9000244140625,18.84000015258789,81.38087463378906,75.53894805908203,15466098935555.0,118398888.023565,537297.0,312806.0,55.0
2020-02-01,9392.875,,,,,,,,,,15466098935555.0,116861240.127155,519259.5,303724.0,57.0
2020-02-02,9344.365234375,,,,,,,,,,15466098935555.0,115323592.230745,501222.0,319944.0,57.0
2020-02-03,9293.521484375,297.8893127441406,28399.810546875,9273.400390625,13677.919921875,1.5199999809265137,1577.199951171875,17.969999313354492,81.63040924072266,75.78825378417969,15466098935555.0,113785944.334335,514019.25,336164.0,59.0
2020-02-04,9180.962890625,302.42950439453125,28807.630859375,9467.9697265625,13862.83984375,1.6030000448226929,1550.4000244140625,16.049999237060547,82.46513366699219,76.5683364868164,15466098935555.0,112056090.45087375,526816.5,352384.0,56.0
2020-02-05,9613.423828125,305.92205810546875,29290.849609375,9508.6796875,14024.8603515625,1.6490000486373901,1557.800048828125,15.149999618530273,82.48233795166016,76.61656951904297,15466098935555.0,110326236.5674125,539613.75,368604.0,53.0
2020-02-06,9729.8017578125,306.9513854980469,29379.76953125,9572.150390625,14034.9501953125,1.6440000534057617,1565.0999755859375,14.960000038146973,82.79212951660156,76.87393188476562,15466098935555.0,108596382.68395126,552411.0,355720.5,61.0
2020-02-07,9795.943359375,305.3154602050781,29102.509765625,9520.509765625,13931.9296875,1.5779999494552612,1568.5999755859375,15.470000267028809,82.7577133178711,76.85784149169922,15466098935555.0,106866528.80049,546014.5,342837.0,56.0
2020-02-08,9865.119140625,,,,,,,,,,15479857938641.775,108697609.3194365,539618.0,329953.5,56.0
2020-02-09,10116.673828125,,,,,,,,,,15493616941728.55,110528689.838383,533221.5,317070.0,56.0
2020-02-10,9856.611328125,307.5947570800781,29276.8203125,9628.3896484375,13984.48046875,1.5470000505447388,1574.699951171875,15.039999961853027,83.59243774414062,77.71833801269531,15507375944815.324,112359770.3573295,526825.0,322822.75,57.0
2020-02-11,10208.236328125,308.1277770996094,29276.33984375,9638.9404296875,14054.080078125,1.590000033378601,1565.5999755859375,15.180000305175781,84.27227783203125,78.305419921875,15521134947902.1,114190850.876276,536175.5,328575.5,52.0
2020-02-12,10326.0546875,310.11297607421875,29551.419921875,9725.9599609375,14136.98046875,1.6299999952316284,1567.4000244140625,13.739999771118164,84.94347381591797,78.77186584472656,15527537652308.824,113078706.954512,545526.0,334328.25,61.0
2020-02-13,10214.3798828125,309.78216552734375,29423.310546875,9711.9697265625,14099.0400390625,1.6169999837875366,1575.0999755859375,14.149999618530273,85.52001190185547,79.24633026123047,15533940356715.55,111966563.032748,554876.5,340081.0,65.0
2020-02-14,10312.1162109375,310.2784423828125,29398.080078125,9731.1796875,14097.33984375,1.5880000591278076,1582.699951171875,13.680000305175781,86.29451751708984,80.06661987304688,15540343061122.275,110854419.110984,564227.0,340433.5,63.0
2020-02-15,9889.4248046875,,,,,,,,,,15546745765529.0,109742275.18922,565493.0,340786.0,64.0
2020-02-16,9934.43359375,,,,,,,,,,15546745765529.0,109549066.95825325,566759.0,341138.5,59.0
2020-02-17,9690.142578125,,,,,,,,,,15546745765529.0,109355858.72728649,568025.0,341491.0,49.0
2020-02-18,10141.99609375,309.4789123535156,29232.189453125,9732.740234375,14039.009765625,1.555999994277954,1600.0,14.829999923706055,86.23430633544922,79.97816467285156,15546745765529.0,109162650.49631974,569291.0,340739.25,53.0
2020-02-19,9633.38671875,310.95855712890625,29348.029296875,9817.1796875,14087.1298828125,1.5700000524520874,1607.5,14.380000114440918,85.1500244140625,78.90052795410156,15546745765529.0,108969442.265353,558423.0,339987.5,50.0
2020-02-20,9608.4755859375,309.6810607910156,29219.98046875,9750.9697265625,14061.48046875,1.524999976158142,1616.5999755859375,15.5600004196167,86.07078552246094,79.8414306640625,15546745765529.0,109162650.49631974,547555.0,339235.75,44.0
2020-02-21,9686.44140625,306.4918518066406,28992.41015625,9576.58984375,13975.7802734375,1.4709999561309814,1644.5999755859375,17.079999923706055,86.23430633544922,80.07466888427734,15546745765529.0,109355858.72728649,536687.0,338484.0,44.0
2020-02-22,9663.181640625,,,,,,,,,,15546745765529.0,109549066.95825325,525819.0,337511.25,43.0
2020-02-23,9924.515625,,,,,,,,,,15546745765529.0,109742275.18922,541503.75,336538.5,46.0
2020-02-24,9650.1748046875,296.3269348144531,27960.80078125,9221.2802734375,13534.1201171875,1.3769999742507935,1672.4000244140625,25.030000686645508,85.08114624023438,78.98092651367188,15531787684220.0,110599011.516568,557188.5,335565.75,46.0
2020-02-25,9341.705078125,287.34759521484375,27081.359375,8965.6103515625,13143.73046875,1.3300000429153442,1646.9000244140625,27.850000381469727,82.80074310302734,76.84175109863281,15516829602911.0,111455747.843916,572873.25,334593.0,44.0
2020-02-26,8820.5224609375,286.2906494140625,26957.58984375,8980.7802734375,13046.6201171875,1.309999942779541,1640.0,27.559999465942383,81.93161010742188,76.01342010498047,15501871521602.0,112312484.171264,588558.0,327826.5,41.0
2020-02-27,8784.494140625,273.43292236328125,25766.640625,8566.48046875,12547.25,1.2990000247955322,1640.0,39.15999984741211,77.63753509521484,71.96829223632812,15486913440293.0,113169220.498612,567889.75,321060.0,39.0
2020-02-28,8672.455078125,272.28399658203125,25409.359375,8567.3701171875,12380.9697265625,1.1269999742507935,1564.0999755859375,40.11000061035156,75.2108154296875,70.23121643066406,15486913440293.0,113554149.82003576,547221.5,314293.5,40.0
2020-02-29,8599.5087890625,,,,,,,,,,15486913440293.0,113939079.1414595,526553.25,307527.0,38.0
2020-03-01,8562.4541015625,,,,,,,,,,15486913440293.0,114324008.46288325,505885.0,320331.5,39.0
2020-03-02,8869.669921875,284.07568359375,26703.3203125,8952.169921875,12827.990234375,1.0880000591278076,1592.300048828125,33.41999816894531,78.83369445800781,73.23088073730469,15486913440293.0,114708937.784307,530412.75,333136.0,38.0
2020-03-03,8787.7861328125,275.94189453125,25917.41015625,8684.08984375,12542.740234375,1.0099999904632568,1642.0999755859375,36.81999969482422,78.84226989746094,73.06199645996094,15486913440293.0,115863725.7485785,554940.5,345940.5,38.0
2020-03-04,8755.24609375,287.54058837890625,27090.859375,9018.08984375,13009.9599609375,0.9919999837875366,1641.0999755859375,31.989999771118164,81.85415649414062,75.8204345703125,15486913440293.0,117018513.71285,579468.25,358745.0,40.0
2020-03-05,9078.7626953125,277.9822998046875,26121.279296875,8738.58984375,12593.0302734375,0.9259999990463257,1666.4000244140625,39.619998931884766,80.07284545898438,74.19593811035156,15486913440293.0,118173301.6771215,603996.0,344732.25,41.0
2020-03-06,9122.5458984375,273.3869934082031,25864.779296875,8575.6201171875,12352.0302734375,0.7059999704360962,1670.800048828125,41.939998626708984,78.71319580078125,72.917236328125,15486913440293.0,119328089.641393,604497.5,330719.5,39.0
2020-03-07,8909.9541015625,,,,,,,,,,15753416072054.0,116650127.5790225,604999.0,316706.75,38.0
2020-03-08,8108.1162109375,,,,,,,,,,16019918703815.0,113972165.516652,605500.5,302694.0,33.0
2020-03-09,7923.64453125,252.0369415283203,23851.01953125,7950.68017578125,11298.4296875,0.49900001287460327,1674.5,54.459999084472656,72.8787612915039,67.29586029052734,16286421335576.0,111294203.45428151,606002.0,314515.0,17.0
2020-03-10,7909.7294921875,265.0785217285156,25018.16015625,8344.25,11793.26953125,0.7480000257492065,1659.0999755859375,47.29999923706055,75.6927261352539,70.1390151977539,16552923967337.0,108616241.391911,588278.0,326336.0,16.0
2020-03-11,7911.43017578125,252.1562957763672,23553.220703125,7952.0498046875,11177.2900390625,0.8199999928474426,1641.4000244140625,53.900001525878906,71.28677368164062,65.92450714111328,16552923967337.0,107793391.07833575,570554.0,338157.0,17.0
2020-03-12,4970.7880859375,228.03073120117188,21200.619140625,7201.7998046875,10060.759765625,0.8489999771118164,1589.300048828125,75.47000122070312,64.34225463867188,59.246150970458984,16552923967337.0,106970540.7647605,552830.0,349978.0,14.0
2020-03-13,5563.70703125,247.52430725097656,23185.619140625,7874.8798828125,10851.740234375,0.9509999752044678,1515.699951171875,57.83000183105469,69.83245849609375,64.41703033447266,16552923967337.0,106147690.45118526,535106.0,330083.25,10.0
2020-03-14,5200.3662109375,,,,,,,,,,16552923967337.0,105324840.13761,517382.0,310188.5,8.0
2020-03-15,5392.31494140625,,,,,,,,,,16552923967337.0,99564887.94258453,507157.0,290293.75,12.0
2020-03-16,5014.47998046875,220.43923950195312,20188.51953125,6904.58984375,9567.5302734375,0.7279999852180481,1485.9000244140625,82.69000244140625,58.051734924316406,52.99734878540039,16552923967337.0,93804935.74755904,496932.0,270399.0,9.0
2020-03-17,5225.62939453125,232.34120178222656,21237.380859375,7334.77978515625,10063.3603515625,0.996999979019165,1524.9000244140625,75.91000366210938,60.779640197753906,56.06095886230469,16552923967337.0,88044983.55253357,486707.0,273947.75,8.0
2020-03-18,5238.4384765625,220.57708740234375,19898.919921875,6989.83984375,9384.599609375,1.2660000324249268,1477.300048828125,76.44999694824219,54.798912048339844,50.72800064086914,16552923967337.0,82285031.3575081,476482.0,277496.5,11.0
2020-03-19,6191.19287109375,221.04580688476562,20087.189453125,7150.580078125,9461.3095703125,1.11899995803833,1478.5999755859375,72.0,54.8247184753418,50.90631103515625,16552923967337.0,87839270.97413982,459818.75,281045.25,12.0
2020-03-20,6198.7783203125,211.5200653076172,19173.98046875,6879.52001953125,9133.16015625,0.9380000233650208,1484.0,66.04000091552734,52.423831939697266,48.36949920654297,16552923967337.0,93393510.59077156,443155.5,284594.0,9.0
2020-03-21,6185.06640625,,,,,,,,,,16552923967337.0,98947750.20740327,426492.25,282978.25,9.0
2020-03-22,5830.2548828125,,,,,,,,,,16552923967337.0,104501989.824035,409829.0,281362.5,11.0
2020-03-23,6416.31494140625,206.11181640625,18591.9296875,6860.669921875,8777.3798828125,0.7639999985694885,1567.0,61.59000015258789,49.77338409423828,46.124473571777344,15950582735954.05,106499697.70765525,442342.0,279746.75,10.0
2020-03-24,6734.8037109375,224.78622436523438,20704.91015625,7417.85986328125,9658.3203125,0.8159999847412109,1660.199951171875,61.66999816894531,53.757659912109375,50.27413558959961,15348241504571.1,108497405.5912755,474855.0,278131.0,12.0
2020-03-25,6681.06298828125,228.15130615234375,21200.55078125,7384.2998046875,9961.3798828125,0.8579999804496765,1632.300048828125,63.95000076293945,56.7091064453125,52.98113250732422,14745900273188.148,110495113.47489575,507368.0,268755.0,13.0
2020-03-26,6716.4404296875,241.4730224609375,22552.169921875,7797.5400390625,10536.2802734375,0.8109999895095825,1650.0999755859375,61.0,60.91428756713867,56.71746063232422,14143559041805.2,112492821.358516,539881.0,259379.0,14.0
2020-03-27,6469.79833984375,234.28057861328125,21636.779296875,7502.3798828125,10187.2099609375,0.7490000128746033,1623.9000244140625,65.54000091552734,60.99249267578125,56.77418899536133,14085800293590.398,109785744.09142849,538857.5,250003.0,12.0
2020-03-28,6242.19384765625,,,,,,,,,,14028041545375.6,107078666.824341,537834.0,240627.0,8.0
2020-03-29,5922.04296875,,,,,,,,,,13970282797160.8,104371589.55725351,536810.5,250934.0,12.0
2020-03-30,6429.841796875,241.88902282714844,22327.48046875,7774.14990234375,10434.740234375,0.6700000166893005,1622.0,57.08000183105469,62.2088508605957,58.014225006103516,13912524048946.0,101664512.290166,535787.0,261241.0,10.0
2020-03-31,6438.64453125,238.28359985351562,21917.16015625,7700.10009765625,10301.8701171875,0.6980000138282776,1583.4000244140625,53.540000915527344,60.44511795043945,56.612091064453125,13912524048946.0,99071029.83378431,538915.25,271548.0,12.0
2020-04-01,6606.7763671875,227.55966186523438,20943.509765625,7360.580078125,9844.849609375,0.6349999904632568,1578.199951171875,57.060001373291016,56.4571418762207,52.8919792175293,13912524048946.0,96477547.3774026,542043.5,281855.0,12.0
2020-04-02,6793.62451171875,232.8107147216797,21413.439453125,7487.31005859375,10062.3701171875,0.6269999742507935,1625.699951171875,50.90999984741211,56.70042037963867,53.070289611816406,13912524048946.0,93884064.9210209,545171.75,271456.0,14.0
2020-04-03,6733.38720703125,229.4456024169922,21052.529296875,7373.080078125,9880.6298828125,0.5870000123977661,1633.699951171875,46.79999923706055,55.81420135498047,52.30032730102539,13912524048946.0,91290582.4646392,548300.0,261057.0,14.0
2020-04-04,6867.52734375,,,,,,,,,,13912524048946.0,97514940.3599554,560892.5,250658.0,12.0
2020-04-05,6791.12939453125,,,,,,,,,,13912524048946.0,103739298.2552716,573485.0,240259.0,12.0
2020-04-06,7271.78125,244.85658264160156,22679.990234375,7913.240234375,10515.240234375,0.6759999990463257,1677.0,45.2400016784668,60.00199890136719,56.17442321777344,13912524048946.0,109963656.1505878,586077.5,251870.75,12.0
2020-04-07,7176.41455078125,245.10621643066406,22653.859375,7887.259765625,10537.0400390625,0.7360000014305115,1664.800048828125,46.70000076293945,60.584136962890625,56.69313430786133,13912524048946.0,116188014.045904,598670.0,263482.5,20.0
2020-04-08,7334.0986328125,253.3340606689453,23433.5703125,8090.89990234375,10902.58984375,0.7639999985694885,1665.4000244140625,43.349998474121094,64.91963958740234,60.55913162231445,14113196551873.75,116218026.56429374,567613.75,275094.25,21.0
2020-04-09,7302.08935546875,257.1891174316406,23719.369140625,8153.580078125,11136.6103515625,0.7289999723434448,1736.199951171875,41.66999816894531,68.53400421142578,63.95505142211914,14313869054801.5,116248039.0826835,536557.5,286706.0,22.0
2020-04-10,6865.4931640625,,,,,,,,,,14514541557729.25,116278051.60107325,505501.25,287057.75,15.0
2020-04-11,6859.0830078125,,,,,,,,,,14715214060657.0,116308064.119463,474445.0,287409.5,15.0
2020-04-12,6971.091796875,,,,,,,,,,14715214060657.0,118136807.2659955,509073.5,287761.25,10.0
2020-04-13,6845.03759765625,254.8409881591797,23390.76953125,8192.419921875,10949.5302734375,0.7490000128746033,1744.800048828125,41.16999816894531,65.74502563476562,61.264251708984375,14715214060657.0,119965550.41252801,543702.0,288113.0,11.0
2020-04-14,6842.427734375,262.3569030761719,23949.759765625,8515.740234375,11172.2001953125,0.7519999742507935,1756.699951171875,37.7599983215332,67.48271942138672,62.982479095458984,14715214060657.0,121794293.5590605,578330.5,287140.25,15.0
2020-04-15,6642.10986328125,256.7823181152344,23504.349609375,8393.1796875,10843.919921875,0.6380000114440918,1727.199951171875,40.84000015258789,64.9283218383789,60.486175537109375,14715214060657.0,123623036.705593,612959.0,286167.5,18.0
2020-04-16,7116.80419921875,258.0211181640625,23537.6796875,8532.3603515625,10818.0302734375,0.609000027179718,1720.4000244140625,40.11000061035156,64.19850158691406,59.79728698730469,14715214060657.0,120514173.35648775,581191.25,285194.75,13.0
2020-04-17,7096.1845703125,264.9917297363281,24242.490234375,8650.1396484375,11208.2900390625,0.6539999842643738,1689.199951171875,38.150001525878906,66.10993957519531,61.68568801879883,14715214060657.0,117405310.00738251,549423.5,284222.0,15.0
2020-04-18,7257.6650390625,,,,,,,,,,14715214060657.0,114296446.65827726,517655.75,290879.25,18.0
2020-04-19,7189.4248046875,,,,,,,,,,14715214060657.0,111187583.309172,485888.0,297536.5,16.0
2020-04-20,6881.95849609375,260.3230895996094,23650.439453125,8560.73046875,11003.8798828125,0.6259999871253967,1701.5999755859375,43.83000183105469,63.71195983886719,59.39204025268555,15026073627637.25,111553153.793238,531145.75,304193.75,15.0
2020-04-21,6880.3232421875,252.41883850097656,23018.880859375,8263.23046875,10706.4404296875,0.5709999799728394,1678.199951171875,45.40999984741211,62.54771041870117,58.314109802246094,15336933194617.5,111918724.277304,576403.5,310851.0,17.0
2020-04-22,7117.20751953125,258.0211181640625,23475.8203125,8495.3798828125,10908.5595703125,0.6190000176429749,1728.699951171875,41.97999954223633,63.54686737060547,59.20562744140625,15647792761597.75,112284294.76137,621661.25,303339.5,19.0
2020-04-23,7429.724609375,258.0026550292969,23515.259765625,8494.75,10916.6796875,0.6129999756813049,1733.300048828125,41.380001068115234,62.96475601196289,58.71125030517578,15958652328578.0,112649865.245436,666919.0,295828.0,19.0
2020-04-24,7550.90087890625,261.598876953125,23775.26953125,8634.51953125,11017.900390625,0.5960000157356262,1723.5,35.93000030517578,63.22538757324219,58.96247863769531,15958652328578.0,112451538.01789124,657643.5,288316.5,20.0
2020-04-25,7569.93603515625,,,,,,,,,,15958652328578.0,112253210.7903465,648368.0,280805.0,24.0
2020-04-26,7679.8671875,,,,,,,,,,15958652328578.0,112054883.56280175,639092.5,293454.0,21.0
2020-04-27,7795.60107421875,265.3706970214844,24133.779296875,8730.16015625,11264.83984375,0.656000018119812,1711.9000244140625,33.290000915527344,65.2237319946289,60.98057556152344,15958652328578.0,111856556.335257,629817.0,306103.0,28.0
2020-04-28,7807.05859375,264.1504211425781,24101.55078125,8607.73046875,11319.7001953125,0.6100000143051147,1710.5,33.56999969482422,65.81454467773438,61.48308563232422,15958652328578.0,111856556.335257,642526.25,318752.0,26.0
2020-04-29,8801.0380859375,271.0655822753906,24633.859375,8914.7099609375,11618.23046875,0.6269999742507935,1703.4000244140625,31.229999542236328,66.8224105834961,62.40702438354492,15958652328578.0,111856556.335257,655235.5,331401.0,26.0
2020-04-30,8658.5537109375,268.5416564941406,24345.720703125,8889.5498046875,11372.33984375,0.621999979019165,1684.199951171875,34.150001525878906,66.0751953125,61.68568801879883,15958652328578.0,111856556.335257,667944.75,318988.75,44.0
2020-05-01,8864.7666015625,261.4324951171875,23723.689453125,8604.9501953125,11058.5703125,0.6420000195503235,1694.5,37.189998626708984,63.833580017089844,59.60276412963867,15958652328578.0,111856556.335257,680654.0,306576.5,40.0
2020-05-02,8988.5966796875,,,,,,,,,,15988947147502.975,115466061.45502675,673562.75,294164.25,40.0
2020-05-03,8897.46875,,,,,,,,,,16019241966427.95,119075566.5747965,666471.5,281752.0,45.0
2020-05-04,8912.654296875,262.15350341796875,23749.759765625,8710.7099609375,11056.2802734375,0.6370000243186951,1706.9000244140625,35.970001220703125,63.642433166503906,59.310997009277344,16049536785352.926,122685071.69456625,659380.25,296810.5,44.0
2020-05-05,9003.0703125,264.57562255859375,23883.08984375,8809.1201171875,11135.400390625,0.6570000052452087,1704.4000244140625,33.61000061035156,63.9465217590332,59.60276412963867,16079831604277.9,126294576.814336,652289.0,311869.0,40.0
2020-05-06,9268.76171875,262.7821350097656,23664.640625,8854.3896484375,10999.990234375,0.7110000252723694,1684.199951171875,34.119998931884766,62.886566162109375,58.53292465209961,16086075574590.676,121940459.5736755,647102.25,326927.5,42.0
2020-05-07,9951.5185546875,265.953125,23875.890625,8979.66015625,11121.669921875,0.6309999823570251,1721.800048828125,31.440000534057617,63.72064208984375,59.36772537231445,16092319544903.45,117586342.333015,641915.5,341986.0,49.0
2020-05-08,9842.666015625,270.35369873046875,24331.3203125,9121.3203125,11354.33984375,0.6819999814033508,1709.9000244140625,27.979999542236328,65.24110412597656,60.777957916259766,16098563515216.225,113232225.0923545,636728.75,332949.25,55.0
2020-05-09,9593.896484375,,,,,,,,,,16104807485529.0,108878107.851694,631542.0,323912.5,56.0
2020-05-10,8756.4306640625,,,,,,,,,,16104807485529.0,105475666.9813285,628620.25,314875.75,48.0
2020-05-11,8601.7958984375,270.4090270996094,24221.990234375,9192.33984375,11281.3701171875,0.7260000109672546,1695.300048828125,27.56999969482422,64.32013702392578,59.89453125,16104807485529.0,102073226.110963,625698.5,305839.0,40.0
2020-05-12,8804.4775390625,265.0194396972656,23764.779296875,9002.5498046875,11055.580078125,0.6779999732971191,1704.4000244140625,33.040000915527344,61.3660888671875,57.17132568359375,16104807485529.0,98670785.2405975,622776.75,307039.75,39.0
2020-05-13,9269.9873046875,260.332275390625,23247.970703125,8863.169921875,10829.4404296875,0.6489999890327454,1713.9000244140625,35.279998779296875,59.915130615234375,55.785404205322266,16104807485529.0,95268344.370232,619855.0,308240.5,41.0
2020-05-14,9733.7216796875,263.4477233886719,23625.33984375,8943.7197265625,10927.41015625,0.6190000176429749,1738.0999755859375,32.61000061035156,60.193153381347656,55.979915618896484,16104807485529.0,91865903.49986658,588879.75,309441.25,40.0
2020-05-15,9328.197265625,264.65887451171875,23685.419921875,9014.5595703125,10947.3203125,0.6399999856948853,1753.4000244140625,31.889999389648438,59.915130615234375,55.76108932495117,16104807485529.0,88463462.62950115,557904.5,310642.0,44.0
2020-05-16,9377.013671875,,,,,,,,,,16104807485529.0,85061021.75913572,526929.25,301705.75,41.0
2020-05-17,9670.7392578125,,,,,,,,,,16104807485529.0,81658580.8887703,495954.0,292769.5,40.0
2020-05-18,9726.5751953125,272.72021484375,24597.369140625,9234.830078125,11402.23046875,0.7440000176429749,1731.800048828125,29.299999237060547,63.40787124633789,59.059749603271484,15863116425917.5,85888841.59246552,528068.5,283833.25,50.0
2020-05-19,9729.0380859375,269.91912841796875,24206.859375,9185.099609375,11248.9697265625,0.7110000252723694,1744.199951171875,30.530000686645508,62.695411682128906,58.265472412109375,15621425366306.0,90119102.29616076,560183.0,274897.0,50.0
2020-05-20,9522.9814453125,274.5044860839844,24575.900390625,9375.7802734375,11420.0400390625,0.6800000071525574,1750.5999755859375,27.989999771118164,63.30360412597656,58.784183502197266,15379734306694.5,94349362.99985598,592297.5,273480.25,52.0
2020-05-21,9081.76171875,272.609375,24474.119140625,9284.8798828125,11351.599609375,0.6769999861717224,1720.5,29.530000686645508,63.216712951660156,58.83281326293945,15138043247083.0,98579623.7035512,624412.0,272063.5,49.0
2020-05-22,9182.5771484375,273.1270751953125,24465.16015625,9324.58984375,11331.9697265625,0.6570000052452087,1734.5999755859375,28.15999984741211,64.07687377929688,59.627079010009766,15138043247083.0,97450849.38633499,620572.2,270646.75,42.0
2020-05-23,9209.287109375,,,,,,,,,,15138043247083.0,96322075.06911875,616732.4,269230.0,40.0
2020-05-24,8790.3681640625,,,,,,,,,,15138043247083.0,95193300.75190252,612892.6,275154.25,43.0
2020-05-25,8906.9345703125,,,,,,,,,,15138043247083.0,94064526.4346863,609052.8,281078.5,41.0
2020-05-26,8835.052734375,276.49212646484375,24995.109375,9340.2197265625,11603.0,0.6980000138282776,1704.800048828125,28.010000228881836,66.41403198242188,61.855899810791016,15138043247083.0,94440784.54042503,605213.0,287002.75,39.0
2020-05-27,9181.017578125,280.6060791015625,25548.26953125,9412.3603515625,11837.5302734375,0.6800000071525574,1710.300048828125,27.6200008392334,67.69123077392578,63.08782958984375,15138043247083.0,94817042.64616376,593137.75,292927.0,39.0
2020-05-28,9525.7509765625,280.08837890625,25400.640625,9368.990234375,11804.91015625,0.7049999833106995,1713.300048828125,28.59000015258789,67.96926879882812,63.387718200683594,15138043247083.0,95193300.75190248,581062.5,284302.0,41.0
2020-05-29,9439.1240234375,281.33642578125,25383.109375,9489.8701171875,11802.9501953125,0.6480000019073486,1736.9000244140625,27.510000228881836,67.26551055908203,62.75554275512695,15138043247083.0,95569558.8576412,568987.25,275677.0,48.0
2020-05-30,9700.4140625,,,,,,,,,,15138043247083.0,95945816.96337995,556912.0,267052.0,48.0
2020-05-31,9461.05859375,,,,,,,,,,15138043247083.0,96322075.06911871,579370.5,258427.0,51.0
2020-06-01,10167.2685546875,282.4735107421875,25475.01953125,9552.0498046875,11900.240234375,0.6620000004768372,1737.800048828125,28.229999542236328,68.82072448730469,64.20629119873047,15138043247083.0,96698333.17485745,601829.0,273391.5,50.0
2020-06-02,9529.8037109375,284.8124694824219,25742.650390625,9608.3798828125,12046.41015625,0.6800000071525574,1725.199951171875,26.84000015258789,69.43759155273438,64.72500610351562,15138043247083.0,97074591.2805962,624287.5,288356.0,56.0
2020-06-03,9656.7177734375,288.6028137207031,26269.890625,9682.91015625,12302.1904296875,0.7609999775886536,1697.800048828125,25.65999984741211,71.5228042602539,66.79983520507812,14786620461816.75,106255250.8265664,646746.0,303320.5,48.0
2020-06-04,9800.63671875,287.84466552734375,26281.8203125,9615.8095703125,12286.98046875,0.8199999928474426,1718.9000244140625,25.809999465942383,70.9146499633789,66.13524627685547,14435197676550.5,115435910.3725366,606941.25,318285.0,54.0
2020-06-05,9665.533203125,295.22198486328125,27110.98046875,9814.080078125,12641.4404296875,0.9039999842643738,1676.199951171875,24.520000457763672,73.49507141113281,68.63961791992188,14083774891284.25,124616569.9185068,567136.5,318032.5,53.0
2020-06-06,9653.6796875,,,,,,,,,,13732352106018.0,133797229.464477,527331.75,317780.0,54.0
2020-06-07,9758.8525390625,,,,,,,,,,13732352106018.0,128336118.0577635,487527.0,317527.5,54.0
2020-06-08,9771.4892578125,298.7905578613281,27572.439453125,9924.75,12836.599609375,0.8840000033378601,1698.300048828125,25.809999465942383,75.4325942993164,70.34162902832031,13732352106018.0,122875006.65105,534095.25,317275.0,53.0
2020-06-09,9795.7001953125,296.5625305175781,27272.30078125,9953.75,12619.51953125,0.8289999961853027,1714.699951171875,27.56999969482422,74.21621704101562,69.17454528808594,13732352106018.0,117413895.2443365,580663.5,317524.75,52.0
2020-06-10,9870.0947265625,294.9077453613281,26989.990234375,10020.349609375,12449.2197265625,0.7480000257492065,1713.300048828125,27.56999969482422,72.3221435546875,67.41580200195312,13732352106018.0,111952783.837623,627231.75,317774.5,54.0
2020-06-11,9321.78125,277.90655517578125,25128.169921875,9492.73046875,11659.169921875,0.652999997138977,1732.0,40.790000915527344,67.75204467773438,63.08782958984375,13732352106018.0,112976742.22638175,673800.0,318024.25,52.0
2020-06-12,9480.84375,281.23480224609375,25605.5390625,9588.8095703125,11867.169921875,0.6990000009536743,1729.300048828125,36.09000015258789,70.17611694335938,65.34908294677734,13732352106018.0,114000700.6151405,657028.25,318274.0,38.0
2020-06-13,9475.27734375,,,,,,,,,,13732352106018.0,115024659.00389925,640256.5,323834.75,38.0
2020-06-14,9386.7880859375,,,,,,,,,,13732352106018.0,116048617.392658,623484.75,329395.5,40.0
2020-06-15,9450.7021484375,283.86016845703125,25763.16015625,9726.01953125,11942.91015625,0.7020000219345093,1720.300048828125,34.400001525878906,70.98339080810547,66.27302551269531,14245450155882.75,111361043.8037542,606713.0,334956.25,37.0
2020-06-16,9538.0244140625,289.3238830566406,26289.98046875,9895.8701171875,12161.4697265625,0.7559999823570251,1729.5999755859375,33.66999816894531,72.38276672363281,67.57789611816406,14758548205747.5,106673470.2148504,623547.25,340517.0,39.0
2020-06-17,9480.2548828125,288.1220703125,26119.609375,9910.5302734375,12086.490234375,0.7329999804496765,1729.199951171875,33.470001220703125,71.4031982421875,66.59722137451172,15271646255612.25,101985896.6259466,640381.5,326418.5,38.0
2020-06-18,9411.8408203125,288.2330322265625,26080.099609375,9943.0498046875,12072.58984375,0.6940000057220459,1724.800048828125,32.939998626708984,70.64228820800781,65.86779022216797,15784744305477.0,97298323.0370428,657215.75,312320.0,40.0
2020-06-19,9288.0185546875,286.5857849121094,25871.4609375,9946.1201171875,11980.1201171875,0.6970000267028809,1745.9000244140625,35.119998931884766,69.75017547607422,64.91141510009766,15784744305477.0,101025476.54047784,674050.0,298221.5,39.0
2020-06-20,9332.3408203125,,,,,,,,,,15784744305477.0,104752630.04391289,681591.25,284123.0,38.0
2020-06-21,9303.6298828125,,,,,,,,,,15784744305477.0,108479783.54734795,689132.5,291172.5,37.0
2020-06-22,9648.7177734375,288.4243469238281,26024.9609375,10056.48046875,12028.91015625,0.7039999961853027,1756.699951171875,31.770000457763672,69.61896514892578,64.84658813476562,15784744305477.0,112206937.050783,696673.75,298222.0,38.0
2020-06-23,9629.658203125,289.7520751953125,26156.099609375,10131.3701171875,12077.740234375,0.7089999914169312,1772.0999755859375,31.3700008392334,69.4090805053711,64.57913208007812,15784744305477.0,116326422.50194824,704215.0,305271.5,41.0
2020-06-24,9313.6103515625,282.3608703613281,25445.939453125,9909.169921875,11726.5400390625,0.6840000152587891,1765.800048828125,33.84000015258789,67.42372131347656,62.739349365234375,15784744305477.0,120445907.9531135,664800.75,312321.0,50.0
2020-06-25,9264.8134765625,285.3879089355469,25745.599609375,10017.0,11865.1103515625,0.6740000247955322,1762.0999755859375,32.220001220703125,68.25460815429688,63.540645599365234,15784744305477.0,124565393.40427876,625386.5,300468.0,43.0
2020-06-26,9162.91796875,278.6095275878906,25015.55078125,9757.2197265625,11604.4296875,0.6359999775886536,1772.5,34.72999954223633,66.89896392822266,62.32108688354492,15784744305477.0,128684878.855444,585972.25,288615.0,40.0
2020-06-27,9045.390625,,,,,,,,,,15784712950763.375,125349828.17800225,546558.0,276762.0,43.0
2020-06-28,9143.58203125,,,,,,,,,,15784681596049.75,122014777.50056049,599535.75,264909.0,40.0
2020-06-29,9190.8544921875,282.70440673828125,25595.80078125,9874.150390625,11777.080078125,0.6359999775886536,1774.800048828125,31.780000686645508,68.14962768554688,63.52427673339844,15784650241336.125,118679726.82311875,652513.5,283549.0,41.0
2020-06-30,9137.9931640625,286.3258056640625,25812.880859375,10058.76953125,11893.7802734375,0.652999997138977,1793.0,30.43000030517578,68.92804718017578,64.27729034423828,15784618886622.5,115344676.145677,705491.25,302189.0,44.0
2020-07-01,9228.3251953125,288.3314208984375,25734.970703125,10154.6298828125,11901.5498046875,0.6819999814033508,1773.199951171875,28.6200008392334,70.47611236572266,65.75879669189453,15784518551538.875,117305537.231417,758469.0,320829.0,42.0
2020-07-02,9123.41015625,289.9192810058594,25827.359375,10207.6298828125,11991.51953125,0.6690000295639038,1784.0,27.68000030517578,70.2574462890625,65.570556640625,15784418216455.25,119266398.317157,696153.25,339469.0,42.0
2020-07-03,9087.3037109375,,,,,,,,,,15784317881371.625,121227259.402897,633837.5,339293.5,41.0
2020-07-04,9132.48828125,,,,,,,,,,15784217546288.0,123188120.488637,571521.75,339118.0,40.0
2020-07-05,9073.9423828125,,,,,,,,,,15784217546288.0,122011163.923459,509206.0,338942.5,38.0
2020-07-06,9375.474609375,294.39483642578125,26287.029296875,10433.650390625,12160.009765625,0.6840000152587891,1788.5,27.940000534057617,70.26620483398438,65.53780364990234,15784217546288.0,120834207.358281,558945.0,338767.0,40.0
2020-07-07,9252.27734375,291.3585205078125,25890.1796875,10343.8896484375,11990.1396484375,0.6499999761581421,1804.199951171875,29.43000030517578,68.92804718017578,64.23637390136719,15784217546288.0,119657250.79310301,608684.0,340574.25,43.0
2020-07-08,9428.3330078125,293.5870361328125,26067.279296875,10492.5,12086.3896484375,0.652999997138977,1815.5,28.079999923706055,68.8580551147461,64.14633178710938,15784217546288.0,118480294.227925,658423.0,342381.5,44.0
2020-07-09,9277.9677734375,291.91558837890625,25706.08984375,10547.75,11928.6298828125,0.6050000190734863,1799.199951171875,29.260000228881836,68.47325134277344,63.745269775390625,15784217546288.0,118676453.65545475,708162.0,344188.75,44.0
2020-07-10,9278.8076171875,294.89630126953125,26075.30078125,10617.4404296875,12075.580078125,0.6330000162124634,1798.199951171875,27.290000915527344,68.66564178466797,63.94170379638672,15784217546288.0,118872613.0829845,690848.0,345996.0,41.0
2020-07-11,9240.3466796875,,,,,,,,,,15784217546288.0,119068772.51051424,673534.0,349458.75,44.0
2020-07-12,9276.5,,,,,,,,,,15784217546288.0,119264931.938044,656220.0,352921.5,41.0
2020-07-13,9243.6142578125,292.3428039550781,26085.80078125,10390.83984375,12014.669921875,0.6399999856948853,1811.0,32.189998626708984,67.81729888916016,63.18049621582031,16174650377845.0,118765939.9983075,638906.0,356384.25,43.0
2020-07-14,9243.2138671875,296.1312255859375,26642.58984375,10488.580078125,12014.669921875,0.6150000095367432,1810.5999755859375,29.520000457763672,68.33331298828125,63.7125129699707,16565083209402.0,118266948.058571,636579.5,359847.0,43.0
2020-07-15,9192.8369140625,298.85186767578125,26870.099609375,10550.490234375,12391.3203125,0.6299999952316284,1811.4000244140625,27.760000228881836,69.041748046875,64.33460235595703,16955516040959.0,117767956.1188345,634253.0,347640.75,44.0
2020-07-16,9132.2275390625,297.86761474609375,26734.7109375,10473.830078125,12350.1103515625,0.6119999885559082,1798.699951171875,28.0,68.2895736694336,63.565208435058594,17345948872516.0,117268964.179098,631926.5,335434.5,43.0
2020-07-17,9151.392578125,298.731201171875,26671.94921875,10503.1904296875,12402.740234375,0.628000020980835,1808.300048828125,25.68000030517578,69.14668273925781,64.39189910888672,17345948872516.0,118346803.923391,629600.0,323228.25,41.0
2020-07-18,9159.0400390625,,,,,,,,,,17345948872516.0,119424643.66768399,637421.0,311022.0,44.0
2020-07-19,9185.8173828125,,,,,,,,,,17345948872516.0,120502483.411977,645242.0,324464.5,41.0
2020-07-20,9164.2314453125,301.1453552246094,26680.869140625,10767.08984375,12392.98046875,0.6200000047683716,1815.9000244140625,24.459999084472656,68.32456970214844,63.62248611450195,17345948872516.0,121580323.15627,653063.0,337907.0,44.0
2020-07-21,9374.8876953125,301.7859191894531,26840.400390625,10680.3603515625,12508.6796875,0.6069999933242798,1842.4000244140625,24.84000015258789,68.49948120117188,63.778011322021484,17345948872516.0,125891682.13344274,660884.0,351349.5,44.0
2020-07-22,9525.36328125,303.50390625,27005.83984375,10706.1298828125,12569.0703125,0.5950000286102295,1864.0999755859375,24.31999969482422,69.54902648925781,64.75203704833984,17345948872516.0,130203041.11061549,650537.25,364792.0,50.0
2020-07-23,9581.072265625,299.8824768066406,26652.330078125,10461.419921875,12510.8701171875,0.5820000171661377,1889.0999755859375,26.079999923706055,69.1904296875,64.48194122314453,17345948872516.0,134514400.08778822,640190.5,348239.0,55.0
2020-07-24,9536.892578125,297.9511413574219,26469.890625,10363.1796875,12461.7802734375,0.5889999866485596,1897.300048828125,25.84000015258789,68.66564178466797,64.0072021484375,17345948872516.0,138825759.064961,629843.75,331686.0,53.0
2020-07-25,9677.11328125,,,,,,,,,,17221352057274.5,134478579.39752874,619497.0,315133.0,55.0
2020-07-26,9905.1669921875,,,,,,,,,,17096755242033.0,130131399.73009649,644083.25,298580.0,55.0
2020-07-27,10990.873046875,300.1238708496094,26584.76953125,10536.26953125,12553.1298828125,0.609000027179718,1931.0,24.739999771118164,69.46156311035156,64.6128921508789,16972158426791.5,125784220.06266426,668669.5,305882.25,58.0
2020-07-28,10912.8232421875,298.220458984375,26379.279296875,10402.08984375,12491.2197265625,0.5809999704360962,1944.699951171875,25.440000534057617,70.70350646972656,65.89795684814453,16847561611550.0,121437040.395232,693255.75,313184.5,76.0
2020-07-29,11100.4677734375,301.88818359375,26539.5703125,10542.9404296875,12669.6201171875,0.5789999961853027,1953.5,24.100000381469727,72.28655242919922,67.1748046875,16847561611550.0,119762046.73460826,717842.0,320486.75,71.0
2020-07-30,11111.2138671875,300.81103515625,26313.650390625,10587.8095703125,12533.2802734375,0.5410000085830688,1942.300048828125,24.760000228881836,71.91921997070312,66.7409896850586,16847561611550.0,118087053.0739845,692435.0,327789.0,76.0
2020-07-31,11323.466796875,303.1880798339844,26428.3203125,10745.26953125,12465.0498046875,0.5360000133514404,1962.800048828125,24.459999084472656,71.77051544189453,66.61824035644531,16847561611550.0,116412059.41336074,667028.0,329280.0,75.0
2020-08-01,11759.5927734375,,,,,,,,,,16847561611550.0,114737065.752737,641621.0,330771.0,75.0
2020-08-02,11053.6142578125,,,,,,,,,,16847561611550.0,113062072.092113,616214.0,332262.0,80.0
2020-08-03,11246.3486328125,305.2959899902344,26664.400390625,10902.7998046875,12536.8095703125,0.5630000233650208,1966.0,24.280000686645508,70.8346939086914,65.7342529296875,16847561611550.0,111387078.43148899,652780.25,333753.0,75.0
2020-08-04,11205.892578125,306.4751892089844,26828.470703125,10941.169921875,12612.1103515625,0.5149999856948853,2001.199951171875,23.760000228881836,71.72679901123047,66.71646118164062,16847561611550.0,109712084.770865,689346.5,331939.5,72.0
2020-08-05,11747.0224609375,308.3786315917969,27201.51953125,10998.400390625,12731.5498046875,0.5429999828338623,2031.0999755859375,22.989999771118164,71.4556655883789,66.38086700439453,16847561611550.0,108037091.110241,725912.75,330126.0,75.0
2020-08-06,11779.7734375,310.4399719238281,27386.98046875,11108.0703125,12729.169921875,0.5360000133514404,2051.5,22.649999618530273,71.46443176269531,66.4872817993164,16847561611550.0,113690194.71484675,762479.0,328312.5,79.0
2020-08-07,11601.47265625,310.66290283203125,27433.48046875,11010.98046875,12765.83984375,0.5619999766349792,2010.0999755859375,22.209999084472656,72.43522644042969,67.43675231933594,16847561611550.0,119343298.3194525,742736.0,326499.0,77.0
2020-08-08,11754.0458984375,,,,,,,,,,16847561611550.0,124996401.92405824,722993.0,332362.25,77.0
2020-08-09,11675.7392578125,,,,,,,,,,16847561611550.0,130649505.528664,703250.0,338225.5,79.0
2020-08-10,11878.111328125,311.59149169921875,27791.439453125,10968.3603515625,12844.01953125,0.5740000009536743,2024.4000244140625,22.1299991607666,72.61014556884766,67.54313659667969,16872621792149.25,128948262.66564174,683507.0,344088.75,78.0
2020-08-11,11410.525390625,309.0194091796875,27686.91015625,10782.8203125,12849.4296875,0.6579999923706055,1932.5999755859375,24.030000686645508,71.56063079833984,66.5691146850586,16897681972748.5,127247019.80261949,701608.5,349952.0,84.0
2020-08-12,11584.9345703125,313.32769775390625,27976.83984375,11012.240234375,12974.830078125,0.6700000166893005,1934.9000244140625,22.280000686645508,72.25154113769531,67.24031066894531,16922742153347.75,125545776.93959725,719710.0,340904.0,75.0
2020-08-13,11784.1376953125,312.76141357421875,27896.720703125,11042.5,12919.150390625,0.7160000205039978,1956.699951171875,22.1299991607666,71.42943572998047,66.41361999511719,16947802333947.0,123844534.076575,737811.5,331856.0,75.0
2020-08-14,11768.87109375,312.7706298828125,27931.01953125,11019.2998046875,12902.5,0.7089999914169312,1937.0,22.049999237060547,71.43818664550781,66.42178344726562,16947802333947.0,119210895.046499,755913.0,322808.0,78.0
2020-08-15,11865.6982421875,,,,,,,,,,16947802333947.0,114577256.01642299,751893.5,313760.0,79.0
2020-08-16,11892.8037109375,,,,,,,,,,16947802333947.0,109943616.98634699,747874.0,318789.75,82.0
2020-08-17,12254.40234375,313.76422119140625,27844.91015625,11129.73046875,12936.1103515625,0.6830000281333923,1985.0,21.350000381469727,71.99791717529297,66.96200561523438,16947802333947.0,105309977.956271,743854.5,323819.5,83.0
2020-08-18,11991.2333984375,314.4420471191406,27778.0703125,11210.83984375,12910.330078125,0.6690000295639038,1999.4000244140625,21.510000228881836,71.65682983398438,66.64278411865234,16947802333947.0,111628576.6336474,739835.0,328849.25,82.0
2020-08-19,11758.283203125,313.1327819824219,27692.880859375,11146.4599609375,12859.8798828125,0.675000011920929,1958.699951171875,22.540000915527344,70.37113952636719,65.47232818603516,16947802333947.0,117947175.3110238,717139.5,333879.0,80.0
2020-08-20,11878.3720703125,314.1077880859375,27739.73046875,11264.9501953125,12812.8603515625,0.6439999938011169,1933.800048828125,22.719999313354492,71.00960540771484,66.09439086914062,16947802333947.0,124265773.9884002,694444.0,322591.25,75.0
2020-08-21,11592.4892578125,315.2220153808594,27930.330078125,11311.7998046875,12809.0703125,0.6399999856948853,1934.5999755859375,22.540000915527344,71.11457824707031,66.20079803466797,16947802333947.0,130584372.66577661,671748.5,311303.5,81.0
2020-08-22,11681.8251953125,,,,,,,,,,17100350009252.0,125868281.6731984,649053.0,300015.75,78.0
2020-08-23,11664.84765625,,,,,,,,,,17252897684557.0,121152190.6806202,661016.75,288728.0,76.0
2020-08-24,11774.595703125,318.4162292480469,28308.4609375,11379.7197265625,12972.8798828125,0.6460000276565552,1927.699951171875,22.3700008392334,71.67432403564453,66.62640380859375,17405445359862.0,116436099.68804197,672980.5,298585.25,78.0
2020-08-25,11366.134765625,319.5304260253906,28248.439453125,11466.4697265625,13001.990234375,0.6819999814033508,1911.800048828125,22.030000686645508,71.84923553466797,66.79830169677734,17557993035167.0,111720008.69546376,684944.25,308442.5,75.0
2020-08-26,11488.36328125,322.7340393066406,28331.919921875,11665.0595703125,13042.5400390625,0.6869999766349792,1940.699951171875,23.270000457763672,71.17579650878906,66.1844253540039,17557993035167.0,115647665.25116366,696908.0,318299.75,76.0
2020-08-27,11323.3974609375,323.4396667480469,28492.26953125,11625.33984375,13068.8095703125,0.7459999918937683,1921.5999755859375,24.469999313354492,72.19033813476562,67.15845489501953,17557993035167.0,119575321.80686356,661450.75,328157.0,75.0
2020-08-28,11542.5,325.5287780761719,28653.869140625,11695.6298828125,13170.9599609375,0.7289999723434448,1964.5999755859375,22.959999084472656,72.6363754272461,67.60042572021484,17557993035167.0,123502978.36256346,625993.5,321847.75,74.0
2020-08-29,11506.865234375,,,,,,,,,,17557993035167.0,127430634.91826336,590536.25,315538.5,79.0
2020-08-30,11711.505859375,,,,,,,,,,17557993035167.0,126994228.63429672,555079.0,309229.25,75.0
2020-08-31,11680.8203125,324.34967041015625,28430.05078125,11775.4599609375,13045.599609375,0.6930000185966492,1967.5999755859375,26.40999984741211,71.93671417236328,66.91289520263672,17557993035167.0,126557822.35033005,589207.25,302920.0,75.0
2020-09-01,11970.478515625,327.404541015625,28645.66015625,11939.669921875,13113.740234375,0.671999990940094,1968.199951171875,26.1200008392334,72.0154037475586,66.96200561523438,17557993035167.0,126121416.0663634,623335.5,301761.5,75.0
2020-09-02,11414.0341796875,332.14013671875,29100.5,12056.4404296875,13276.740234375,0.6510000228881836,1934.4000244140625,26.56999969482422,73.32733917236328,68.20613098144531,17557993035167.0,125685009.78239675,657463.75,300603.0,83.0
2020-09-03,10245.296875,320.7098083496094,28292.73046875,11458.099609375,12966.1396484375,0.621999979019165,1927.5999755859375,33.599998474121094,72.41773986816406,67.38762664794922,17557993035167.0,126994228.63429672,691592.0,299444.5,79.0
2020-09-04,10511.8134765625,318.09124755859375,28133.310546875,11313.1298828125,12966.1396484375,0.7210000157356262,1923.9000244140625,30.75,72.08538055419922,67.03567504882812,17557993035167.0,128303447.48619667,686874.25,298286.0,40.0
2020-09-05,10169.5673828125,,,,,,,,,,17557993035167.0,129612666.33809663,682156.5,306881.5,41.0
2020-09-06,10280.3515625,,,,,,,,,,17557993035167.0,130921885.1899966,677438.75,315477.0,41.0
2020-09-07,10369.5634765625,,,,,,,,,,17504994227857.5,132251245.89564139,672721.0,324072.5,41.0
2020-09-08,10131.5166015625,309.40008544921875,27500.890625,10847.6904296875,12688.0703125,0.6840000152587891,1933.0,31.459999084472656,71.1845474243164,66.2171630859375,17451995420548.0,133580606.60128616,673844.5,332668.0,41.0
2020-09-09,10242.34765625,315.5098876953125,27940.470703125,11141.5595703125,12885.7998046875,0.703000009059906,1944.699951171875,28.809999465942383,71.83174896240234,66.87195587158203,17398996613238.5,134909967.30693093,674968.0,324539.0,38.0
2020-09-10,10363.138671875,310.03155517578125,27534.580078125,10919.58984375,12706.6904296875,0.6850000023841858,1954.199951171875,29.709999084472656,70.86968231201172,66.053466796875,17345997805929.0,136239328.01257572,676091.5,316410.0,38.0
2020-09-11,10400.9150390625,310.1893615722656,27665.640625,10853.5498046875,12773.0400390625,0.6690000295639038,1937.800048828125,26.8700008392334,70.47611236572266,65.68513488769531,17345997805929.0,140119562.03825036,677215.0,308281.0,41.0
2020-09-12,10442.1708984375,,,,,,,,,,17345997805929.0,143999796.06392497,687608.0,300152.0,41.0
2020-09-13,10323.755859375,,,,,,,,,,17345997805929.0,147880030.0895996,698001.0,310766.25,38.0
2020-09-14,10680.837890625,314.27496337890625,27993.330078125,11056.650390625,12932.6904296875,0.6710000038146973,1953.0999755859375,25.850000381469727,72.3652572631836,67.28939056396484,17345997805929.0,151760264.11527425,708394.0,321380.5,39.0
2020-09-15,10796.951171875,315.86273193359375,27995.599609375,11190.3203125,12967.1796875,0.6790000200271606,1956.300048828125,25.59000015258789,73.20490264892578,68.0997314453125,17345997805929.0,149389009.9884731,718787.0,331994.75,47.0
2020-09-16,10974.9052734375,314.6092224121094,28032.380859375,11050.4697265625,12997.8603515625,0.6869999766349792,1960.199951171875,26.040000915527344,73.59848022460938,68.45986938476562,17345997805929.0,147017755.86167192,695121.5,342609.0,43.0
2020-09-17,10948.990234375,311.8421630859375,27901.98046875,10910.2802734375,12948.4501953125,0.6840000152587891,1940.0,26.459999084472656,72.21658325195312,67.1257095336914,17345997805929.0,144646501.73487076,671456.0,321730.5,48.0
2020-09-18,10944.5859375,308.25201416015625,27657.419921875,10793.2802734375,12833.5703125,0.6940000057220459,1952.0999755859375,25.829999923706055,70.65977478027344,65.61146545410156,17345997805929.0,142275247.6080696,647790.5,300852.0,49.0
2020-09-19,11094.3466796875,,,,,,,,,,17838162455471.0,137670846.78530708,624125.0,279973.5,48.0
2020-09-20,10938.271484375,,,,,,,,,,18330327105013.0,133066445.96254459,651491.5,259095.0,52.0
2020-09-21,10462.259765625,304.8212585449219,27147.69921875,10778.7998046875,12833.5703125,0.6710000038146973,1901.199951171875,27.780000686645508,68.69188690185547,63.63886260986328,18822491754555.0,128462045.13978207,678858.0,273459.25,48.0
2020-09-22,10538.4599609375,307.9257507324219,27288.1796875,10963.6396484375,12602.5400390625,0.6639999747276306,1898.5999755859375,26.860000610351562,69.49655151367188,64.40007781982422,19314656404097.0,123857644.31701957,706224.5,287823.5,39.0
2020-09-23,10246.1865234375,300.7846374511719,26763.130859375,10632.990234375,12359.16015625,0.6759999990463257,1859.9000244140625,28.579999923706055,67.49827575683594,62.46022415161133,19314656404097.0,128898362.39968897,733591.0,302187.75,43.0
2020-09-24,10760.06640625,301.5863342285156,26815.439453125,10672.26953125,12365.5400390625,0.6660000085830688,1868.300048828125,28.510000228881836,67.79742431640625,62.795799255371094,19314656404097.0,133939080.48235837,684848.0,316552.0,39.0
2020-09-25,10692.716796875,306.4620361328125,27173.9609375,10913.5595703125,12485.3798828125,0.6589999794960022,1857.699951171875,26.3799991607666,69.17007446289062,64.0908203125,19314656404097.0,138979798.56502777,636105.0,311283.0,46.0
2020-09-26,10750.7236328125,,,,,,,,,,19314656404097.0,144020516.64769718,587362.0,306014.0,45.0
2020-09-27,10775.26953125,,,,,,,,,,19314656404097.0,145460721.81417418,538619.0,300745.0,47.0
2020-09-28,10709.65234375,311.55218505859375,27584.060546875,11117.5302734375,12677.5400390625,0.6629999876022339,1872.800048828125,26.190000534057617,70.55155944824219,65.40231323242188,19314656404097.0,146900926.98065114,573948.5,295476.0,43.0
2020-09-29,10844.640625,309.85546875,27452.66015625,11085.25,12602.6396484375,0.6449999809265137,1894.300048828125,26.270000457763672,70.02360534667969,64.93216705322266,19314656404097.0,148341132.1471281,609278.0,300467.75,45.0
2020-09-30,10784.4912109375,312.2048034667969,27781.69921875,11167.509765625,12701.8896484375,0.6769999861717224,1887.5,26.3700008392334,70.25239562988281,65.13013458251953,19314656404097.0,149781337.3136051,644607.5,305459.5,49.0
2020-10-01,10619.4521484375,314.20916748046875,27816.900390625,11326.509765625,12726.83984375,0.6769999861717224,1908.4000244140625,26.700000762939453,71.60745239257812,66.43338775634766,19311169527559.15,150234018.99791858,679937.0,310451.25,45.0
2020-10-02,10575.974609375,311.2259826660156,27682.810546875,11075.01953125,12749.7900390625,0.6959999799728394,1900.199951171875,27.6299991607666,72.7513427734375,67.5799331665039,19307682651021.297,150686700.68223205,668727.0,315443.0,41.0
2020-10-03,10549.3291015625,,,,,,,,,,19304195774483.445,151139382.36654553,657517.0,316062.75,40.0
2020-10-04,10669.5830078125,,,,,,,,,,19300708897945.594,151592064.050859,646307.0,316682.5,42.0
2020-10-05,10793.33984375,316.74493408203125,28148.640625,11332.490234375,12949.650390625,0.7620000243186951,1912.5,27.959999084472656,73.1561050415039,67.96759796142578,19300053470024.945,152546229.29143625,635097.0,317302.25,42.0
2020-10-06,10604.40625,312.2420349121094,27772.759765625,11154.599609375,12837.8798828125,0.7419999837875366,1901.0999755859375,29.479999542236328,72.69854736328125,67.52220153808594,19299398042104.297,153500394.53201348,654984.0,317922.0,47.0
2020-10-07,10668.96875,317.67718505859375,28303.4609375,11364.599609375,13042.330078125,0.7850000262260437,1883.5999755859375,28.059999465942383,72.77774810791016,67.62118530273438,19298742614183.65,154454559.77259073,674871.0,313063.0,43.0
2020-10-08,10915.685546875,320.49261474609375,28425.509765625,11420.98046875,13190.580078125,0.7649999856948853,1888.5999755859375,26.360000610351562,73.92163848876953,68.75121307373047,19298087186263.0,155408725.01316798,694758.0,308204.0,46.0
2020-10-09,11064.4580078125,323.3546447753906,28586.900390625,11579.9404296875,13252.6201171875,0.7749999761581421,1919.5,25.0,73.6048583984375,68.4790267944336,19298087186263.0,152290957.38173097,714645.0,303345.0,48.0
2020-10-10,11296.361328125,,,,,,,,,,19298087186263.0,149173189.75029394,719046.25,298486.0,53.0
2020-10-11,11384.181640625,,,,,,,,,,19298087186263.0,146055422.1188569,723447.5,302499.75,55.0
2020-10-12,11555.36328125,328.55670166015625,28837.51953125,11876.259765625,13324.8701171875,0.7770000100135803,1922.5,25.06999969482422,74.04483032226562,68.80071258544922,19298087186263.0,142937654.4874199,727848.75,306513.5,52.0
2020-10-13,11425.8994140625,326.4123840332031,28679.810546875,11863.900390625,13211.9501953125,0.7269999980926514,1888.5,26.06999969482422,72.85693359375,67.62118530273438,19298087186263.0,144376624.16346776,732250.0,310527.25,56.0
2020-10-14,11429.5068359375,324.3614807128906,28514.0,11768.73046875,13143.16015625,0.722000002861023,1901.300048828125,26.399999618530273,72.00342559814453,66.79632568359375,19298087186263.0,145815593.8395156,695872.75,314541.0,53.0
2020-10-15,11495.349609375,323.9605407714844,28494.19921875,11713.8701171875,13137.25,0.7310000061988831,1903.199951171875,26.969999313354492,72.30259704589844,67.14275360107422,19298087186263.0,147254563.51556343,659495.5,293795.0,56.0
2020-10-16,11322.123046875,323.764892578125,28606.310546875,11671.5595703125,13169.3203125,0.7440000176429749,1900.800048828125,27.40999984741211,71.85383605957031,66.66434478759766,19298087186263.0,148693533.1916113,623118.25,273049.0,52.0
2020-10-17,11358.1015625,,,,,,,,,,19472899388308.75,147306776.603404,586741.0,252303.0,56.0
2020-10-18,11483.359375,,,,,,,,,,19647711590354.5,145920020.01519665,611843.75,231557.0,55.0
2020-10-19,11742.037109375,318.8424987792969,28195.419921875,11478.8798828125,13018.509765625,0.7609999775886536,1906.4000244140625,29.18000030517578,70.69233703613281,65.62504577636719,19822523792400.25,144533263.42698932,636946.5,258439.5,55.0
2020-10-20,11916.3349609375,320.11968994140625,28308.7890625,11516.490234375,13092.16015625,0.796999990940094,1910.4000244140625,29.350000381469727,71.22029113769531,66.09521484375,19997335994446.0,143146506.838782,662049.25,285322.0,56.0
2020-10-21,12823.689453125,319.5137939453125,28210.8203125,11484.6904296875,13040.1298828125,0.8159999847412109,1924.5999755859375,28.649999618530273,70.938720703125,65.89723205566406,19997335994446.0,145134652.76709843,687152.0,312204.5,61.0
2020-10-22,12965.8916015625,321.266357421875,28363.66015625,11506.009765625,13145.919921875,0.8479999899864197,1901.0999755859375,28.110000610351562,70.8507308959961,65.88898468017578,19997335994446.0,147122798.69541484,652209.0,339087.0,73.0
2020-10-23,12931.5390625,322.3571472167969,28335.5703125,11548.2802734375,13199.8603515625,0.8410000205039978,1902.0,27.549999237060547,71.28190612792969,66.28491973876953,19997335994446.0,149110944.62373126,617266.0,317438.75,74.0
2020-10-24,13108.0625,,,,,,,,,,19997335994446.0,151099090.55204767,582323.0,295790.5,73.0
2020-10-25,13031.173828125,,,,,,,,,,19997335994446.0,138176142.01799095,547380.0,274142.25,76.0
2020-10-26,13075.248046875,316.39996337890625,27685.380859375,11358.9404296875,12936.3896484375,0.8009999990463257,1902.699951171875,32.459999084472656,70.37557983398438,65.3363265991211,19997335994446.0,125253193.48393425,573729.5,252494.0,75.0
2020-10-27,13654.21875,315.30926513671875,27463.189453125,11431.349609375,12817.8701171875,0.777999997138977,1908.800048828125,33.349998474121094,69.33728790283203,64.28878021240234,19997335994446.0,112330244.94987755,600079.0,256461.5,61.0
2020-10-28,13271.28515625,304.5322265625,26519.94921875,11004.8701171875,12415.419921875,0.781000018119812,1876.199951171875,40.279998779296875,67.63904571533203,62.754573822021484,19997335994446.0,99407296.41582084,626428.5,260429.0,70.0
2020-10-29,13437.8828125,307.6274108886719,26659.109375,11185.58984375,12502.2900390625,0.8349999785423279,1865.5999755859375,37.59000015258789,68.66854095458984,63.595909118652344,19997335994446.0,105620252.44180964,652778.0,264396.5,67.0
2020-10-30,13546.5224609375,304.4204406738281,26501.599609375,10911.58984375,12429.330078125,0.8600000143051147,1877.4000244140625,38.02000045776367,68.20220184326172,63.17523956298828,19997335994446.0,111833208.46779844,625420.5,268364.0,74.0
2020-10-31,13780.9951171875,,,,,,,,,,19997335994446.0,118046164.49378726,598063.0,284191.25,73.0
2020-11-01,13737.109375,,,,,,,,,,19997335994446.0,124259120.51977606,570705.5,300018.5,72.0
2020-11-02,13550.4892578125,307.8325500488281,26925.05078125,10957.6103515625,12662.169921875,0.8489999771118164,1890.4000244140625,37.130001068115234,69.91802978515625,64.68470764160156,19194946898317.75,123863136.01013392,543348.0,315845.75,71.0
2020-11-03,13950.30078125,313.267578125,27480.029296875,11160.5703125,12877.4501953125,0.8820000290870667,1908.5,35.54999923706055,71.26428985595703,65.93022918701172,18392557802189.5,123467151.50049177,596543.25,331673.0,71.0
2020-11-04,14133.70703125,320.268798828125,27847.66015625,11590.7802734375,12978.9501953125,0.7680000066757202,1894.5999755859375,29.56999969482422,71.41387176513672,66.04571533203125,17590168706061.25,123071166.99084961,649738.5,316480.0,74.0
2020-11-05,15579.8486328125,326.5150451660156,28390.1796875,11890.9296875,13199.1201171875,0.7760000228881836,1945.300048828125,27.579999923706055,71.64263916015625,66.3591537475586,16787779609933.0,122675182.48120748,702933.75,301287.0,72.0
2020-11-06,15565.880859375,326.4403076171875,28323.400390625,11895.23046875,13218.669921875,0.8199999928474426,1950.300048828125,24.860000610351562,71.23789978027344,65.90547943115234,16787779609933.0,130603170.46468687,756129.0,286094.0,90.0
2020-11-07,14833.75390625,,,,,,,,,,16787779609933.0,138531158.44816628,738319.75,270901.0,88.0
2020-11-08,15479.5673828125,,,,,,,,,,16787779609933.0,146459146.43164566,720510.5,283745.0,82.0
2020-11-09,15332.3154296875,330.5423889160156,29157.970703125,11713.7802734375,13611.650390625,0.9580000042915344,1853.199951171875,25.75,73.2968978881836,68.23983001708984,16787779609933.0,154387134.41512507,702701.25,296589.0,90.0
2020-11-10,15290.90234375,330.0576171875,29420.919921875,11553.8603515625,13707.990234375,0.972000002861023,1875.4000244140625,24.799999237060547,74.11521911621094,69.23787689208984,16787779609933.0,144790096.32986054,684892.0,309433.0,90.0
2020-11-11,15701.33984375,332.50946044921875,29397.630859375,11786.4296875,13724.7802734375,0.9580000042915344,1860.699951171875,23.450000762939453,74.59036254882812,69.5018310546875,16787779609933.0,135193058.244596,667012.25,322277.0,86.0
2020-11-12,16276.34375,329.2837829589844,29080.169921875,11709.58984375,13551.4697265625,0.8849999904632568,1872.5999755859375,25.350000381469727,73.69285583496094,68.59451293945312,16787779609933.0,125596020.15933147,649132.5,304886.5,87.0
2020-11-13,16317.80859375,333.84259033203125,29479.810546875,11829.2900390625,13761.3203125,0.8930000066757202,1885.699951171875,23.100000381469727,75.61986541748047,70.4256591796875,16787779609933.0,115998982.07406694,631252.75,287496.0,89.0
2020-11-14,16068.138671875,,,,,,,,,,16990034972342.5,121332849.2731916,613373.0,270105.5,90.0
2020-11-15,15955.587890625,,,,,,,,,,17192290334752.0,126666716.47231627,661956.0,252715.0,86.0
2020-11-16,16716.111328125,338.00982666015625,29950.439453125,11924.1298828125,13982.1904296875,0.906000018119812,1887.300048828125,22.450000762939453,76.23580169677734,71.21752166748047,17394545697161.5,132000583.67144093,710539.0,267301.5,90.0
2020-11-17,17645.40625,336.19183349609375,29783.349609375,11899.33984375,13949.099609375,0.871999979019165,1884.5,22.709999084472656,76.29740142822266,71.28351593017578,17596801059571.0,137334450.8705656,759122.0,281888.0,86.0
2020-11-18,17804.005859375,332.1458740234375,29438.419921875,11801.599609375,13808.650390625,0.8820000290870667,1873.5,23.84000015258789,74.92472839355469,69.89775848388672,17596801059571.0,139958676.04643628,807705.0,296474.5,91.0
2020-11-19,17817.08984375,333.54425048828125,29483.23046875,11904.7099609375,13863.23046875,0.8539999723434448,1861.0999755859375,23.110000610351562,75.07431030273438,70.16995239257812,17596801059571.0,142582901.22230697,752588.0,311061.0,94.0
2020-11-20,18621.314453125,331.2601318359375,29263.48046875,11854.9697265625,13827.0,0.8289999961853027,1872.5999755859375,23.700000762939453,74.72235107421875,69.79053497314453,17596801059571.0,145207126.39817762,697471.0,307755.75,86.0
2020-11-21,18642.232421875,,,,,,,,,,17596801059571.0,147831351.5740483,642354.0,304450.5,91.0
2020-11-22,18370.001953125,,,,,,,,,,17596801059571.0,144769755.53553253,587237.0,301145.25,94.0
2020-11-23,18364.12109375,333.2459411621094,29591.26953125,11880.6298828125,13998.240234375,0.8569999933242798,1837.800048828125,22.65999984741211,74.6607666015625,69.92249298095703,17596801059571.0,141708159.49701673,624580.75,297840.0,90.0
2020-11-24,19107.46484375,338.61578369140625,30046.240234375,12036.7900390625,14249.5,0.8820000290870667,1804.800048828125,21.639999389648438,74.8719253540039,70.29369354248047,17596801059571.0,138646563.45850092,661924.5,303991.25,88.0
2020-11-25,18732.12109375,338.09368896484375,29872.470703125,12094.400390625,14191.580078125,0.878000020980835,1805.699951171875,21.25,74.93353271484375,70.3349380493164,17596801059571.0,135584967.41998515,699268.25,310142.5,94.0
2020-11-26,17150.623046875,,,,,,,,,,17737232889433.508,135538675.8824295,736612.0,316293.75,93.0
2020-11-27,17108.40234375,339.0353088378906,29910.369140625,12205.849609375,14198.5,0.8420000076293945,1781.9000244140625,20.84000015258789,74.70475006103516,70.02149200439453,17877664719296.02,135492384.34487385,708347.5,322445.0,86.0
2020-11-28,17717.4140625,,,,,,,,,,18018096549158.53,135446092.8073182,680083.0,336350.75,87.0
2020-11-29,18177.484375,,,,,,,,,,18158528379021.04,135399801.26976258,651818.5,350256.5,89.0
2020-11-30,19625.8359375,337.5343322753906,29638.640625,12198.740234375,14006.4599609375,0.843999981880188,1775.699951171875,20.56999969482422,74.0536117553711,69.28738403320312,18408184965443.28,138927913.52537024,623554.0,364162.25,88.0
2020-12-01,18802.998046875,341.2261047363281,29823.919921875,12355.1103515625,14146.6396484375,0.9340000152587891,1814.0999755859375,20.770000457763672,74.89834594726562,70.17821502685547,18657841551865.52,142456025.78097787,650161.5,378068.0,95.0
2020-12-02,19201.091796875,341.9439697265625,29883.7890625,12349.3701171875,14188.240234375,0.9480000138282776,1825.699951171875,21.170000076293945,74.22960662841797,69.62557220458984,18907498138287.758,145984138.0365855,676769.0,354200.75,92.0
2020-12-03,19445.3984375,341.8507080078125,29969.51953125,12377.1796875,14217.1796875,0.9200000166893005,1836.800048828125,21.280000686645508,74.78394317626953,70.21119689941406,19157154724710.0,149512250.29219317,703376.5,330333.5,92.0
2020-12-04,18699.765625,344.7967224121094,30218.259765625,12464.23046875,14417.330078125,0.968999981880188,1835.9000244140625,20.790000915527344,75.88382720947266,71.28351593017578,19157154724710.0,147845712.4704649,729984.0,306466.25,92.0
2020-12-05,19154.23046875,,,,,,,,,,19157154724710.0,146179174.64873663,731786.25,282599.0,93.0
2020-12-06,19345.12109375,,,,,,,,,,19157154724710.0,144512636.82700837,733588.5,292219.0,95.0
2020-12-07,19191.630859375,344.0880432128906,30069.7890625,12519.9501953125,14354.9697265625,0.9279999732971191,1861.800048828125,21.299999237060547,75.29429626464844,70.66486358642578,19157154724710.0,142846099.00528008,735390.75,301839.0,94.0
2020-12-08,18321.14453125,345.0949401855469,30173.880859375,12582.76953125,14402.169921875,0.9129999876022339,1870.800048828125,20.68000030517578,74.92472839355469,70.41741180419922,19157154724710.0,139989177.02517447,737193.0,311459.0,95.0
2020-12-09,18553.916015625,341.9998474121094,30068.810546875,12338.9501953125,14374.080078125,0.9409999847412109,1834.5999755859375,22.270000457763672,74.352783203125,69.9802474975586,19157154724710.0,137132255.0450689,716618.0,321079.0,86.0
2020-12-10,18264.9921875,341.887939453125,29999.259765625,12405.8095703125,14394.33984375,0.9079999923706055,1833.5999755859375,22.520000457763672,73.92163848876953,69.67506408691406,19157154724710.0,134275333.06496328,696043.0,309849.25,94.0
2020-12-11,18058.904296875,341.4870910644531,30046.369140625,12377.8701171875,14355.2900390625,0.8930000066757202,1839.800048828125,23.309999465942383,73.95684814453125,69.60906219482422,19157154724710.0,131418411.08485769,675468.0,298619.5,89.0
2020-12-12,18803.65625,,,,,,,,,,19035408183132.5,131047277.27104768,654893.0,287389.75,90.0
2020-12-13,19142.3828125,,,,,,,,,,18913661641555.0,130676143.45723766,678960.25,276160.0,91.0
2020-12-14,19246.64453125,339.9581604003906,29861.55078125,12440.0400390625,14214.9296875,0.8920000195503235,1828.699951171875,24.719999313354492,73.61209106445312,69.30386352539062,18791915099977.5,130305009.64342764,703027.5,284490.25,95.0
2020-12-15,19417.076171875,344.5542297363281,30199.310546875,12595.0595703125,14402.3203125,0.9229999780654907,1852.300048828125,22.889999389648438,75.03008270263672,70.72260284423828,18670168558400.0,129933875.82961763,727094.75,292820.5,91.0
2020-12-16,21310.59765625,345.0949401855469,30154.5390625,12658.1904296875,14408.9404296875,0.9200000166893005,1856.0999755859375,22.5,75.14527893066406,70.80509948730469,18670168558400.0,134110321.83842677,751162.0,301150.75,92.0
2020-12-17,22805.162109375,347.0247497558594,30303.369140625,12764.75,14516.73046875,0.9300000071525574,1887.199951171875,21.93000030517578,75.88086700439453,71.4897232055664,18670168558400.0,138286767.84723592,723075.5,309481.0,92.0
2020-12-18,23137.9609375,345.6390686035156,30179.05078125,12755.6396484375,14467.8203125,0.9480000138282776,1885.699951171875,21.56999969482422,74.51605987548828,70.05448150634766,18670168558400.0,142463213.85604504,694989.0,299569.25,95.0
2020-12-19,23869.83203125,,,,,,,,,,18670168558400.0,146639659.8648542,666902.5,289657.5,93.0
2020-12-20,23477.294921875,,,,,,,,,,18670168558400.0,145711560.7517855,638816.0,279745.75,92.0
2020-12-21,22803.08203125,344.4032897949219,30216.44921875,12742.51953125,14378.849609375,0.9409999847412109,1879.199951171875,25.15999984741211,74.0374755859375,69.65855407714844,18670168558400.0,144783461.63871682,638932.0,269834.0,92.0
2020-12-22,23783.029296875,343.8227844238281,30015.509765625,12807.919921875,14321.33984375,0.9179999828338623,1866.5999755859375,24.229999542236328,74.62239074707031,70.14522552490234,18670168558400.0,143855362.52564812,639048.0,278350.75,88.0
2020-12-23,23241.345703125,344.13177490234375,30129.830078125,12771.1103515625,14398.6201171875,0.9549999833106995,1874.699951171875,23.309999465942383,74.11724090576172,69.69153594970703,18670168558400.0,142927263.41257942,639164.0,286867.5,93.0
2020-12-24,23735.94921875,345.4706115722656,30199.869140625,12804.73046875,14382.5,0.9279999732971191,1879.9000244140625,21.530000686645508,74.70216369628906,70.30169677734375,18670168558400.0,141535114.74297637,639280.0,295384.25,86.0
2020-12-25,24664.791015625,,,,,,,,,,18670168558400.0,140142966.07337332,658728.25,303901.0,94.0
2020-12-26,26437.037109375,,,,,,,,,,18670168558400.0,138750817.4037703,678176.5,312003.5,93.0
2020-12-27,26272.294921875,,,,,,,,,,18670168558400.0,137358668.73416725,697624.75,320106.0,91.0
2020-12-28,27084.80859375,348.4384460449219,30403.970703125,12899.419921875,14405.76953125,0.9330000281333923,1877.199951171875,21.700000762939453,75.38456726074219,70.72076416015625,18652524680874.75,141389519.14606705,717073.0,328208.5,92.0
2020-12-29,27362.4375,347.77374267578125,30335.669921875,12850.2197265625,14397.919921875,0.9350000023841858,1879.699951171875,23.079999923706055,74.77307891845703,70.11730194091797,18634880803349.5,145420369.55796686,690240.0,336311.0,91.0
2020-12-30,28840.953125,348.2698974609375,30409.560546875,12870.0,14477.48046875,0.9259999990463257,1891.0,22.770000457763672,75.10984802246094,70.50286102294922,18617236925824.25,149451219.96986666,663407.0,326511.0,91.0
2020-12-31,29001.720703125,350.0393981933594,30606.48046875,12888.2802734375,14524.7998046875,0.9169999957084656,1893.0999755859375,22.75,75.90747833251953,71.18172454833984,18599593048299.0,153482070.38176647,636574.0,316711.0,95.0
2021-01-01,29374.15234375,,,,,,,,,,18599593048299.0,155100104.25627303,609741.0,306911.0,94.0
2021-01-02,32127.267578125,,,,,,,,,,18599593048299.0,156718138.13077962,668641.5,297111.0,94.0
2021-01-03,32782.0234375,,,,,,,,,,18599593048299.0,158336172.0052862,727542.0,322179.25,93.0
2021-01-04,31971.9140625,345.27398681640625,30223.890625,12698.4501953125,14376.7001953125,0.9169999957084656,1944.699951171875,26.969999313354492,73.32847595214844,68.86851501464844,18599593048299.0,159954205.87979275,786442.5,347247.5,94.0
2021-01-05,33992.4296875,347.6520080566406,30391.599609375,12818.9599609375,14536.5302734375,0.9549999833106995,1952.699951171875,25.34000015258789,73.31963348388672,68.9690933227539,18599593048299.0,154175513.4708407,845343.0,372315.75,93.0
2021-01-06,36824.36328125,349.73040771484375,30829.400390625,12740.7900390625,14788.83984375,1.0420000553131104,1906.9000244140625,25.06999969482422,73.2841567993164,69.08641815185547,18599593048299.0,148396821.06188864,824052.0,397384.0,95.0
2021-01-07,39371.04296875,354.92657470703125,31041.130859375,13067.48046875,14928.75,1.0709999799728394,1912.300048828125,22.3700008392334,73.27531433105469,68.95232391357422,18599593048299.0,142618128.6529366,802761.0,381004.25,91.0
2021-01-08,40797.609375,356.9488830566406,31097.970703125,13201.98046875,14966.830078125,1.1050000190734863,1834.0999755859375,21.559999465942383,73.98429870605469,69.6228256225586,18599593048299.0,136839436.24398455,781470.0,364624.5,93.0
2021-01-09,40254.546875,,,,,,,,,,19101549362320.75,140532389.03340736,760179.0,348244.75,93.0
2021-01-10,38356.44140625,,,,,,,,,,19603505676342.5,144225341.82283017,763283.25,331865.0,94.0
2021-01-11,35566.65625,354.5426940917969,31008.689453125,13036.4296875,14937.9599609375,1.1319999694824219,1849.5999755859375,24.079999923706055,72.93852233886719,68.7009048461914,20105461990364.25,147918294.61225298,766387.5,333601.0,90.0
2021-01-12,33922.9609375,354.61761474609375,31068.689453125,13072.4296875,15010.2900390625,1.1380000114440918,1842.9000244140625,23.329999923706055,72.91192626953125,68.86012268066406,20607418304386.0,151611247.4016758,769491.75,335337.0,84.0
2021-01-13,37316.359375,355.5726013183594,31060.470703125,13128.9501953125,14983.6103515625,1.0880000591278076,1853.5999755859375,22.209999084472656,73.80705261230469,69.6982650756836,20607418304386.0,151355147.32160538,772596.0,337073.0,78.0
2021-01-14,39187.328125,354.32733154296875,30991.51953125,13112.6396484375,15044.3798828125,1.128999948501587,1850.300048828125,23.25,74.12610626220703,70.10894775390625,20607418304386.0,151099047.24153498,740129.5,338809.0,83.0
2021-01-15,36825.3671875,351.7433166503906,30814.259765625,12998.5,14894.169921875,1.097000002861023,1829.300048828125,24.34000015258789,74.96803283691406,70.91352844238281,20607418304386.0,150842947.16146457,707663.0,332560.75,88.0
2021-01-16,36178.140625,,,,,,,,,,20607418304386.0,150586847.08139417,675196.5,326312.5,84.0
2021-01-17,35791.27734375,,,,,,,,,,20607418304386.0,149050246.60097176,642730.0,320064.25,79.0
2021-01-18,36630.07421875,,,,,,,,,,20607418304386.0,147513646.12054938,666194.5,313816.0,79.0
2021-01-19,36069.8046875,354.5052185058594,30930.51953125,13197.1796875,14987.33984375,1.0920000076293945,1839.5,23.239999771118164,74.76420593261719,70.71238708496094,20607418304386.0,145977045.640127,689659.0,317095.75,80.0
2021-01-20,35547.75,359.4111633300781,31188.380859375,13457.25,15097.2802734375,1.090000033378601,1865.9000244140625,21.579999923706055,76.27083587646484,72.06175231933594,20607418304386.0,144440445.1597046,713123.5,320375.5,78.0
2021-01-21,30825.69921875,359.7388000488281,31176.009765625,13530.91015625,15019.0498046875,1.1089999675750732,1865.300048828125,21.31999969482422,76.04041290283203,71.7181396484375,20661446515817.5,144301565.21670726,736588.0,323655.25,75.0
2021-01-22,33005.76171875,358.465576171875,30996.98046875,13543.0595703125,14951.83984375,1.090999960899353,1855.699951171875,21.90999984741211,76.19107818603516,71.88575744628906,20715474727249.0,144162685.2737099,735657.75,326935.0,40.0
2021-01-23,32067.642578125,,,,,,,,,,20769502938680.5,144023805.33071256,734727.5,329435.0,74.0
2021-01-24,32289.37890625,,,,,,,,,,20823531150112.0,143884925.38771522,733797.25,331935.0,70.0
2021-01-25,32366.392578125,359.8792724609375,30960.0,13635.990234375,14935.2900390625,1.0399999618530273,1854.9000244140625,23.190000534057617,76.75827026367188,72.43053436279297,20823531150112.0,145437640.4098848,732867.0,334435.0,74.0
2021-01-26,32569.849609375,359.3175048828125,30937.0390625,13626.0595703125,14867.3701171875,1.0399999618530273,1850.699951171875,23.020000457763672,77.31659698486328,72.94178771972656,20823531150112.0,146990355.4320544,771890.25,336935.0,71.0
2021-01-27,30432.546875,350.53564453125,30303.169921875,13270.599609375,14487.73046875,1.0140000581741333,1844.9000244140625,37.209999084472656,76.03154754638672,71.65107727050781,20823531150112.0,148543070.454224,810913.5,330779.5,78.0
2021-01-28,33466.09765625,353.5503234863281,30603.359375,13337.16015625,14669.51953125,1.0570000410079956,1837.9000244140625,30.209999084472656,76.35945129394531,72.03660583496094,20823531150112.0,150095785.47639358,849936.75,324624.0,55.0
2021-01-29,34316.38671875,346.47235107421875,29982.619140625,13070.6904296875,14397.2001953125,1.093000054359436,1847.300048828125,33.09000015258789,75.57955169677734,71.20686340332031,20823531150112.0,143626139.55068696,888960.0,318468.5,77.0
2021-01-30,34269.5234375,,,,,,,,,,20823531150112.0,137156493.62498033,883098.75,312313.0,76.0
2021-01-31,33114.359375,,,,,,,,,,20823531150112.0,130686847.69927372,877237.5,320341.0,78.0
2021-02-01,33537.17578125,352.23956298828125,30211.91015625,13403.3896484375,14596.1796875,1.0770000219345093,1860.800048828125,30.239999771118164,77.40523529052734,72.83283233642578,20823531150112.0,124217201.7735671,871376.25,328369.0,77.0
2021-02-02,35510.2890625,357.2203063964844,30687.48046875,13612.7802734375,14768.580078125,1.1050000190734863,1830.5,25.559999465942383,77.82176971435547,73.26866149902344,20823531150112.0,136897707.78795207,865515.0,336397.0,76.0
2021-02-03,37472.08984375,357.5012512207031,30723.599609375,13610.5400390625,14839.0595703125,1.13100004196167,1832.199951171875,22.90999984741211,77.60905456542969,73.08425903320312,20823531150112.0,149578213.80233702,847906.0,344425.0,78.0
2021-02-04,36926.06640625,361.5644836425781,31055.859375,13777.740234375,14975.4296875,1.1390000581741333,1788.9000244140625,21.770000457763672,78.05220031738281,73.58714294433594,20823531150112.0,162258719.81672198,830297.0,329909.75,80.0
2021-02-05,38144.30859375,362.987548828125,31148.240234375,13856.2998046875,15069.599609375,1.1699999570846558,1810.9000244140625,20.8700008392334,78.20285034179688,73.84696960449219,20823531150112.0,174939225.83110696,812688.0,315394.5,81.0
2021-02-06,39266.01171875,,,,,,,,,,20976247352921.25,169296387.66581202,795079.0,300879.25,84.0
2021-02-07,38903.44140625,,,,,,,,,,21128963555730.5,163653549.50051707,811665.75,286364.0,86.0
2021-02-08,46196.46484375,365.6090393066406,31385.759765625,13987.6396484375,15226.6103515625,1.159999966621399,1831.9000244140625,21.239999771118164,78.41556549072266,74.24925231933594,21281679758539.75,158010711.33522213,828252.5,290957.75,83.0
2021-02-09,46481.10546875,365.3655090332031,31375.830078125,14007.7001953125,15244.400390625,1.156999945640564,1835.300048828125,21.6299991607666,78.76119995117188,74.50907135009766,21434395961349.0,152367873.16992718,844839.25,295551.5,95.0
2021-02-10,44918.18359375,365.2063903808594,31437.80078125,13972.5302734375,15273.900390625,1.1330000162124634,1840.5999755859375,21.989999771118164,79.2663803100586,74.91136932373047,21434395961349.0,156097156.77898133,861426.0,300145.25,92.0
2021-02-11,47909.33203125,365.7962341308594,31430.69921875,14025.76953125,15297.08984375,1.1579999923706055,1824.9000244140625,21.25,79.24864196777344,75.07062530517578,21434395961349.0,159826440.38803548,820774.0,304739.0,93.0
2021-02-12,47504.8515625,367.6031799316406,31458.400390625,14095.4697265625,15369.599609375,1.2000000476837158,1821.5999755859375,19.969999313354492,79.35498809814453,75.08738708496094,21434395961349.0,163555723.99708965,780122.0,305678.25,92.0
2021-02-13,47105.515625,,,,,,,,,,21434395961349.0,167285007.6061438,739470.0,306617.5,92.0
2021-02-14,48717.2890625,,,,,,,,,,21434395961349.0,162223836.993856,698818.0,307556.75,95.0
2021-02-15,47945.05859375,,,,,,,,,,21434395961349.0,157162666.38156822,729164.25,308496.0,93.0
2021-02-16,49199.87109375,367.28485107421875,31522.75,14047.5,15423.01953125,1.2990000247955322,1797.199951171875,21.459999084472656,78.57508087158203,74.50907135009766,21434395961349.0,152101495.76928043,759510.5,316768.5,95.0
2021-02-17,52149.0078125,367.3691101074219,31613.01953125,13965.490234375,15402.58984375,1.3009999990463257,1771.0999755859375,21.5,78.46874237060547,74.41687774658203,21434395961349.0,147040325.15699264,789856.75,325041.0,95.0
2021-02-18,51679.796875,365.8056335449219,31493.33984375,13865.3603515625,15290.6396484375,1.2869999408721924,1773.4000244140625,22.489999771118164,78.25603485107422,74.09840393066406,21506830696023.5,148347163.13589483,820203.0,333313.5,91.0
2021-02-19,55888.1328125,365.15960693359375,31494.3203125,13874.4599609375,15362.6904296875,1.3450000286102295,1775.800048828125,22.049999237060547,78.61940002441406,74.52584075927734,21579265430698.0,149654001.11479706,805637.5,341586.0,93.0
2021-02-20,56099.51953125,,,,,,,,,,21651700165372.5,150960839.09369925,791072.0,328160.5,91.0
2021-02-21,57539.9453125,,,,,,,,,,21724134900047.0,152267677.07260144,776506.5,314735.0,91.0
2021-02-22,54207.3203125,362.3509216308594,31521.689453125,13533.0498046875,15340.4697265625,1.3700000047683716,1806.699951171875,23.450000762939453,79.08910369873047,75.14604187011719,21724134900047.0,156317349.33517063,761941.0,301309.5,94.0
2021-02-23,48824.42578125,362.791015625,31537.349609375,13465.2001953125,15359.1298828125,1.3619999885559082,1804.4000244140625,23.110000610351562,79.53221893310547,75.61540222167969,21724134900047.0,160367021.59773985,775725.0,287884.0,94.0
2021-02-24,49705.33203125,366.7886657714844,31961.859375,13597.9697265625,15539.419921875,1.3890000581741333,1796.4000244140625,21.34000015258789,79.9576416015625,76.1937026977539,21724134900047.0,164416693.86030906,789509.0,296109.0,76.0
2021-02-25,47093.8515625,357.9505920410156,31402.009765625,13119.4296875,15206.669921875,1.5180000066757202,1774.4000244140625,28.889999389648438,78.61054229736328,74.73536682128906,21724134900047.0,168466366.12287825,803293.0,304334.0,79.0
2021-02-26,46339.76171875,356.106201171875,30932.369140625,13192.349609375,15010.4697265625,1.4600000381469727,1728.0999755859375,27.950000762939453,77.41410064697266,73.64581298828125,21724134900047.0,161446934.20109165,817077.0,312559.0,55.0
2021-02-27,46188.453125,,,,,,,,,,21724134900047.0,154427502.27930504,815316.5,320784.0,56.0
2021-02-28,45137.76953125,,,,,,,,,,21724134900047.0,147408070.35751846,813556.0,323938.5,55.0
2021-03-01,49631.2421875,364.73822021484375,31535.509765625,13588.830078125,15327.76953125,1.4459999799728394,1722.5,23.350000381469727,77.60905456542969,73.97268676757812,21724134900047.0,140388638.43573186,811795.5,327093.0,38.0
2021-03-02,48378.98828125,361.89215087890625,31391.51953125,13358.7900390625,15277.01953125,1.4149999618530273,1733.0999755859375,24.100000381469727,76.97982025146484,73.26026916503906,21724134900047.0,145518223.30165282,810035.0,330247.5,78.0
2021-03-03,50538.2421875,357.0986633300781,31270.08984375,12997.75,15199.1904296875,1.4700000286102295,1715.300048828125,26.670000076293945,76.3062744140625,72.84120178222656,21724134900047.0,150647808.1675738,776856.75,333402.0,78.0
2021-03-04,48561.16796875,352.6795959472656,30924.140625,12723.4697265625,14959.41015625,1.5499999523162842,1700.199951171875,28.56999969482422,75.55296325683594,72.011474609375,21724134900047.0,155777393.03349477,743678.5,315236.25,84.0
2021-03-05,48927.3046875,359.1676940917969,31496.30078125,12920.150390625,15251.830078125,1.5540000200271606,1698.0,24.65999984741211,76.51011657714844,72.79930877685547,21724134900047.0,160906977.89941573,710500.25,297070.5,77.0
2021-03-06,48912.3828125,,,,,,,,,,21655170615300.25,157997221.89533365,677322.0,278904.75,77.0
2021-03-07,51206.69140625,,,,,,,,,,21586206330553.5,155087465.89125156,716288.0,260739.0,76.0
2021-03-08,52246.5234375,357.3795471191406,31802.439453125,12609.16015625,15288.3798828125,1.5959999561309814,1677.699951171875,25.469999313354492,77.1393814086914,73.42789459228516,21517242045806.75,152177709.88716945,755254.0,268365.5,81.0
2021-03-09,54824.1171875,362.4819641113281,31832.740234375,13073.8203125,15375.6298828125,1.5460000038146973,1716.5999755859375,24.030000686645508,77.62680053710938,73.91400909423828,21448277761060.0,149267953.88308737,794220.0,275992.0,81.0
2021-03-10,56008.55078125,364.73822021484375,32297.01953125,13068.830078125,15521.83984375,1.5199999809265137,1721.5,22.559999465942383,78.37125396728516,74.65154266357422,21448277761060.0,150067603.6360325,833186.0,283618.5,68.0
2021-03-11,57805.12109375,368.4364013671875,32485.58984375,13398.669921875,15648.0,1.5269999504089355,1722.300048828125,21.90999984741211,79.21318817138672,75.52320098876953,21448277761060.0,150867253.38897762,808891.5,291245.0,73.0
2021-03-12,57332.08984375,368.9326171875,32778.640625,13319.8603515625,15715.2099609375,1.6349999904632568,1719.5,20.690000534057617,80.53372192382812,76.78877258300781,21448277761060.0,151666903.14192274,784597.0,291491.5,70.0
2021-03-13,61243.0859375,,,,,,,,,,21448277761060.0,152466552.89486787,760302.5,291738.0,74.0
2021-03-14,59302.31640625,,,,,,,,,,21448277761060.0,150600703.47132927,736008.0,291984.5,78.0
2021-03-15,55907.19921875,371.13275146484375,32953.4609375,13459.7099609375,15775.5,1.6069999933242798,1728.9000244140625,20.030000686645508,81.64152526855469,77.92861938476562,21448277761060.0,148734854.04779068,773414.5,292231.0,76.0
2021-03-16,56804.90234375,370.6647033691406,32825.94921875,13471.5703125,15669.2998046875,1.621000051498413,1730.5999755859375,19.790000915527344,81.46426391601562,77.6101303100586,21448277761060.0,146869004.62425208,810821.0,298218.25,71.0
2021-03-17,58870.89453125,371.92852783203125,33015.37109375,13525.2001953125,15731.150390625,1.6410000324249268,1726.800048828125,19.229999542236328,81.49971008300781,77.67719268798828,21448277761060.0,145003155.2007135,848227.5,304205.5,71.0
2021-03-18,57858.921875,366.51715087890625,32862.30078125,13116.169921875,15589.08984375,1.7300000190734863,1732.199951171875,21.579999923706055,80.78185272216797,76.88934326171875,21552597831947.75,151143135.0545324,885634.0,310192.75,72.0
2021-03-19,58346.65234375,365.8389892578125,32627.970703125,13215.240234375,15562.259765625,1.7319999933242798,1741.4000244140625,20.950000762939453,79.79811096191406,75.84168243408203,21656917902835.5,157283114.9083513,859702.5,316180.0,71.0
2021-03-20,58313.64453125,,,,,,,,,,21761237973723.25,163423094.7621702,833771.0,315693.5,75.0
2021-03-21,57523.421875,,,,,,,,,,21865558044611.0,169563074.61598912,807839.5,315207.0,73.0
2021-03-22,54529.14453125,368.7601623535156,32731.19921875,13377.5400390625,15551.5595703125,1.684000015258789,1737.800048828125,18.8799991607666,80.5071029663086,76.37808990478516,21865558044611.0,169019603.22298914,781908.0,314720.5,70.0
2021-03-23,54738.9453125,365.85772705078125,32423.150390625,13227.7001953125,15346.5302734375,1.6380000114440918,1724.699951171875,20.299999237060547,80.5159683227539,76.2691421508789,21865558044611.0,168476131.82998917,784068.0,314234.0,66.0
2021-03-24,52774.265625,363.9979553222656,32420.060546875,12961.8896484375,15276.5595703125,1.6139999628067017,1732.9000244140625,21.200000762939453,80.14375305175781,75.84168243408203,21865558044611.0,167932660.4369892,786228.0,307740.25,65.0
2021-03-25,51704.16015625,366.045654296875,32619.48046875,12977.6796875,15410.3701171875,1.6139999628067017,1724.9000244140625,19.809999465942383,80.806396484375,76.6138916015625,21865558044611.0,167389189.0439892,788388.0,301246.5,60.0
2021-03-26,55137.3125,371.9444580078125,33072.87890625,13138.73046875,15682.5400390625,1.659999966621399,1732.199951171875,18.860000610351562,82.59652709960938,78.26622009277344,21865558044611.0,166573981.95448926,790548.0,294752.75,54.0
2021-03-27,55973.51171875,,,,,,,,,,21865558044611.0,165758774.86498934,799527.5,288259.0,65.0
2021-03-28,55950.74609375,,,,,,,,,,21865558044611.0,164943567.7754894,808507.0,299381.5,74.0
2021-03-29,57750.19921875,371.756591796875,33171.37109375,13059.650390625,15611.8798828125,1.7209999561309814,1712.0999755859375,20.739999771118164,82.28483581542969,77.81100463867188,21865558044611.0,164128360.68598944,817486.5,310504.0,72.0
2021-03-30,58917.69140625,370.7702941894531,33066.9609375,13045.3896484375,15626.1103515625,1.7259999513626099,1683.9000244140625,19.610000610351562,82.22246551513672,77.91217041015625,22165358712621.094,163225712.1103591,826466.0,321626.5,72.0
2021-03-31,58918.83203125,372.273193359375,32981.55078125,13246.8701171875,15601.740234375,1.746000051498413,1713.800048828125,19.399999618530273,81.8840560913086,77.44007873535156,22465159380631.188,162323063.53472877,795922.75,332749.0,76.0
2021-04-01,59095.80859375,376.2933349609375,33153.2109375,13480.1103515625,15751.7001953125,1.6790000200271606,1726.5,17.329999923706055,83.34465026855469,78.84790802001953,22764960048641.277,161420414.9590984,765379.5,311063.5,74.0
2021-04-02,59384.3125,,,,,,,,,,23064760716651.37,160517766.38346806,734836.25,289378.0,74.0
2021-04-03,57603.890625,,,,,,,,,,23082930454106.527,161794385.90454704,704293.0,267692.5,73.0
2021-04-04,58758.5546875,,,,,,,,,,23101100191561.688,163071005.42562604,743468.0,246007.0,74.0
2021-04-05,59057.87890625,381.6943054199219,33527.19140625,13705.58984375,15870.33984375,1.7200000286102295,1727.0,17.90999984741211,83.6741943359375,79.15139770507812,23119269929016.844,164347624.946705,782643.0,254138.75,71.0
2021-04-06,58192.359375,381.4689025878906,33430.23828125,13698.3798828125,15877.9599609375,1.656000018119812,1741.5,18.1200008392334,83.89684295654297,79.35371398925781,23137439666472.0,165624244.467784,821818.0,262270.5,75.0
2021-04-07,56048.9375,381.910400390625,33446.26171875,13688.83984375,15838.849609375,1.652999997138977,1740.0999755859375,17.15999984741211,83.89684295654297,79.41272735595703,23137439666472.0,169362291.6519527,860993.0,270402.25,72.0
2021-04-08,58323.953125,383.72320556640625,33503.5703125,13829.3095703125,15886.5595703125,1.6319999694824219,1756.800048828125,16.950000762939453,83.69200134277344,79.11766815185547,23137439666472.0,173100338.83612144,809178.75,278534.0,73.0
2021-04-09,58245.00390625,386.5130310058594,33800.6015625,13900.1904296875,15956.3701171875,1.6660000085830688,1743.300048828125,16.690000534057617,83.6830825805664,79.02495574951172,23137439666472.0,176838386.0202902,757364.5,281742.75,70.0
2021-04-10,59793.234375,,,,,,,,,,23137439666472.0,180576433.20445892,705550.25,284951.5,70.0
2021-04-11,60204.96484375,,,,,,,,,,23137439666472.0,174250507.20048106,653736.0,288160.25,76.0
2021-04-12,59893.453125,386.6539306640625,33745.3984375,13850.0,15977.4599609375,1.6749999523162842,1731.199951171875,16.90999984741211,84.13731384277344,79.48860168457031,23137439666472.0,167924581.19650322,728402.0,291369.0,74.0
2021-04-13,63503.45703125,387.7997741699219,33677.26953125,13996.099609375,15962.33984375,1.6230000257492065,1746.199951171875,16.649999618530273,84.64495849609375,79.88483428955078,23137439666472.0,161598655.19252536,803068.0,273452.75,74.0
2021-04-14,63109.6953125,386.4754333496094,33730.890625,13857.83984375,16000.150390625,1.6380000114440918,1734.9000244140625,16.989999771118164,84.12840270996094,79.46332550048828,23137439666472.0,155272729.1885475,877734.0,255536.5,75.0
2021-04-15,63314.01171875,390.6271667480469,34035.98828125,14038.759765625,16116.849609375,1.5299999713897705,1765.4000244140625,16.56999969482422,85.6157455444336,80.85430908203125,23248575110770.0,152794813.22633988,952400.0,237620.25,79.0
2021-04-16,61572.7890625,391.9327697753906,34200.671875,14052.33984375,16186.2900390625,1.5729999542236328,1779.0,16.25,85.78498077392578,81.03134155273438,23359710555068.0,150316897.26413226,882986.0,219704.0,78.0
2021-04-17,60683.8203125,,,,,,,,,,23470845999366.0,147838981.30192465,813572.0,234772.25,76.0
2021-04-18,56216.18359375,,,,,,,,,,23581981443664.0,145361065.33971703,744158.0,249840.5,79.0
2021-04-19,55724.265625,390.0072021484375,34077.62890625,13914.76953125,16107.5595703125,1.6009999513626099,1769.4000244140625,17.290000915527344,85.98979949951172,81.19152069091797,23581981443664.0,150929331.95555297,674744.0,264908.75,74.0
2021-04-20,56473.03125,387.1517333984375,33821.30078125,13786.26953125,15944.6103515625,1.562000036239624,1777.300048828125,18.68000030517578,86.88932800292969,81.85750579833984,23581981443664.0,156497598.5713889,704638.5,279977.0,73.0
2021-04-21,53906.08984375,390.81500244140625,34137.30859375,13950.2197265625,16121.6103515625,1.5640000104904175,1792.300048828125,17.5,87.29012298583984,82.39702606201172,23581981443664.0,162065865.18722486,734533.0,282655.25,73.0
2021-04-22,51762.2734375,387.2456970214844,33815.8984375,13818.41015625,16030.6201171875,1.5540000200271606,1781.199951171875,18.709999084472656,86.93386840820312,81.95022583007812,23581981443664.0,167634131.8030608,764427.5,285333.5,65.0
2021-04-23,51093.65234375,391.4443054199219,34043.48828125,14016.8095703125,16206.0,1.5670000314712524,1777.0,17.329999923706055,87.4593505859375,82.43074035644531,23581981443664.0,159135198.54731122,794322.0,288011.75,55.0
2021-04-24,50050.8671875,,,,,,,,,,23581981443664.0,150636265.2915616,782836.75,290690.0,37.0
2021-04-25,49004.25390625,,,,,,,,,,23581981443664.0,142137332.03581202,771351.5,287299.0,31.0
2021-04-26,54021.75390625,392.26153564453125,33981.5703125,14138.7802734375,16241.2099609375,1.5700000524520874,1779.199951171875,17.639999389648438,87.60183715820312,82.67523193359375,23581981443664.0,133638398.78006244,759866.25,283908.0,27.0
2021-04-27,55033.1171875,392.1770324707031,33984.9296875,14090.2197265625,16273.3095703125,1.621999979019165,1778.0,17.559999465942383,87.62855529785156,82.66680908203125,23581981443664.0,142723465.36379474,748381.0,280517.0,50.0
2021-04-28,54824.703125,392.0642395019531,33820.37890625,14051.0302734375,16322.1298828125,1.6200000047683716,1773.199951171875,17.280000686645508,87.26341247558594,82.4897689819336,23581981443664.0,151808531.94752708,730730.25,277126.0,59.0
2021-04-29,53555.109375,394.5628356933594,34060.359375,14082.5498046875,16376.0,1.6399999856948853,1768.0999755859375,17.610000610351562,87.97592163085938,83.19791412353516,23581981443664.0,160893598.53125942,713079.5,266648.0,52.0
2021-04-30,57750.17578125,391.9703369140625,33874.8515625,13962.6796875,16219.330078125,1.63100004196167,1767.300048828125,18.610000610351562,88.34105682373047,83.52667999267578,23581981443664.0,169978665.11499172,695428.75,256170.0,51.0
2021-05-01,57828.05078125,,,,,,,,,,22838697517190.0,173841324.18293384,677778.0,245692.0,68.0
2021-05-02,56631.078125,,,,,,,,,,22095413590716.0,177703983.25087595,710385.5,235214.0,66.0
2021-05-03,57200.29296875,392.81573486328125,34113.23046875,13895.1201171875,16325.240234375,1.6069999933242798,1791.4000244140625,18.309999465942383,88.19856262207031,83.36650848388672,21352129664242.0,181566642.3188181,742993.0,254255.5,61.0
2021-05-04,53333.5390625,390.3923034667969,34133.03125,13633.5,16289.26953125,1.5920000076293945,1775.800048828125,19.479999542236328,87.39700317382812,82.82698059082031,20608845737768.0,185429301.3867602,775600.5,273297.0,68.0
2021-05-05,57424.0078125,390.514404296875,34230.33984375,13582.419921875,16348.41015625,1.5839999914169312,1784.0999755859375,19.149999618530273,86.13231658935547,81.4528579711914,20608845737768.0,182868123.1908105,808208.0,292338.5,48.0
2021-05-06,56396.515625,393.6329040527344,34548.53125,13632.83984375,16459.599609375,1.5609999895095825,1815.5,18.389999389648438,86.59545135498047,81.90808868408203,20608845737768.0,180306944.99486077,778719.25,311380.0,65.0
2021-05-07,57356.40234375,396.4977111816406,34777.76171875,13752.240234375,16590.4296875,1.5770000219345093,1831.0999755859375,16.690000534057617,87.80668640136719,82.98715209960938,20608845737768.0,177745766.79891104,749230.5,309359.25,64.0
2021-05-08,58803.77734375,,,,,,,,,,20608845737768.0,175184588.60296133,719741.75,307338.5,67.0
2021-05-09,58232.31640625,,,,,,,,,,20608845737768.0,175440706.42255628,690253.0,305317.75,73.0
2021-05-10,55859.796875,392.5715026855469,34742.8203125,13401.8603515625,16516.830078125,1.6019999980926514,1837.5,19.65999984741211,87.84230041503906,82.96186828613281,20608845737768.0,175696824.24215126,719410.25,303297.0,72.0
2021-05-11,56704.57421875,389.0678405761719,34269.16015625,13389.4296875,16355.6201171875,1.6239999532699585,1835.9000244140625,21.84000015258789,86.84481811523438,81.91651916503906,20608845737768.0,175952942.0617462,748567.5,293986.5,61.0
2021-05-12,49150.53515625,380.80206298828125,33587.66015625,13031.6796875,16042.9697265625,1.6950000524520874,1822.5999755859375,27.59000015258789,84.69840240478516,79.8426742553711,20608845737768.0,176209059.88134116,777724.75,284676.0,68.0
2021-05-13,49716.19140625,385.37646484375,34021.44921875,13124.990234375,16181.6298828125,1.6679999828338623,1823.800048828125,23.1299991607666,85.73153686523438,80.87959289550781,21718256200846.75,173244027.40648642,806882.0,275365.5,31.0
2021-05-14,49880.53515625,391.2939453125,34382.12890625,13429.98046875,16415.359375,1.6349999904632568,1837.9000244140625,18.809999465942383,86.68450164794922,81.84065246582031,22827666663925.5,170278994.93163168,776231.75,266055.0,26.0
2021-05-15,46760.1875,,,,,,,,,,23937077127004.25,167313962.45677692,745581.5,254795.75,27.0
2021-05-16,46456.05859375,,,,,,,,,,25046487590083.0,164348929.98192218,714931.25,243536.5,20.0
2021-05-17,43537.51171875,390.2983093261719,34327.7890625,13379.0498046875,16422.9609375,1.6399999856948853,1867.5,19.719999313354492,86.76465606689453,81.92495727539062,25046487590083.0,158123591.7250312,684281.0,232277.25,27.0
2021-05-18,42909.40234375,386.9357604980469,34060.66015625,13303.6396484375,16337.73046875,1.6419999599456787,1867.800048828125,21.34000015258789,86.88044738769531,81.94181060791016,25046487590083.0,151898253.46814018,687166.25,221018.0,21.0
2021-05-19,37002.44140625,385.9212341308594,33896.0390625,13299.740234375,16233.3203125,1.6829999685287476,1881.300048828125,22.18000030517578,86.63996887207031,81.68045806884766,25046487590083.0,145672915.2112492,690051.5,221713.5,23.0
2021-05-20,40782.73828125,390.07293701171875,34084.1484375,13535.740234375,16350.4501953125,1.6339999437332153,1881.800048828125,20.670000076293945,87.70872497558594,82.599365234375,25046487590083.0,139447576.95435822,692936.75,222409.0,11.0
2021-05-21,37304.69140625,389.7535400390625,34207.83984375,13470.990234375,16375.0,1.6319999694824219,1876.699951171875,20.149999618530273,87.55731201171875,82.51507568359375,25046487590083.0,143805313.7341819,695822.0,223104.5,19.0
2021-05-22,37536.6328125,,,,,,,,,,25046487590083.0,148163050.5140056,681993.0,223800.0,12.0
2021-05-23,34770.58203125,,,,,,,,,,25046487590083.0,152520787.2938293,668164.0,225538.25,14.0
2021-05-24,38705.98046875,393.7268371582031,34393.98046875,13661.169921875,16464.689453125,1.6080000400543213,1884.5999755859375,18.399999618530273,88.5458984375,83.5435562133789,25046487590083.0,156878524.07365298,654335.0,227276.5,10.0
2021-05-25,38402.22265625,392.8532409667969,34312.4609375,13657.169921875,16390.189453125,1.5640000104904175,1898.0999755859375,18.84000015258789,88.6260757446289,83.51824951171875,25046487590083.0,154699655.68374115,640506.0,229014.75,22.0
2021-05-26,39294.19921875,393.6329040527344,34323.05078125,13738.0,16451.9609375,1.5740000009536743,1901.300048828125,17.360000610351562,88.91996765136719,83.88919067382812,25046487590083.0,152520787.29382932,614705.75,230753.0,22.0
2021-05-27,38436.96875,393.8395080566406,34464.640625,13736.2802734375,16531.94921875,1.6100000143051147,1895.699951171875,16.739999771118164,88.61715698242188,83.6952896118164,25046487590083.0,150341918.90391746,588905.5,218013.5,27.0
2021-05-28,35697.60546875,394.5440368652344,34529.44921875,13748.740234375,16555.66015625,1.5809999704360962,1902.5,16.760000228881836,89.231689453125,84.20111083984375,25046487590083.0,148163050.51400563,563105.25,205274.0,21.0
2021-05-29,34616.06640625,,,,,,,,,,24046798335675.25,148265524.731122,537305.0,192534.5,18.0
2021-05-30,35678.12890625,,,,,,,,,,23047109081267.5,148367998.9482383,568942.5,179795.0,10.0
2021-05-31,37332.85546875,,,,,,,,,,22047419826859.75,148470473.16535467,600580.0,198751.5,18.0
2021-06-01,36684.92578125,394.19647216796875,34575.30859375,13736.48046875,16643.3203125,1.6150000095367432,1902.9000244140625,17.899999618530273,90.63888549804688,85.71855163574219,21047730572452.0,148572947.38247102,632217.5,217708.0,20.0
2021-06-02,37575.1796875,394.81640625,34600.37890625,13756.330078125,16673.9609375,1.590999960899353,1907.5,17.479999542236328,91.72542572021484,86.72172546386719,21047730572452.0,145695654.38738796,663855.0,236664.5,23.0
2021-06-03,39208.765625,393.3511962890625,34577.0390625,13614.509765625,16632.33984375,1.625,1871.199951171875,18.040000915527344,91.54730224609375,86.40138244628906,21047730572452.0,142818361.3923049,614807.5,255621.0,24.0
2021-06-04,36894.40625,396.9486389160156,34756.390625,13814.490234375,16708.740234375,1.559999942779541,1889.800048828125,16.420000076293945,91.55622100830078,86.44355010986328,21047730572452.0,139941068.39722186,565760.0,250585.5,27.0
2021-06-05,35551.95703125,,,,,,,,,,21047730572452.0,137063775.4021388,516712.5,245550.0,24.0
2021-06-06,35862.37890625,,,,,,,,,,21047730572452.0,135755914.9498283,467665.0,240514.5,17.0
2021-06-07,33560.70703125,396.5634765625,34630.23828125,13881.7197265625,16709.30078125,1.569000005722046,1896.800048828125,16.420000076293945,92.45574951171875,87.4636001586914,21047730572452.0,134448054.49751782,520686.75,235479.0,15.0
2021-06-08,33472.6328125,396.64801025390625,34599.8203125,13924.91015625,16685.48046875,1.527999997138977,1892.199951171875,17.06999969482422,93.05248260498047,88.1885986328125,21047730572452.0,133140194.04520732,573708.5,230734.75,13.0
2021-06-09,37345.12109375,396.05633544921875,34447.140625,13911.75,16620.0,1.4889999628067017,1893.199951171875,17.889999389648438,93.25731658935547,88.3066177368164,21047730572452.0,131832333.59289683,626730.25,225990.5,14.0
2021-06-10,36702.59765625,397.89727783203125,34466.23828125,14020.330078125,16651.4296875,1.4589999914169312,1894.199951171875,16.100000381469727,93.95906829833984,88.93888854980469,20994939874289.64,133055366.47684391,679752.0,221246.25,21.0
2021-06-11,37334.3984375,398.5548400878906,34479.6015625,14069.419921875,16694.9296875,1.4620000123977661,1877.4000244140625,15.649999618530273,93.49362182617188,88.58484649658203,20942149176127.28,134278399.36079097,665988.5,216502.0,21.0
2021-06-12,35552.515625,,,,,,,,,,20889358477964.926,135501432.24473804,652225.0,222841.75,28.0
2021-06-13,39097.859375,,,,,,,,,,20836567779802.566,136724465.12868512,638461.5,229181.5,23.0
2021-06-14,40218.4765625,399.4471740722656,34393.75,14174.1396484375,16662.419921875,1.5010000467300415,1864.0,16.389999389648438,93.90536499023438,88.93045806884766,20610623591667.676,134746442.3806938,624698.0,235521.25,28.0
2021-06-15,40406.26953125,398.7145080566406,34299.328125,14072.8603515625,16655.810546875,1.4989999532699585,1854.5,17.020000457763672,92.92074584960938,87.97785949707031,20384679403532.78,132768419.63270244,610282.75,241861.0,38.0
2021-06-16,38347.0625,396.4883728027344,34033.671875,14039.6796875,16542.759765625,1.569000005722046,1859.5,18.149999618530273,92.08830261230469,87.40458679199219,20158735215397.89,130790396.8847111,595867.5,228156.25,33.0
2021-06-17,38053.50390625,396.35687255859375,33823.44921875,14161.349609375,16411.650390625,1.5110000371932983,1773.800048828125,17.75,92.23151397705078,87.29499816894531,19932791027263.0,128812374.13671976,581452.25,214451.5,26.0
2021-06-18,35787.24609375,391.0098571777344,33290.078125,14030.3798828125,16143.9501953125,1.4500000476837158,1767.9000244140625,20.700000762939453,90.77250671386719,85.81126403808594,19932791027263.0,122619471.53399286,567037.0,200746.75,25.0
2021-06-19,35615.87109375,,,,,,,,,,19932791027263.0,116426568.93126595,563014.75,187042.0,23.0
2021-06-20,35698.296875,,,,,,,,,,19932791027263.0,110233666.32853903,558992.5,198457.5,21.0
2021-06-21,31676.693359375,396.6075439453125,33876.96875,14141.48046875,16411.98046875,1.4839999675750732,1781.800048828125,17.889999389648438,92.61640930175781,87.58162689208984,19932791027263.0,104040763.72581212,554970.25,209873.0,23.0
2021-06-22,32505.66015625,398.7278747558594,33945.578125,14253.26953125,16449.009765625,1.472000002861023,1776.300048828125,16.65999984741211,92.16885375976562,87.12639617919922,19932791027263.0,105279344.2463575,550948.0,221288.5,10.0
2021-06-23,33723.02734375,398.2472839355469,33874.23828125,14271.73046875,16437.630859375,1.4869999885559082,1782.300048828125,16.31999969482422,91.92717742919922,86.97464752197266,19932791027263.0,106517924.76690288,535739.0,232704.0,14.0
2021-06-24,34662.4375,400.603271484375,34196.8203125,14369.7099609375,16558.619140625,1.4869999885559082,1775.5999755859375,15.970000267028809,91.62284851074219,86.78700256347656,19932791027263.0,107756505.28744826,520530.0,205688.0,22.0
2021-06-25,31637.779296875,402.02618408203125,34433.83984375,14360.3896484375,16658.7890625,1.5360000133514404,1776.5999755859375,15.619999885559082,92.40159606933594,87.37283325195312,19932791027263.0,108995085.80799364,505321.0,178672.0,27.0
2021-06-26,32186.27734375,,,,,,,,,,19932791027263.0,104040763.7258121,490112.0,151656.0,20.0
2021-06-27,34649.64453125,,,,,,,,,,19932791027263.0,99086441.6436306,509497.75,124640.0,22.0
2021-06-28,34434.3359375,402.8366394042969,34283.26953125,14500.509765625,16573.720703125,1.4780000448226929,1779.5999755859375,15.760000228881836,92.03459167480469,87.11813354492188,19932791027263.0,94132119.56144907,528883.5,151043.25,25.0
2021-06-29,35867.77734375,403.05340576171875,34292.2890625,14528.330078125,16547.5703125,1.4800000190734863,1762.800048828125,16.020000457763672,91.76606750488281,86.88040924072266,19932791027263.0,89177797.47926754,548269.25,177446.5,25.0
2021-06-30,35040.8359375,403.39263916015625,34502.51171875,14503.9501953125,16555.349609375,1.4429999589920044,1770.800048828125,15.829999923706055,91.24691009521484,86.42194366455078,18858308734638.8,91559867.1625197,567655.0,203849.75,28.0
2021-07-01,33572.1171875,405.6260681152344,34633.53125,14522.3798828125,16640.9609375,1.4800000190734863,1775.9000244140625,15.479999542236328,91.60494995117188,86.79550170898438,17783826442014.598,93941936.84577185,542601.75,230253.0,28.0
2021-07-02,33897.046875,408.7264709472656,34786.3515625,14639.330078125,16674.849609375,1.430999994277954,1782.5999755859375,15.069999694824219,91.9092788696289,87.0587158203125,16709344149390.398,96324006.529024,517548.5,228629.75,21.0
2021-07-03,34668.546875,,,,,,,,,,15634861856766.197,98706076.21227616,492495.25,227006.5,24.0
2021-07-04,35287.78125,,,,,,,,,,15316902810989.648,95984745.93645626,467442.0,225383.25,27.0
2021-07-05,33746.00390625,,,,,,,,,,14998943765213.098,93263415.66063637,495691.75,223760.0,29.0
2021-07-06,34235.1953125,407.9819641113281,34577.37109375,14663.6396484375,16542.75,1.3700000047683716,1793.5,16.440000534057617,92.60746765136719,87.69547271728516,14680984719436.549,90542085.38481647,523941.5,224697.75,20.0
2021-07-07,33855.328125,409.4237976074219,34681.7890625,14665.0595703125,16559.310546875,1.3209999799728394,1801.5,16.200000762939453,92.94760131835938,88.00111389160156,14363025673660.0,87820755.10899657,552191.25,225635.5,28.0
2021-07-08,32877.37109375,406.0877990722656,34421.9296875,14559.7802734375,16359.7001953125,1.2879999876022339,1799.5999755859375,19.0,92.98338317871094,87.75489044189453,14363025673660.0,88177750.04846403,580441.0,226573.25,20.0
2021-07-09,33798.01171875,410.4227294921875,34870.16015625,14701.919921875,16633.30078125,1.3559999465942383,1810.0,16.18000030517578,94.34397888183594,89.19823455810547,14363025673660.0,88534744.98793149,575539.0,227511.0,20.0
2021-07-10,33520.51953125,,,,,,,,,,14363025673660.0,88891739.92739896,570637.0,228112.25,20.0
2021-07-11,34240.1875,,,,,,,,,,14363025673660.0,89248734.86686642,565735.0,228713.5,20.0
2021-07-12,33155.84765625,411.89288330078125,34996.1796875,14733.240234375,16673.140625,1.3630000352859497,1805.5,16.170000076293945,95.03319549560547,89.96235656738281,14363025673660.0,89784227.27606761,560833.0,229314.75,25.0
2021-07-13,32702.025390625,410.48870849609375,34888.7890625,14677.650390625,16575.76953125,1.4149999618530273,1809.4000244140625,17.1200008392334,93.66368865966797,88.70580291748047,14363025673660.0,90319719.68526882,558812.5,229916.0,20.0
2021-07-14,32822.34765625,411.10125732421875,34933.23046875,14644.9501953125,16543.779296875,1.3559999465942383,1824.300048828125,16.329999923706055,94.4245376586914,89.32559204101562,14363025673660.0,90855212.09447002,556792.0,217948.75,21.0
2021-07-15,31780.73046875,409.6971435546875,34987.01953125,14543.1298828125,16499.060546875,1.2970000505447388,1828.4000244140625,17.010000228881836,94.66621398925781,89.46992492675781,14363025673660.0,91390704.50367121,554771.5,205981.5,20.0
2021-07-16,31421.5390625,406.4835510253906,34687.8515625,14427.240234375,16364.66015625,1.2999999523162842,1814.5,18.450000762939453,94.6841049194336,89.41047668457031,14190417823448.5,97428933.16087325,552751.0,194014.25,22.0
2021-07-17,31533.068359375,,,,,,,,,,14017809973237.0,103467161.81807527,557520.5,182047.0,15.0
2021-07-18,31796.810546875,,,,,,,,,,13845202123025.5,109505390.4752773,562290.0,195455.25,19.0
2021-07-19,30817.83203125,400.4806823730469,33962.0390625,14274.98046875,16052.7099609375,1.180999994277954,1808.699951171875,22.5,93.02816009521484,87.78036499023438,13672594272814.0,115543619.13247934,567059.5,208863.5,24.0
2021-07-20,29807.34765625,406.2197265625,34511.98828125,14498.8798828125,16321.9404296875,1.2089999914169312,1810.9000244140625,19.729999542236328,95.1227035522461,89.85197448730469,13672594272814.0,109596521.08889584,571829.0,222271.75,19.0
2021-07-21,32110.693359375,409.5086669921875,34798.0,14631.9501953125,16503.470703125,1.2799999713897705,1802.9000244140625,17.90999984741211,94.97054290771484,89.843505859375,13672594272814.0,103649423.04531235,553185.5,235680.0,10.0
2021-07-22,32313.10546875,410.3662109375,34823.3515625,14684.599609375,16455.919921875,1.2649999856948853,1805.0,17.690000534057617,94.26339721679688,89.13032531738281,13672594272814.0,97702325.00172886,534542.0,220393.75,21.0
2021-07-23,33581.55078125,414.5881042480469,35061.55078125,14836.990234375,16552.380859375,1.2860000133514404,1801.4000244140625,17.200000762939453,95.10479736328125,89.86895751953125,13672594272814.0,91755226.95814537,515898.5,205107.5,23.0
2021-07-24,34292.4453125,,,,,,,,,,13672594272814.0,97702325.00172886,497255.0,189821.25,22.0
2021-07-25,35350.1875,,,,,,,,,,13672594272814.0,103649423.04531235,524299.5,174535.0,27.0
2021-07-26,37337.53515625,415.6058044433594,35144.30859375,14840.7099609375,16565.310546875,1.2760000228881836,1798.699951171875,17.579999923706055,95.04214477539062,89.91140747070312,13672594272814.0,109596521.08889584,551344.0,196554.25,26.0
2021-07-27,39406.94140625,413.711669921875,35058.51953125,14660.580078125,16520.9609375,1.2339999675750732,1799.5,19.360000610351562,95.74032592773438,90.42082214355469,13672594272814.0,115543619.13247934,578388.5,218573.5,32.0
2021-07-28,39995.90625,413.5419921875,34930.9296875,14762.580078125,16573.560546875,1.2610000371932983,1799.5,18.309999465942383,95.2838363647461,90.10668182373047,13834235450596.184,114774179.88083191,605433.0,240592.75,50.0
2021-07-29,40008.421875,415.257080078125,35084.53125,14778.259765625,16697.140625,1.2690000534057617,1831.199951171875,17.700000762939453,95.2838363647461,90.12366485595703,13995876628378.367,114004740.62918448,572682.25,262612.0,50.0
2021-07-30,42235.546875,413.240478515625,34935.46875,14672.6796875,16602.2890625,1.2389999628067017,1812.5999755859375,18.239999771118164,95.52550506591797,90.24253845214844,14157517806160.55,113235301.37753704,539931.5,256778.25,53.0
2021-07-31,41626.1953125,,,,,,,,,,14319158983942.734,112465862.12588961,507180.75,250944.5,60.0
2021-08-01,39974.89453125,,,,,,,,,,14363479952044.3,108850547.41844453,474430.0,245110.75,60.0
2021-08-02,39201.9453125,412.3734436035156,34838.16015625,14681.0703125,16576.2109375,1.1740000247955322,1818.0999755859375,19.459999084472656,95.31068420410156,90.04725646972656,14407800920145.867,105235232.71099944,509471.75,239277.0,48.0
2021-08-03,38152.98046875,415.7282409667969,35116.3984375,14761.2900390625,16713.4609375,1.1759999990463257,1810.0999755859375,18.040000915527344,95.4986572265625,90.15763092041016,14452121888247.434,101619918.00355436,544513.5,244660.25,48.0
2021-08-04,39747.50390625,413.68341064453125,34792.671875,14780.5302734375,16594.48046875,1.184000015258789,1810.5,17.969999313354492,95.1227035522461,89.87747192382812,14496442856349.0,98004603.29610927,579555.25,250043.5,42.0
2021-08-05,40869.5546875,416.3031921386719,35064.25,14895.1201171875,16695.5,1.2170000076293945,1805.0999755859375,17.280000686645508,96.08045959472656,90.93024444580078,14496442856349.0,101968024.75293723,614597.0,255426.75,50.0
2021-08-06,42816.5,416.9910888671875,35208.51171875,14835.759765625,16748.080078125,1.2899999618530273,1760.0,16.149999618530273,95.84773254394531,90.76893615722656,14496442856349.0,105931446.20976517,613756.5,260810.0,52.0
2021-08-07,44555.80078125,,,,,,,,,,14496442856349.0,109894867.6665931,612916.0,260849.5,69.0
2021-08-08,43798.1171875,,,,,,,,,,14496442856349.0,113858289.12342106,612075.5,260889.0,74.0
2021-08-09,46365.40234375,416.6518249511719,35101.8515625,14860.1796875,16726.94921875,1.3170000314712524,1723.4000244140625,16.719999313354492,95.32856750488281,90.28498077392578,14496442856349.0,112597200.47806671,611235.0,260928.5,65.0
2021-08-10,45585.03125,417.170166015625,35264.671875,14788.08984375,16792.779296875,1.3420000076293945,1728.800048828125,16.790000915527344,94.37081146240234,89.42745971679688,14496442856349.0,111336111.83271238,618325.25,260968.0,71.0
2021-08-11,45593.63671875,418.206787109375,35484.96875,14765.1396484375,16875.390625,1.3289999961853027,1750.4000244140625,16.170000076293945,94.90789031982422,89.953857421875,14496442856349.0,110075023.18735805,625415.5,247994.5,70.0
2021-08-12,44428.2890625,419.4601135253906,35499.8515625,14816.259765625,16871.119140625,1.3669999837875366,1749.0,15.59000015258789,95.27487182617188,90.14915466308594,14496442856349.0,108813934.5420037,632505.75,235021.0,70.0
2021-08-13,47793.3203125,420.2234802246094,35515.37890625,14822.900390625,16868.109375,1.2970000505447388,1775.199951171875,15.449999809265137,95.82088470458984,90.6415786743164,14761355571687.5,112735679.83340764,639596.0,222047.5,70.0
2021-08-14,47096.9453125,,,,,,,,,,15026268287026.0,116657425.12481156,634434.75,209074.0,76.0
2021-08-15,47047.00390625,,,,,,,,,,15291181002364.5,120579170.41621548,629273.5,218638.75,71.0
2021-08-16,46004.484375,421.21295166015625,35625.3984375,14793.759765625,16836.740234375,1.2569999694824219,1786.9000244140625,16.1200008392334,95.69558715820312,90.53121185302734,15556093717703.0,124500915.70761941,624112.25,228203.5,72.0
2021-08-17,44695.359375,418.4517822265625,35343.28125,14656.1796875,16707.130859375,1.2580000162124634,1785.0,17.90999984741211,95.70450592041016,90.43782043457031,15556093717703.0,124307591.30434671,618951.0,237768.25,72.0
2021-08-18,44801.1875,413.8717956542969,34960.69140625,14525.91015625,16550.33984375,1.2730000019073486,1781.5999755859375,21.56999969482422,94.77361297607422,89.61425018310547,15556093717703.0,124114266.901074,603073.25,247333.0,73.0
2021-08-19,46717.578125,414.51263427734375,34894.12109375,14541.7900390625,16429.140625,1.2419999837875366,1780.199951171875,21.670000076293945,95.29276275634766,90.04725646972656,15556093717703.0,123920942.4978013,587195.5,233157.5,70.0
2021-08-20,49339.17578125,417.8109130859375,35120.078125,14714.66015625,16516.6796875,1.2599999904632568,1781.0,18.559999465942383,95.77613830566406,90.49724578857422,15556093717703.0,123727618.0945286,571317.75,218982.0,70.0
2021-08-21,48905.4921875,,,,,,,,,,15556093717703.0,122567671.6748924,555440.0,204806.5,78.0
2021-08-22,49321.65234375,,,,,,,,,,15556093717703.0,121407725.25525619,575721.5,190631.0,76.0
2021-08-23,49546.1484375,421.4861755371094,35335.7109375,14942.650390625,16648.55078125,1.2549999952316284,1803.199951171875,17.149999618530273,95.5613021850586,90.32744598388672,15556093717703.0,120247778.83561999,596003.0,207620.75,79.0
2021-08-24,47706.1171875,422.1553039550781,35366.26171875,15019.7998046875,16741.16015625,1.2899999618530273,1805.5999755859375,17.219999313354492,95.13166046142578,89.92839813232422,15556093717703.0,119087832.41598378,616284.5,224610.5,79.0
2021-08-25,48960.7890625,423.0411376953125,35405.5,15041.8603515625,16812.83984375,1.3420000076293945,1788.199951171875,16.790000915527344,95.1227035522461,89.86895751953125,16070828548097.0,120182467.78957595,636566.0,241600.25,73.0
2021-08-26,46942.21875,420.5439453125,35213.12109375,14945.8095703125,16694.3203125,1.3420000076293945,1792.199951171875,18.84000015258789,95.00635528564453,89.9029312133789,16585563378491.0,121277103.16316813,596104.75,258590.0,75.0
2021-08-27,49058.66796875,424.303955078125,35455.80078125,15129.5,16844.75,1.312000036239624,1816.5999755859375,16.389999389648438,95.92830657958984,90.84532928466797,17100298208885.0,122371738.5367603,555643.5,256681.25,71.0
2021-08-28,48902.40234375,,,,,,,,,,17615033039279.0,123466373.91035247,515182.25,254772.5,78.0
2021-08-29,48829.83203125,,,,,,,,,,17615033039279.0,122590725.86843508,474721.0,252863.75,72.0
2021-08-30,47054.984375,426.1697998046875,35399.83984375,15265.8896484375,16819.630859375,1.284999966621399,1809.0,16.190000534057617,96.92188262939453,91.75379943847656,17615033039279.0,121715077.82651769,534586.0,250955.0,73.0
2021-08-31,47166.6875,425.5384521484375,35360.73046875,15259.240234375,16806.439453125,1.3040000200271606,1815.0,16.479999542236328,97.37837982177734,92.1867904663086,17615033039279.0,120839429.78460029,594451.0,259214.0,73.0
2021-09-01,48847.02734375,425.7645568847656,35312.53125,15309.3798828125,16845.990234375,1.3020000457763672,1813.0999755859375,16.110000610351562,99.13278198242188,93.66409301757812,17615033039279.0,119963781.7426829,654316.0,267473.0,71.0
2021-09-02,49327.72265625,427.0745544433594,35443.8203125,15331.1796875,16926.720703125,1.2940000295639038,1808.699951171875,16.40999984741211,99.57136535644531,94.15650939941406,17615033039279.0,125874406.0256253,714181.0,275732.0,74.0
2021-09-03,50025.375,426.9708251953125,35369.08984375,15363.51953125,16909.720703125,1.3220000267028809,1830.9000244140625,16.40999984741211,99.59822082519531,94.17350006103516,17615033039279.0,131785030.3085677,692390.5,283991.0,74.0
2021-09-04,49944.625,,,,,,,,,,17615033039279.0,137695654.59151012,670600.0,282149.25,72.0
2021-09-05,51753.41015625,,,,,,,,,,17615033039279.0,143606278.8744525,648809.5,280307.5,73.0
2021-09-06,52633.53515625,,,,,,,,,,17815063987488.75,139057926.74616957,627019.0,278465.75,79.0
2021-09-07,46811.12890625,425.44415283203125,35100.0,15374.330078125,16801.1796875,1.3700000047683716,1795.9000244140625,18.139999389648438,98.48828887939453,93.11223602294922,18015094935698.5,134509574.61788663,630383.5,276624.0,79.0
2021-09-08,46091.390625,424.92596435546875,35031.0703125,15286.6396484375,16731.0390625,1.3339999914169312,1790.699951171875,17.959999084472656,99.0343246459961,93.57918548583984,18215125883908.25,129961222.48960371,633748.0,262079.25,47.0
2021-09-09,46391.421875,423.1071472167969,34879.37890625,15248.25,16663.119140625,1.2990000247955322,1797.4000244140625,18.799999237060547,97.10983276367188,91.67737579345703,18415156832118.0,125412870.36132078,637112.5,247534.5,45.0
2021-09-10,44883.91015625,419.7711486816406,34607.71875,15115.490234375,16563.48046875,1.340999960899353,1789.5999755859375,20.950000762939453,95.82088470458984,90.3359375,18415156832118.0,130447693.62400153,640477.0,232989.75,46.0
2021-09-11,45201.45703125,,,,,,,,,,18415156832118.0,135482516.8866823,642013.0,218445.0,31.0
2021-09-12,46063.26953125,,,,,,,,,,18415156832118.0,140517340.14936304,643549.0,231073.0,32.0
2021-09-13,44963.07421875,420.84539794921875,34869.62890625,15105.580078125,16635.390625,1.3240000009536743,1792.0,19.3700008392334,96.20579528808594,90.94720458984375,18415156832118.0,145552163.4120438,645085.0,243701.0,44.0
2021-09-14,47092.4921875,418.5742492675781,34577.5703125,15037.759765625,16497.23046875,1.2769999504089355,1804.699951171875,19.459999084472656,95.96410369873047,90.78589630126953,18415156832118.0,142805896.1778543,646621.0,256329.0,30.0
2021-09-15,48176.34765625,422.0705261230469,34814.390625,15161.5302734375,16626.880859375,1.3040000200271606,1792.4000244140625,18.18000030517578,96.32213592529297,91.07457733154297,18415156832118.0,140059628.9436648,625435.25,268957.0,49.0
2021-09-16,47783.359375,421.4014587402344,34751.3203125,15181.919921875,16576.76953125,1.3309999704360962,1754.5999755859375,18.690000534057617,96.50115966796875,91.1509780883789,18415156832118.0,137313361.7094753,604249.5,251846.75,53.0
2021-09-17,47267.51953125,417.2965393066406,34584.87890625,15043.9697265625,16460.349609375,1.3700000047683716,1749.4000244140625,20.809999465942383,95.58816528320312,90.3359375,18415156832118.0,134567094.4752858,583063.75,234736.5,48.0
2021-09-18,48278.36328125,,,,,,,,,,18469616749116.953,129407547.7173439,561878.0,217626.25,50.0
2021-09-19,47260.21875,,,,,,,,,,18524076666115.91,124248000.959402,582884.25,200516.0,53.0
2021-09-20,42843.80078125,410.3384094238281,33970.46875,14713.900390625,16168.169921875,1.309000015258789,1761.800048828125,25.709999084472656,95.08689880371094,89.7840576171875,18578536583114.867,119088454.2014601,603890.5,217559.25,50.0
2021-09-21,40693.67578125,409.9508361816406,33919.83984375,14746.400390625,16184.5,1.3240000009536743,1776.0,24.360000610351562,95.08689880371094,89.8265151977539,18632996500113.82,113928907.44351819,624896.75,234602.5,27.0
2021-09-22,43574.5078125,413.9497985839844,34258.3203125,14896.849609375,16352.1796875,1.3359999656677246,1776.699951171875,20.8700008392334,96.01781463623047,90.7010269165039,18724157665525.117,119444283.70384629,645903.0,251645.75,21.0
2021-09-23,44895.09765625,418.979248046875,34764.8203125,15052.240234375,16567.259765625,1.409999966621399,1747.699951171875,18.6299991607666,95.68660736083984,90.52271270751953,18815318830936.41,124959659.96417439,608055.25,268689.0,27.0
2021-09-24,42839.75,419.6694641113281,34798.0,15047.7001953125,16539.150390625,1.4600000381469727,1749.699951171875,17.75,94.59162139892578,89.5548095703125,18906479996347.703,130475036.22450249,570207.5,265485.0,33.0
2021-09-25,42716.59375,,,,,,,,,,18997641161759.0,135990412.4848306,532359.75,262281.0,28.0
2021-09-26,43208.5390625,,,,,,,,,,18997641161759.0,132685089.95915762,494512.0,259077.0,27.0
2021-09-27,42235.73046875,418.4687805175781,34869.37109375,14969.9697265625,16599.7890625,1.4839999675750732,1750.0,18.760000228881836,93.30815124511719,88.35026550292969,18997641161759.0,129379767.43348464,547574.75,255873.0,26.0
2021-09-28,41034.54296875,410.035888671875,34299.98828125,14546.6796875,16328.7802734375,1.534000039100647,1735.800048828125,23.25,92.64395904541016,87.75227355957031,18997641161759.0,126074444.90781169,600637.5,261165.25,25.0
2021-09-29,41564.36328125,410.7260437011719,34390.71875,14512.4404296875,16344.8896484375,1.5410000085830688,1721.5,22.559999465942383,93.35301208496094,88.41007995605469,18997641161759.0,122769122.38213871,653700.25,266457.5,24.0
2021-09-30,43790.89453125,405.7060546875,33843.921875,14448.580078125,16144.919921875,1.5290000438690186,1755.300048828125,23.139999389648438,91.89901733398438,86.94922637939453,18997641161759.0,127491011.70452866,706763.0,271749.75,20.0
2021-10-01,48116.94140625,410.5274963378906,34326.4609375,14566.7001953125,16323.740234375,1.4789999723434448,1757.0,21.100000381469727,93.19147491455078,88.17939758300781,18997641161759.0,132212901.02691862,692605.5,277042.0,27.0
2021-10-02,47711.48828125,,,,,,,,,,18997641161759.0,136934790.34930855,678448.0,285916.0,54.0
2021-10-03,48199.953125,,,,,,,,,,18997641161759.0,141656679.6716985,664290.5,294790.0,49.0
2021-10-04,49112.90234375,405.2333679199219,34002.921875,14255.48046875,16198.5595703125,1.4809999465942383,1766.199951171875,22.959999084472656,93.00299835205078,88.19647979736328,19221492133463.0,141100834.07121974,650133.0,303664.0,54.0
2021-10-05,51514.8125,409.44976806640625,34314.671875,14433.830078125,16327.08984375,1.5290000438690186,1759.5999755859375,21.299999237060547,92.47344207763672,87.58992004394531,19445343105167.0,140544988.470741,660046.75,312538.0,59.0
2021-10-06,55361.44921875,411.1515197753906,34416.98828125,14501.91015625,16338.4599609375,1.5240000486373901,1760.5,21.0,93.388916015625,88.42716217041016,19669194076871.0,139989142.87026227,669960.5,295950.75,68.0
2021-10-07,53805.984375,414.7061462402344,34754.94140625,14654.01953125,16511.810546875,1.5709999799728394,1757.9000244140625,19.540000915527344,93.5594482421875,88.66635131835938,19893045048575.0,139433297.2697835,679874.25,279363.5,76.0
2021-10-08,53967.84765625,413.9497985839844,34746.25,14579.5400390625,16517.23046875,1.6050000190734863,1756.300048828125,18.770000457763672,92.7426986694336,87.82914733886719,19893045048575.0,140669408.0611823,689788.0,262776.25,74.0
2021-10-09,54968.22265625,,,,,,,,,,19893045048575.0,141905518.85258108,685757.0,246189.0,72.0
2021-10-10,54771.578125,,,,,,,,,,19893045048575.0,143141629.64397985,681726.0,256870.75,71.0
2021-10-11,57484.7890625,410.9529113769531,34496.05859375,14486.2001953125,16430.0703125,1.6139999628067017,1754.5999755859375,20.0,92.99401092529297,88.05125427246094,19893045048575.0,144377740.43537864,677695.0,267552.5,71.0
2021-10-12,56041.05859375,409.94134521484375,34378.33984375,14465.919921875,16441.75,1.5800000429153442,1758.300048828125,19.850000381469727,94.2595443725586,89.20454406738281,19893045048575.0,143141629.64397985,673664.0,278234.25,78.0
2021-10-13,57401.09765625,411.4161071777344,34377.80859375,14571.6396484375,16513.16015625,1.5490000247955322,1793.699951171875,18.639999389648438,94.92371368408203,89.85379791259766,19893045048575.0,141905518.85258108,673754.5,288916.0,70.0
2021-10-14,57321.5234375,418.3364562988281,34912.55859375,14823.4296875,16744.2890625,1.5190000534057617,1796.699951171875,16.860000610351562,96.20719909667969,90.94728088378906,19893045048575.0,140669408.0611823,673845.0,270657.75,70.0
2021-10-15,61593.94921875,421.5224304199219,35294.76171875,14897.33984375,16871.740234375,1.5759999752044678,1767.199951171875,16.299999237060547,96.1892318725586,90.87893676757812,19893045048575.0,139433297.2697835,673935.5,252399.5,71.0
2021-10-16,60892.1796875,,,,,,,,,,19940398819139.0,143259272.63462108,674026.0,234141.25,78.0
2021-10-17,61553.6171875,,,,,,,,,,19987752589703.0,147085247.99945867,683795.75,215883.0,79.0
2021-10-18,62026.078125,422.7703552246094,35258.609375,15021.8095703125,16862.0,1.5839999914169312,1764.800048828125,16.309999465942383,96.41361999511719,91.109619140625,20035106360267.0,150911223.3642963,693565.5,242098.0,78.0
2021-10-19,64261.9921875,426.0319519042969,35457.30859375,15129.08984375,16988.16015625,1.6349999904632568,1769.699951171875,15.699999809265137,96.62903594970703,91.15232849121094,20082460130831.0,154737198.72913387,703335.25,268313.0,75.0
2021-10-20,65992.8359375,427.7052917480469,35609.33984375,15121.6796875,17099.2109375,1.6360000371932983,1784.0999755859375,15.489999771118164,98.06510162353516,92.5875244140625,20082460130831.0,152241437.45930916,713105.0,294528.0,82.0
2021-10-21,62210.171875,428.82080078125,35603.078125,15215.7001953125,17083.150390625,1.6759999990463257,1781.199951171875,15.010000228881836,98.2176742553711,92.7156753540039,20082460130831.0,149745676.18948442,673577.75,320743.0,84.0
2021-10-22,60692.265625,428.3765563964844,35677.01953125,15090.2001953125,17122.240234375,1.6549999713897705,1795.5,15.430000305175781,98.74723052978516,93.15133666992188,20082460130831.0,147249914.91965967,634050.5,311727.25,75.0
2021-10-23,61393.6171875,,,,,,,,,,20082460130831.0,144754153.64983496,594523.25,302711.5,74.0
2021-10-24,60930.8359375,,,,,,,,,,20082460130831.0,147749067.17362463,554996.0,293695.75,73.0
2021-10-25,63039.82421875,430.6738586425781,35741.1484375,15226.7099609375,17169.0703125,1.6349999904632568,1806.0,15.239999771118164,99.0613784790039,93.4503402709961,20082460130831.0,150743980.69741434,603736.25,284680.0,72.0
2021-10-26,60363.79296875,431.0614929199219,35756.87890625,15235.7099609375,17145.150390625,1.61899995803833,1792.699951171875,15.979999542236328,99.35755157470703,93.7066421508789,20082460130831.0,153738894.221204,652476.5,289943.25,76.0
2021-10-27,58482.38671875,429.1517333984375,35490.69140625,15235.83984375,16920.380859375,1.5290000438690186,1797.9000244140625,16.979999542236328,98.4510498046875,92.91214752197266,20082460130831.0,156733807.7449937,701216.75,295206.5,73.0
2021-10-28,60622.13671875,433.29254150390625,35730.48046875,15448.1201171875,17077.0,1.5679999589920044,1801.5999755859375,16.530000686645508,99.5909194946289,94.21066284179688,20133510355010.516,152594180.5961069,749957.0,300469.75,66.0
2021-10-29,62227.96484375,434.1717224121094,35819.55859375,15498.3896484375,17016.41015625,1.5570000410079956,1783.0,16.260000228881836,98.58566284179688,93.15133666992188,20184560579190.035,148454553.44722012,745497.5,305733.0,70.0
2021-10-30,61888.83203125,,,,,,,,,,20235610803369.555,144314926.29833335,741038.0,303650.25,73.0
2021-10-31,61318.95703125,,,,,,,,,,20286661027549.07,140175299.14944655,736578.5,301567.5,74.0
2021-11-01,61004.40625,434.91864013671875,35913.83984375,15595.919921875,17131.080078125,1.5750000476837158,1795.0999755859375,16.40999984741211,98.76517486572266,93.6126708984375,20629831978978.055,143623208.77402747,732119.0,299484.75,74.0
2021-11-02,63226.40234375,436.67706298828125,36052.62890625,15649.599609375,17115.169921875,1.5490000247955322,1788.699951171875,16.030000686645508,99.151123046875,94.05689239501953,20973002930407.035,147071118.3986084,729418.0,297402.0,73.0
2021-11-03,62970.046875,439.3431396484375,36157.578125,15811.580078125,17209.75,1.5789999961853027,1763.5999755859375,15.100000381469727,99.34859466552734,94.37297821044922,21316173881836.016,150519028.02318928,726717.0,282109.75,76.0
2021-11-04,61452.23046875,441.41351318359375,36124.23046875,15940.3095703125,17168.869140625,1.5240000486373901,1793.0,15.4399995803833,98.47798156738281,93.47598266601562,21659344833265.0,153966937.6477702,724016.0,266817.5,73.0
2021-11-05,61125.67578125,442.945068359375,36327.94921875,15971.58984375,17242.359375,1.4529999494552612,1816.4000244140625,16.479999542236328,98.94468688964844,93.9543685913086,21659344833265.0,151813553.90444475,721315.0,251525.25,73.0
2021-11-06,61527.48046875,,,,,,,,,,21659344833265.0,149660170.16111928,740169.75,236233.0,71.0
2021-11-07,63326.98828125,,,,,,,,,,21659344833265.0,147506786.4177938,759024.5,252431.0,73.0
2021-11-08,67566.828125,443.3232116699219,36432.21875,15982.3603515625,17310.509765625,1.496999979019165,1827.4000244140625,17.219999313354492,98.74723052978516,93.87748718261719,21659344833265.0,145353402.67446837,777879.25,268629.0,75.0
2021-11-09,66971.828125,441.8578186035156,36319.98046875,15886.5400390625,17286.91015625,1.4320000410079956,1830.199951171875,17.780000686645508,98.96263122558594,94.03980255126953,21659344833265.0,147237613.44987813,796734.0,284827.0,84.0
2021-11-10,64995.23046875,438.3031311035156,36079.94140625,15622.7099609375,17192.029296875,1.559999942779541,1847.5999755859375,18.729999542236328,98.51387023925781,93.60411834716797,21659344833265.0,149121824.2252879,754556.0,301025.0,75.0
2021-11-11,64949.9609375,438.44500732421875,35921.23046875,15704.2802734375,17220.41015625,1.559999942779541,1863.199951171875,17.65999984741211,98.72029113769531,93.75788879394531,21659344833265.0,151006035.00069767,712378.0,281772.75,77.0
2021-11-12,64155.94140625,441.75384521484375,36100.30859375,15860.9599609375,17297.66015625,1.5820000171661377,1867.9000244140625,16.290000915527344,98.76517486572266,93.6895523071289,21659344833265.0,152890245.77610743,670200.0,262520.5,74.0
2021-11-13,64469.52734375,,,,,,,,,,21913045683312.0,156935360.1685983,628022.0,243268.25,72.0
2021-11-14,65466.83984375,,,,,,,,,,22166746533359.0,160980474.56108916,648192.25,224016.0,74.0
2021-11-15,63557.87109375,441.9051208496094,36087.44921875,15853.849609375,17285.55078125,1.6230000257492065,1866.0999755859375,16.489999771118164,99.34859466552734,94.34735107421875,22420447383406.0,165025588.95358,668362.5,241478.75,72.0
2021-11-16,60161.24609375,443.65411376953125,36142.21875,15973.8603515625,17302.7890625,1.6339999437332153,1853.5999755859375,16.3700008392334,98.76517486572266,93.72370910644531,22674148233453.0,169070703.34607086,688532.75,258941.5,71.0
2021-11-17,60368.01171875,442.5763244628906,35931.05078125,15921.5703125,17192.66015625,1.6039999723434448,1869.699951171875,17.110000610351562,99.1152114868164,94.01417541503906,22674148233453.0,167661780.81818694,708703.0,276404.25,52.0
2021-11-18,56942.13671875,444.0794677734375,35870.94921875,15993.7099609375,17117.740234375,1.5889999866485596,1861.0,17.59000015258789,99.0703353881836,94.03126525878906,22674148233453.0,166252858.290303,678073.5,293867.0,54.0
2021-11-19,58119.578125,443.2853698730469,35601.98046875,16057.4404296875,16973.9609375,1.5360000133514404,1851.199951171875,17.90999984741211,98.62156677246094,93.47598266601562,22674148233453.0,164843935.76241907,647444.0,290191.5,34.0
2021-11-20,59697.1953125,,,,,,,,,,22674148233453.0,163435013.23453516,616814.5,286516.0,43.0
2021-11-21,58730.4765625,,,,,,,,,,22674148233453.0,166816427.30145657,586185.0,282840.5,49.0
2021-11-22,56289.2890625,442.0374755859375,35619.25,15854.759765625,16945.779296875,1.625,1806.0,19.170000076293945,97.9573974609375,93.01465606689453,22674148233453.0,170197841.36837798,624926.75,279165.0,50.0
2021-11-23,57569.07421875,442.62359619140625,35813.80078125,15775.1396484375,17007.900390625,1.6670000553131104,1783.5,19.3799991607666,98.74723052978516,93.76643371582031,22674148233453.0,173579255.43529943,663668.5,282535.0,33.0
2021-11-24,56280.42578125,443.8053283691406,35804.37890625,15845.23046875,17036.810546875,1.6449999809265137,1784.0999755859375,18.579999923706055,99.94095611572266,94.90262603759766,22674148233453.0,176960669.50222084,702410.25,285905.0,42.0
2021-11-25,57274.6796875,,,,,,,,,,22621792026711.164,171526781.28144363,741152.0,289275.0,32.0
2021-11-26,53569.765625,433.90704345703125,34899.33984375,15491.66015625,16624.869140625,1.4819999933242798,1785.300048828125,28.6200008392334,97.1765365600586,92.26289367675781,22569435819969.324,166092893.06066644,737759.0,292645.0,47.0
2021-11-27,54815.078125,,,,,,,,,,22517079613227.484,160659004.83988923,734366.0,292952.75,21.0
2021-11-28,57248.45703125,,,,,,,,,,22464723406485.65,155225116.619112,730973.0,293260.5,27.0
2021-11-29,57806.56640625,439.2296447753906,35135.94140625,15782.830078125,16683.98046875,1.5299999713897705,1782.300048828125,22.959999084472656,98.19973754882812,92.94632720947266,22432457372098.234,159443413.69313985,727580.0,293568.25,33.0
2021-11-30,57005.42578125,430.6832580566406,34483.71875,15537.6904296875,16318.9697265625,1.4429999589920044,1773.5999755859375,27.190000534057617,96.20719909667969,91.18647766113281,22400191337710.824,163661710.76716772,730372.25,293876.0,40.0
2021-12-01,57229.828125,425.899658203125,34022.0390625,15254.0498046875,16133.8896484375,1.434000015258789,1781.5999755859375,31.1200008392334,94.72625732421875,89.68295288085938,22367925303323.414,167880007.84119558,733164.5,283825.5,34.0
2021-12-02,56477.81640625,432.4227600097656,34639.7890625,15381.3203125,16475.25,1.4479999542236328,1760.699951171875,27.950000762939453,97.60735321044922,92.37395477294922,22335659268936.0,172098304.91522342,735956.75,273775.0,32.0
2021-12-03,53598.24609375,428.66021728515625,34580.078125,15085.4697265625,16347.8701171875,1.343000054359436,1782.0,30.670000076293945,97.16754913330078,92.0663833618164,22335659268936.0,176817129.4048344,738749.0,263724.5,31.0
2021-12-04,49200.703125,,,,,,,,,,22335659268936.0,181535953.89444536,735403.75,253674.0,25.0
2021-12-05,49368.84765625,,,,,,,,,,22335659268936.0,186254778.3840563,732058.5,256783.0,18.0
2021-12-06,50582.625,433.7369079589844,35227.03125,15225.150390625,16591.970703125,1.434000015258789,1777.5,27.18000030517578,98.72928619384766,93.68101501464844,22335659268936.0,190973602.87366727,728713.25,259892.0,16.0
2021-12-07,50700.0859375,442.708740234375,35719.4296875,15686.919921875,16853.5703125,1.4800000190734863,1782.5999755859375,21.889999389648438,100.21022033691406,95.03077697753906,22335659268936.0,186532356.2952099,725368.0,263001.0,25.0
2021-12-08,50504.796875,443.88092041015625,35754.75,15786.990234375,16899.919921875,1.5089999437332153,1783.4000244140625,19.899999618530273,100.82952117919922,95.71420288085938,22335659268936.0,182091109.71675253,693881.5,266110.0,28.0
2021-12-09,47672.12109375,440.8840637207031,35754.69140625,15517.3701171875,16780.470703125,1.4869999885559082,1774.5999755859375,21.579999923706055,99.54605865478516,94.33026885986328,22335659268936.0,177649863.13829517,662395.0,253284.5,29.0
2021-12-10,47243.3046875,445.0343933105469,35970.98828125,15630.599609375,16856.630859375,1.4889999628067017,1782.9000244140625,18.690000534057617,99.78837585449219,94.62073516845703,22335659268936.0,173208616.55983782,630908.5,240459.0,24.0
2021-12-11,49362.5078125,,,,,,,,,,22800566196855.5,174408369.28406417,599422.0,227633.5,16.0
2021-12-12,50098.3359375,,,,,,,,,,23265473124775.0,175608122.00829053,626481.25,214808.0,27.0
2021-12-13,46737.48046875,441.0920715332031,35650.94921875,15413.2802734375,16719.5703125,1.4240000247955322,1786.300048828125,20.309999465942383,100.8829116821289,95.50918579101562,23730380052694.5,176807874.73251686,653540.5,225157.5,28.0
2021-12-14,46612.6328125,438.057373046875,35544.1796875,15237.6396484375,16652.580078125,1.437999963760376,1770.4000244140625,21.889999389648438,99.64962005615234,94.28755187988281,24195286980614.0,178007627.4567432,680599.75,235507.0,21.0
2021-12-15,48896.72265625,444.90203857421875,35927.4296875,15565.580078125,16813.5703125,1.4630000591278076,1762.5999755859375,19.290000915527344,101.01892852783203,95.6116943359375,24195286980614.0,171993856.25888026,707659.0,245856.5,28.0
2021-12-16,47665.42578125,440.9786071777344,35897.640625,15180.4296875,16849.08984375,1.4220000505447388,1796.5999755859375,20.56999969482422,101.0461196899414,95.57752227783203,24195286980614.0,165980085.06101733,670222.75,256206.0,29.0
2021-12-17,46202.14453125,436.2853698730469,35365.44140625,15169.6796875,16668.640625,1.4019999504089355,1803.800048828125,21.56999969482422,100.84661865234375,95.45790100097656,24195286980614.0,159966313.86315438,632786.5,258891.25,23.0
2021-12-18,46848.77734375,,,,,,,,,,24195286980614.0,153952542.66529143,595350.25,261576.5,24.0
2021-12-19,46707.015625,,,,,,,,,,24195286980614.0,159966313.86315438,557914.0,264261.75,29.0
2021-12-20,46880.27734375,431.6460876464844,34932.16015625,14980.9404296875,16442.310546875,1.4190000295639038,1793.699951171875,22.8700008392334,100.03956604003906,94.71470642089844,24195286980614.0,165980085.06101733,604460.75,266947.0,25.0
2021-12-21,48936.61328125,439.31170654296875,35492.69921875,15341.08984375,16744.26953125,1.4869999885559082,1787.9000244140625,21.010000228881836,101.0461196899414,95.78254699707031,24195286980614.0,171993856.25888026,651007.5,265351.5,27.0
2021-12-22,48628.51171875,443.7042541503906,35753.890625,15521.8896484375,16874.880859375,1.4570000171661377,1801.5999755859375,18.6299991607666,102.02548217773438,96.76498413085938,24195286980614.0,178007627.4567432,697554.25,263756.0,45.0
2021-12-23,50784.5390625,446.465087890625,35950.55859375,15653.3701171875,16963.439453125,1.4930000305175781,1811.199951171875,17.959999084472656,101.934814453125,96.66248321533203,24214548234705.5,173926290.22423443,744101.0,262160.5,34.0
2021-12-24,50822.1953125,,,,,,,,,,24233809488797.0,169844952.99172568,726596.25,260565.0,41.0
2021-12-25,50429.859375,,,,,,,,,,24253070742888.5,165763615.7592169,709091.5,261779.25,39.0
2021-12-26,50809.515625,,,,,,,,,,24272331996980.0,161682278.52670813,691586.75,262993.5,37.0
2021-12-27,50640.41796875,452.7834777832031,36302.37890625,15871.259765625,17141.08984375,1.4809999465942383,1808.0999755859375,17.68000030517578,103.63961791992188,98.3034439086914,24272331996980.0,157157587.89629653,674082.0,264207.75,40.0
2021-12-28,47588.85546875,452.41351318359375,36398.2109375,15781.7197265625,17134.16015625,1.4809999465942383,1810.199951171875,17.540000915527344,103.99325561523438,98.66561889648438,24272331996980.0,152632897.26588494,681412.75,265422.0,41.0
2021-12-29,46444.7109375,452.99212646484375,36488.62890625,15766.2197265625,17149.9296875,1.5429999828338623,1805.0999755859375,16.950000762939453,104.67337036132812,99.32958984375,24272331996980.0,148108206.63547334,688743.5,245775.0,27.0
2021-12-30,47178.125,451.7398681640625,36398.078125,15741.5595703125,17164.240234375,1.5149999856948853,1812.699951171875,17.329999923706055,105.14490509033203,99.76074981689453,24272331996980.0,143583516.00506175,696074.25,226128.0,22.0
2021-12-31,46306.4453125,450.60137939453125,36338.30078125,15644.9697265625,17164.130859375,1.5119999647140503,1827.5,17.219999313354492,105.31719970703125,100.03670501708984,24272331996980.0,149918082.88763797,703405.0,206481.0,28.0
2022-01-01,47686.8125,,,,,,,,,,24272331996980.0,156252649.77021423,697696.25,186834.0,21.0
2022-01-02,47345.21875,,,,,,,,,,24272331996980.0,162587216.6527905,691987.5,208164.25,29.0
2022-01-03,46458.1171875,453.21044921875,36585.05859375,15832.7998046875,17226.099609375,1.628000020980835,1799.4000244140625,16.600000381469727,104.51921081542969,99.25198364257812,24272331996980.0,168921783.5353667,686278.75,229494.5,29.0
2022-01-04,45897.57421875,453.05853271484375,36799.6484375,15622.7197265625,17336.759765625,1.6679999828338623,1814.0,16.90999984741211,104.31970977783203,99.13125610351562,24272331996980.0,168921783.5353667,680570.0,250824.75,23.0
2022-01-05,43569.00390625,444.3588562011719,36407.109375,15100.169921875,17112.599609375,1.7050000429153442,1824.5999755859375,19.729999542236328,101.22747802734375,96.29425811767578,24272331996980.0,168921783.5353667,658181.0,272155.0,24.0
2022-01-06,43160.9296875,443.9414978027344,36236.46875,15080.8603515625,17156.51953125,1.7330000400543213,1788.699951171875,19.610000610351562,101.20933532714844,96.38050079345703,24272331996980.0,168921783.5353667,635792.0,256652.0,15.0
2022-01-07,41557.90234375,442.18634033203125,36231.66015625,14935.900390625,17166.279296875,1.7710000276565552,1797.0,18.760000228881836,100.52925109863281,95.74237060546875,24272331996980.0,168921783.5353667,613403.0,241149.0,18.0
2022-01-08,41733.94140625,,,,,,,,,,24297217651321.5,174546869.76064232,591014.0,225646.0,10.0
2022-01-09,41911.6015625,,,,,,,,,,24322103305663.0,180171955.98591793,613241.0,210143.0,23.0
2022-01-10,41821.26171875,441.63604736328125,36068.87109375,14942.830078125,17119.560546875,1.7799999713897705,1798.4000244140625,19.399999618530273,100.02142333984375,95.19050598144531,24346988960004.5,185797042.2111935,635468.0,226236.0,23.0
2022-01-11,42735.85546875,445.65863037109375,36252.01953125,15153.4501953125,17294.5390625,1.746000051498413,1818.5999755859375,18.40999984741211,100.27532958984375,95.33709716796875,24371874614346.0,191422128.4364691,657695.0,242329.0,21.0
2022-01-12,43949.1015625,446.8634338378906,36290.3203125,15188.3896484375,17353.759765625,1.725000023841858,1827.199951171875,17.6200008392334,100.3750991821289,95.44918060302734,24371874614346.0,193845193.35338646,679922.0,258422.0,22.0
2022-01-13,42591.5703125,440.70635986328125,36113.62109375,14806.8095703125,17259.01953125,1.7109999656677246,1821.199951171875,20.309999465942383,100.05769348144531,95.25948333740234,24371874614346.0,196268258.2703038,652410.5,274515.0,21.0
2022-01-14,43099.69921875,440.88665771484375,35911.80859375,14893.75,17219.060546875,1.7719999551773071,1816.5,19.190000534057617,99.10554504394531,94.39717102050781,24371874614346.0,198691323.1872211,624899.0,270421.5,21.0
2022-01-15,43177.3984375,,,,,,,,,,24371874614346.0,201114388.10413846,597387.5,266328.0,23.0
2022-01-16,43113.87890625,,,,,,,,,,24371874614346.0,203234569.90644112,569876.0,262234.5,21.0
2022-01-17,42250.55078125,,,,,,,,,,24371874614346.0,205354751.70874378,598310.25,258141.0,22.0
2022-01-18,42375.6328125,433.0786437988281,35368.46875,14506.900390625,16950.91015625,1.8650000095367432,1812.300048828125,22.790000915527344,98.21687316894531,93.405517578125,24371874614346.0,207474933.51104644,626744.5,261692.75,24.0
2022-01-19,41744.328125,428.5818176269531,35028.6484375,14340.259765625,16818.98046875,1.8270000219345093,1843.0999755859375,23.850000381469727,96.98359680175781,92.14655303955078,24371874614346.0,209595115.3133491,655178.75,265244.5,24.0
2022-01-20,40680.41796875,423.8382568359375,34715.390625,14154.01953125,16663.76953125,1.8329999446868896,1842.5,25.59000015258789,95.77755737304688,90.96517181396484,24939702274893.25,203882843.76704392,683613.0,268796.25,24.0
2022-01-21,36457.31640625,415.5179748535156,34265.37109375,13768.919921875,16397.33984375,1.746999979019165,1831.800048828125,28.850000381469727,95.55085754394531,90.7409896850586,25507529935440.5,198170572.22073877,679922.25,272348.0,19.0
2022-01-22,35030.25,,,,,,,,,,26075357595987.75,192458300.6744336,676231.5,270543.0,13.0
2022-01-23,36276.8046875,,,,,,,,,,26643185256535.0,186746029.1281284,672540.75,268738.0,11.0
2022-01-24,36654.328125,417.28265380859375,34364.5,13855.1298828125,16413.970703125,1.7350000143051147,1841.699951171875,29.899999618530273,95.70500183105469,90.91344451904297,26643185256535.0,183434929.3208921,668850.0,266933.0,13.0
2022-01-25,36954.00390625,412.18798828125,34297.73046875,13539.2900390625,16340.3203125,1.7829999923706055,1852.699951171875,31.15999984741211,95.26972961425781,90.55126190185547,26643185256535.0,180123829.51365578,671787.25,265128.0,12.0
2022-01-26,36852.12109375,411.1539611816406,34168.08984375,13542.1201171875,16236.509765625,1.8480000495910645,1829.9000244140625,31.959999084472656,93.72816467285156,89.13707733154297,26643185256535.0,176812729.70641947,674724.5,256605.5,23.0
2022-01-27,37138.234375,409.1236267089844,34160.78125,13352.7802734375,16152.1201171875,1.8070000410079956,1793.300048828125,30.489999771118164,92.32259368896484,87.66253662109375,26643185256535.0,173501629.89918315,677661.75,248083.0,20.0
2022-01-28,37784.33203125,419.2843933105469,34725.46875,13770.5703125,16397.859375,1.781999945640564,1784.9000244140625,27.65999984741211,95.19718170166016,90.49952697753906,26643185256535.0,177474949.66786674,680599.0,239560.5,24.0
2022-01-29,38138.1796875,,,,,,,,,,26643185256535.0,181448269.43655032,682390.0,231038.0,24.0
2022-01-30,37917.6015625,,,,,,,,,,26643185256535.0,185421589.2052339,684181.0,243024.75,29.0
2022-01-31,38483.125,426.8361511230469,35131.859375,14239.8798828125,16659.76953125,1.781999945640564,1795.0,24.829999923706055,96.6480712890625,91.61190795898438,26643185256535.0,189394908.97391748,685972.0,255011.5,20.0
2022-02-01,38743.2734375,429.7202453613281,35405.23828125,14346.0,16829.720703125,1.7999999523162842,1800.300048828125,21.959999084472656,96.11306762695312,91.28424835205078,26653563647918.258,185157547.86692813,687763.0,266998.25,26.0
2022-02-02,36952.984375,433.89459228515625,35629.328125,14417.5498046875,16904.51953125,1.7660000324249268,1809.199951171875,22.09000015258789,97.44607543945312,92.44837188720703,26663942039301.516,180920186.75993878,684134.5,278985.0,28.0
2022-02-03,37154.6015625,423.6959228515625,35111.16015625,13878.8203125,16677.390625,1.8270000219345093,1803.0,24.350000381469727,96.22188568115234,91.46531677246094,26674320430684.773,176682825.65294942,680506.0,264037.75,20.0
2022-02-04,41500.875,425.6882019042969,35089.73828125,14098.009765625,16701.580078125,1.9299999475479126,1806.5999755859375,23.219999313354492,95.33318328857422,90.55988311767578,26684698822068.03,172445464.54596007,676877.5,249090.5,20.0
2022-02-05,41441.1640625,,,,,,,,,,26686155438402.523,180415636.94031596,673249.0,234143.25,33.0
2022-02-06,42412.43359375,,,,,,,,,,26687612054737.016,188385809.33467185,670773.75,219196.0,37.0
2022-02-07,43840.28515625,424.322021484375,35091.12890625,14015.669921875,16722.759765625,1.9160000085830688,1820.5999755859375,22.860000610351562,95.16997528076172,90.4305419921875,26689068671071.508,196355981.72902775,668298.5,229600.25,45.0
2022-02-08,44118.4453125,427.8132629394531,35462.78125,14194.4501953125,16853.7109375,1.9539999961853027,1826.5999755859375,21.440000534057617,94.67123413085938,90.00802612304688,26690525287406.0,204326154.12338364,665823.25,240004.5,48.0
2022-02-09,44338.796875,434.0748291015625,35768.05859375,14490.3701171875,17069.66015625,1.9290000200271606,1835.199951171875,19.959999084472656,96.83851623535156,92.04304504394531,26690525287406.0,215272198.0942792,663348.0,250408.75,54.0
2022-02-10,43565.11328125,426.27642822265625,35241.58984375,14185.6396484375,16855.9609375,2.0309998989105225,1836.199951171875,23.90999984741211,94.41731262207031,89.87004852294922,26690525287406.0,226218242.06517476,645142.75,260813.0,50.0
2022-02-11,42407.9375,417.87078857421875,34738.05859375,13791.150390625,16664.990234375,1.9550000429153442,1840.800048828125,27.360000610351562,93.43795013427734,89.05084228515625,26690525287406.0,237164286.03607032,626937.5,257507.75,50.0
2022-02-12,42244.46875,,,,,,,,,,26690525287406.0,248110330.00696588,608732.25,254202.5,44.0
2022-02-13,42197.515625,,,,,,,,,,26690525287406.0,237827682.64036703,590527.0,250897.25,44.0
2022-02-14,42586.91796875,416.5046081542969,34566.171875,13790.919921875,16531.310546875,1.996000051498413,1868.0,28.329999923706055,92.56742858886719,88.24026489257812,26690525287406.0,227545035.27376816,609252.5,247592.0,46.0
2022-02-15,44575.203125,423.2215576171875,34988.83984375,14139.759765625,16745.830078125,2.0450000762939453,1854.800048828125,25.700000762939453,93.27474975585938,89.03362274169922,26690525287406.0,217262387.90716928,627978.0,250957.75,46.0
2022-02-16,43961.859375,423.6959228515625,34934.26953125,14124.08984375,16770.359375,2.046999931335449,1870.199951171875,24.290000915527344,93.58306121826172,89.4475326538086,26690525287406.0,206979740.54057044,646703.5,254323.5,51.0
2022-02-17,40538.01171875,414.6451416015625,34312.03125,13716.7197265625,16492.05078125,1.972000002861023,1900.699951171875,28.110000610351562,92.53114318847656,88.49896240234375,27009682098663.0,205283974.35919768,665429.0,257689.25,52.0
2022-02-18,40030.9765625,411.9602966308594,34079.1796875,13548.0703125,16392.3203125,1.9320000410079956,1898.5999755859375,27.75,92.05054473876953,87.96434020996094,27328838909920.0,203588208.17782488,652985.75,261055.0,30.0
2022-02-19,40122.15625,,,,,,,,,,27647995721177.0,201892441.9964521,640542.5,260857.5,25.0
2022-02-20,38431.37890625,,,,,,,,,,27967152532434.0,200196675.81507933,628099.25,260660.0,27.0
2022-02-21,37075.28125,,,,,,,,,,27967152532434.0,196025911.7355985,615656.0,260462.5,25.0
2022-02-22,38286.02734375,407.53924560546875,33596.609375,13381.51953125,16215.6201171875,1.9479999542236328,1906.0999755859375,28.809999465942383,91.57899475097656,87.64527893066406,27967152532434.0,191855147.6561177,633603.75,260265.0,20.0
2022-02-23,37296.5703125,400.31005859375,33131.76171875,13037.490234375,16019.580078125,1.9769999980926514,1909.199951171875,31.020000457763672,89.96485900878906,86.19659423828125,27967152532434.0,187684383.5766369,651551.5,250304.5,25.0
2022-02-24,38332.609375,406.33441162109375,33223.828125,13473.58984375,15995.990234375,1.968999981880188,1925.0999755859375,30.31999969482422,91.56085968017578,87.64527893066406,27967152532434.0,183513619.49715608,669499.25,240344.0,23.0
2022-02-25,39214.21875,415.2996826171875,34058.75,13694.6201171875,16427.9609375,1.9859999418258667,1886.5,27.59000015258789,93.76443481445312,89.7579345703125,27967152532434.0,191160020.3095376,687447.0,230383.5,27.0
2022-02-26,39105.1484375,,,,,,,,,,27967152532434.0,198806421.1219191,696301.0,220423.0,26.0
2022-02-27,37709.78515625,,,,,,,,,,27967152532434.0,206452821.9343006,705155.0,237481.5,26.0
2022-02-28,43193.234375,414.2370910644531,33892.6015625,13751.400390625,16313.8896484375,1.8389999866485596,1899.4000244140625,30.149999618530273,92.21376037597656,88.42135620117188,27967152532434.0,214099222.7466821,714009.0,254540.0,20.0
2022-03-01,44354.63671875,407.9282531738281,33294.94921875,13532.4599609375,16069.16015625,1.7070000171661377,1942.4000244140625,33.31999969482422,91.97798919677734,87.95570373535156,27862947420411.5,208165738.72138712,722863.0,271598.5,51.0
2022-03-02,43924.1171875,415.43255615234375,33891.3515625,13752.01953125,16380.91015625,1.8650000095367432,1920.9000244140625,30.739999771118164,93.56492614746094,89.60272216796875,27758742308389.0,202232254.69609213,690891.5,288657.0,52.0
2022-03-03,42451.7890625,413.3643798828125,33794.66015625,13537.9404296875,16287.490234375,1.843999981880188,1934.4000244140625,30.479999542236328,94.33570861816406,90.33568572998047,27654537196366.5,196298770.6707971,658920.0,268271.75,39.0
2022-03-04,39137.60546875,410.00592041015625,33614.80078125,13313.4404296875,16129.66015625,1.7239999771118164,1965.0999755859375,31.979999542236328,94.79817962646484,90.74959564208984,27550332084344.0,190365286.64550212,626948.5,247886.5,33.0
2022-03-05,39400.5859375,,,,,,,,,,27550332084344.0,193446739.1271739,594977.0,227501.25,22.0
2022-03-06,38419.984375,,,,,,,,,,27550332084344.0,196528191.6088457,621822.75,207116.0,22.0
2022-03-07,38062.0390625,397.9193420410156,32817.37890625,12830.9599609375,15708.23046875,1.7510000467300415,1993.9000244140625,36.45000076293945,92.85760498046875,88.95600891113281,27550332084344.0,199609644.09051752,648668.5,220725.25,23.0
2022-03-08,38737.26953125,394.9024353027344,32632.640625,12795.5498046875,15625.9296875,1.871999979019165,2040.0999755859375,35.130001068115234,92.34071350097656,88.52483367919922,27550332084344.0,202691096.5721893,675514.25,234334.5,21.0
2022-03-09,41982.92578125,405.49005126953125,33286.25,13255.5498046875,15977.5400390625,1.9479999542236328,1985.9000244140625,32.45000076293945,93.8188247680664,89.88729858398438,27550332084344.0,205430165.44478646,702360.0,247943.75,22.0
2022-03-10,39437.4609375,403.6590881347656,33174.0703125,13129.9599609375,15929.5595703125,2.010999917984009,1998.0999755859375,30.229999542236328,94.04552459716797,90.11149597167969,27550332084344.0,208169234.3173836,665406.0,261553.0,28.0
2022-03-11,38794.97265625,398.5265197753906,32944.19140625,12843.8095703125,15753.7001953125,2.003999948501587,1982.699951171875,30.75,93.25659942626953,89.39575958251953,27550332084344.0,210908303.18998075,628452.0,261062.75,22.0
2022-03-12,38904.01171875,,,,,,,,,,27550332084344.0,213647372.0625779,591498.0,260572.5,22.0
2022-03-13,37849.6640625,,,,,,,,,,27550332084344.0,213304988.45350325,554544.0,260082.25,21.0
2022-03-14,39666.75390625,395.6139831542969,32945.23828125,12581.2197265625,15694.349609375,2.140000104904175,1959.5999755859375,31.770000457763672,92.59463500976562,88.6972885131836,27550332084344.0,212962604.8444286,601757.75,259592.0,23.0
2022-03-15,39338.78515625,404.3136291503906,33544.33984375,12948.6201171875,15895.669921875,2.1600000858306885,1928.5,29.829999923706055,93.23847198486328,89.29228973388672,27550332084344.0,212620221.23535395,648971.5,260023.5,21.0
2022-03-16,41143.9296875,413.2789611816406,34063.1015625,13436.5498046875,16261.5,2.187999963760376,1908.0,26.670000076293945,94.40825653076172,90.35294342041016,27550332084344.0,212277837.6262793,696185.25,260455.0,24.0
2022-03-17,40951.37890625,418.4494934082031,34480.76171875,13614.7802734375,16483.580078125,2.191999912261963,1942.0999755859375,25.670000076293945,95.78659057617188,91.74989318847656,27525925987374.5,211748616.0334167,743399.0,260886.5,27.0
2022-03-18,41801.15625,423.0326843261719,34754.9296875,13893.83984375,16612.640625,2.1480000019073486,1928.199951171875,23.8700008392334,95.96797943115234,91.74989318847656,27501519890405.0,211219394.4405541,723470.25,261318.0,25.0
2022-03-19,42190.65234375,,,,,,,,,,27477113793435.5,210690172.84769154,703541.5,262130.75,28.0
2022-03-20,41247.82421875,,,,,,,,,,27452707696466.0,210160951.25482893,683612.75,262943.5,31.0
2022-03-21,41077.99609375,422.9089660644531,34552.98828125,13838.4599609375,16606.669921875,2.315000057220459,1928.5999755859375,23.530000686645508,95.46015167236328,91.18936920166016,27452707696466.0,206408077.1252784,663684.0,263756.25,30.0
2022-03-22,42358.80859375,427.85760498046875,34807.4609375,14108.8203125,16735.48046875,2.372999906539917,1920.699951171875,22.940000534057617,95.72312927246094,91.42221069335938,27452707696466.0,202655202.99572793,685997.5,264569.0,26.0
2022-03-23,42892.95703125,422.3475036621094,34358.5,13922.599609375,16558.529296875,2.321000099182129,1936.5999755859375,23.56999969482422,94.68936157226562,90.3965072631836,27452707696466.0,198902328.86617744,708311.0,256184.5,31.0
2022-03-24,43960.93359375,428.7140808105469,34707.94140625,14191.83984375,16701.8203125,2.3410000801086426,1961.5999755859375,21.670000076293945,95.29308319091797,90.96875,27452707696466.0,195149454.73662692,730624.5,247800.0,40.0
2022-03-25,44348.73046875,430.8077697753906,34861.23828125,14169.2998046875,16792.80078125,2.492000102996826,1953.800048828125,20.809999465942383,96.40399932861328,92.10455322265625,27452707696466.0,200608180.74324584,752938.0,239415.5,47.0
2022-03-26,44500.828125,,,,,,,,,,27452707696466.0,206066906.74986476,741356.25,231031.0,51.0
2022-03-27,46820.4921875,,,,,,,,,,27452707696466.0,211525632.75648367,729774.5,241489.25,49.0
2022-03-28,47128.00390625,433.87213134765625,34955.890625,14354.900390625,16798.720703125,2.4769999980926514,1939.5999755859375,19.6299991607666,97.4967041015625,93.08429718017578,27452707696466.0,216984358.7631026,718192.75,251947.5,60.0
2022-03-29,47465.73046875,439.2394714355469,35294.19140625,14619.6396484375,17014.759765625,2.4000000953674316,1912.0,18.899999618530273,100.27400207519531,95.8154525756836,27736319717898.25,212831170.6434961,706611.0,262405.75,56.0
2022-03-30,47062.6640625,436.5273132324219,35228.80859375,14442.26953125,16932.759765625,2.3580000400543213,1933.5,19.329999923706055,99.59105682373047,95.12181091308594,28019931739330.5,208677982.5238896,695147.0,272864.0,55.0
2022-03-31,45538.67578125,429.8085632324219,34678.3515625,14220.51953125,16670.91015625,2.3269999027252197,1949.199951171875,20.559999465942383,98.54388427734375,93.95999145507812,28303543760762.75,204524794.40428308,683683.0,261039.0,52.0
2022-04-01,46281.64453125,431.0267028808594,34818.26953125,14261.5,16787.75,2.377000093460083,1919.0999755859375,19.6299991607666,100.19205474853516,95.7894287109375,28587155782195.0,200371606.28467658,672219.0,249214.0,50.0
2022-04-02,45868.94921875,,,,,,,,,,28587155782195.0,201792681.50655374,660755.0,237389.0,52.0
2022-04-03,46453.56640625,,,,,,,,,,28587155782195.0,203213756.72843087,662088.25,225564.0,48.0
2022-04-04,46622.67578125,434.7191467285156,34921.87890625,14532.5498046875,16829.75,2.4119999408721924,1929.199951171875,18.56999969482422,99.82781982421875,95.32123565673828,28587155782195.0,204634831.95030802,663421.5,236524.0,52.0
2022-04-05,45555.9921875,429.22802734375,34641.1796875,14204.169921875,16645.05078125,2.555999994277954,1922.9000244140625,21.030000686645508,99.49999237060547,94.8530502319336,28587155782195.0,206055907.17218518,664754.75,247484.0,53.0
2022-04-06,43206.73828125,424.9360046386719,34496.51171875,13888.8203125,16587.099609375,2.6089999675750732,1918.4000244140625,22.100000381469727,100.6655502319336,95.98016357421875,28587155782195.0,208898057.61593944,666088.0,258444.0,48.0
2022-04-07,43503.84765625,427.07720947265625,34583.5703125,13897.2998046875,16631.44921875,2.6519999504089355,1933.800048828125,21.549999237060547,99.90975952148438,95.02643585205078,28587155782195.0,211740208.05969372,637465.0,269404.0,34.0
2022-04-08,42287.6640625,425.935302734375,34721.12109375,13711.0,16689.94921875,2.7130000591278076,1941.5999755859375,21.15999984741211,100.02814483642578,95.18251037597656,28587155782195.0,214582358.503448,608842.0,271208.75,37.0
2022-04-09,42782.13671875,,,,,,,,,,28587155782195.0,217424508.94720227,580219.0,273013.5,30.0
2022-04-10,42207.671875,,,,,,,,,,28587155782195.0,212806014.47610158,551596.0,274818.25,34.0
2022-04-11,39521.90234375,418.6550598144531,34308.078125,13411.9599609375,16534.19921875,2.7799999713897705,1944.300048828125,24.3700008392334,98.91722106933594,94.15940856933594,28587155782195.0,208187520.00500086,582092.5,276623.0,32.0
2022-04-12,40127.18359375,417.1038513183594,34220.359375,13371.5703125,16465.990234375,2.7249999046325684,1972.0999755859375,24.260000228881836,98.69868469238281,94.02068328857422,28587155782195.0,203569025.53390014,612589.0,271175.0,20.0
2022-04-13,41166.73046875,421.8811950683594,34564.58984375,13643.58984375,16614.7890625,2.687000036239624,1981.0,21.81999969482422,99.28146362304688,94.68830871582031,28587155782195.0,198950531.06279945,643085.5,265727.0,25.0
2022-04-14,39935.515625,416.62799072265625,34451.23046875,13351.080078125,16511.509765625,2.828000068664551,1970.9000244140625,22.700000762939453,98.79886627197266,94.28079986572266,28496848874449.0,207091536.37850875,673582.0,260279.0,28.0
2022-04-15,40553.46484375,,,,,,,,,,28406541966703.0,215232541.69421804,663007.0,254831.0,22.0
2022-04-16,40424.484375,,,,,,,,,,28316235058957.0,223373547.0099273,652432.0,259415.25,28.0
2022-04-17,39716.953125,,,,,,,,,,28225928151211.0,231514552.3256366,641857.0,263999.5,28.0
2022-04-18,40826.21484375,416.7992858886719,34411.69140625,13332.3603515625,16466.2109375,2.861999988555908,1982.9000244140625,22.170000076293945,98.4437255859375,93.89932250976562,28225928151211.0,232917670.82457983,631282.0,268583.75,24.0
2022-04-19,41502.75,423.5276184082031,34911.19921875,13619.66015625,16658.900390625,2.9130001068115234,1955.699951171875,21.3700008392334,100.51075744628906,95.94549560546875,28225928151211.0,234320789.3235231,641327.25,273168.0,27.0
2022-04-20,41374.37890625,423.2135009765625,35160.7890625,13453.0703125,16761.349609375,2.8399999141693115,1952.300048828125,20.31999969482422,102.33194732666016,97.54082489013672,28225928151211.0,235723907.82246637,651372.5,263620.5,27.0
2022-04-21,40527.36328125,416.8849792480469,34792.76171875,13174.650390625,16499.330078125,2.9170000553131104,1944.9000244140625,22.68000030517578,101.5215072631836,96.86455535888672,28225928151211.0,237127026.3214096,661417.75,254073.0,27.0
2022-04-22,39740.3203125,405.44598388671875,33811.3984375,12839.2900390625,16056.8701171875,2.9059998989105225,1931.0,28.209999084472656,99.76407623291016,95.16517639160156,28225928151211.0,234671568.94825894,671463.0,244525.5,26.0
2022-04-23,39486.73046875,,,,,,,,,,28225928151211.0,232216111.57510823,675933.5,234978.0,24.0
2022-04-24,39469.29296875,,,,,,,,,,28225928151211.0,229760654.20195752,680404.0,248009.75,24.0
2022-04-25,40458.30859375,407.7966613769531,34049.4609375,13004.849609375,16054.759765625,2.8259999752044678,1893.199951171875,27.020000457763672,99.42716979980469,94.92240905761719,28225928151211.0,227305196.82880685,684874.5,261041.5,23.0
2022-04-26,38117.4609375,395.9864196777344,33240.1796875,12490.740234375,15694.240234375,2.7720000743865967,1901.4000244140625,33.52000045776367,97.80631256103516,93.36174774169922,28618048010736.25,226019698.92359698,689345.0,274073.25,27.0
2022-04-27,39241.12109375,397.099853515625,33301.9296875,12488.9296875,15741.8203125,2.818000078201294,1885.9000244140625,31.600000381469727,97.22351837158203,92.74616241455078,29010167870261.5,224734201.01838714,688079.25,287105.0,21.0
2022-04-28,39773.828125,407.13043212890625,33916.390625,12871.5302734375,16032.6796875,2.86299991607666,1888.699951171875,29.989999771118164,99.03559112548828,94.45420837402344,29402287729786.75,223448703.1131773,686813.5,273409.25,24.0
2022-04-29,38609.82421875,392.0846862792969,32977.2109375,12334.6396484375,15615.25,2.88700008392334,1909.300048828125,33.400001525878906,94.47354888916016,90.11904907226562,29794407589312.0,222163205.20796743,685547.75,259713.5,23.0
2022-04-30,37714.875,,,,,,,,,,29794407589312.0,222163205.20796743,684282.0,246017.75,20.0
2022-05-01,38469.09375,,,,,,,,,,29794407589312.0,222163205.20796743,666973.5,232322.0,22.0
2022-05-02,38529.328125,394.4447937011719,33061.5,12536.01953125,15609.2802734375,2.996000051498413,1861.800048828125,32.34000015258789,92.14244842529297,87.94280242919922,29794407589312.0,222163205.20796743,649665.0,253181.25,28.0
2022-05-03,37750.453125,396.25299072265625,33128.7890625,12563.759765625,15729.5302734375,2.9600000381469727,1868.800048828125,29.25,93.52654266357422,89.03527069091797,29794407589312.0,222163205.20796743,632356.5,274040.5,27.0
2022-05-04,39698.37109375,408.32000732421875,34061.05859375,12964.8603515625,16119.6103515625,2.9170000553131104,1867.0,25.420000076293945,94.55549621582031,90.05836486816406,29794407589312.0,219571301.14720783,615048.0,294899.75,21.0
2022-05-05,36575.140625,393.8071594238281,32997.96875,12317.6904296875,15652.6103515625,3.065999984741211,1874.0,31.200000762939453,92.08781433105469,87.65668487548828,29794407589312.0,216979397.0864482,610612.25,315759.0,27.0
2022-05-06,36040.921875,391.45660400390625,32899.37109375,12144.66015625,15566.5595703125,3.122999906539917,1881.199951171875,30.190000534057617,90.90403747558594,86.61624908447266,29794407589312.0,214387493.0256886,606176.5,306697.0,22.0
2022-05-07,35501.953125,,,,,,,,,,29794407589312.0,211795588.96492898,601740.75,297635.0,23.0
2022-05-08,34059.265625,,,,,,,,,,30158581033411.75,215161091.19652054,597305.0,288573.0,18.0
2022-05-09,30296.953125,378.9231872558594,32245.69921875,11623.25,15057.8701171875,3.0789999961853027,1857.0999755859375,34.75,87.05225372314453,82.80133819580078,30522754477511.5,218526593.4281121,630607.75,279511.0,11.0
2022-05-10,31022.90625,379.7987060546875,32160.740234375,11737.669921875,15025.740234375,2.993000030517578,1839.9000244140625,32.9900016784668,85.36768341064453,81.29268646240234,30886927921611.25,221892095.65970364,663910.5,277103.25,10.0
2022-05-11,28936.35546875,373.76519775390625,31834.109375,11364.240234375,14902.1396484375,2.9210000038146973,1852.5999755859375,32.560001373291016,85.18556213378906,81.11929321289062,31251101365711.0,225257597.8912952,697213.25,274695.5,12.0
2022-05-12,29047.751953125,373.3750305175781,31730.30078125,11370.9599609375,14931.099609375,2.816999912261963,1823.800048828125,31.770000457763672,85.795654296875,81.7522201538086,31251101365711.0,216324969.009399,730516.0,272287.75,12.0
2022-05-13,29283.103515625,382.3016052246094,32196.66015625,11805.0,15257.3603515625,2.934999942779541,1807.4000244140625,28.8700008392334,88.11764526367188,83.91111755371094,31251101365711.0,207392340.1275028,713831.75,269880.0,10.0
2022-05-14,30101.265625,,,,,,,,,,31251101365711.0,198459711.2456066,697147.5,272034.0,9.0
2022-05-15,31305.11328125,,,,,,,,,,31251101365711.0,189527082.3637104,680463.25,274188.0,10.0
2022-05-16,29862.91796875,380.7503356933594,32223.419921875,11662.7900390625,15259.8203125,2.877000093460083,1813.5,27.469999313354492,87.53486633300781,83.38225555419922,31251101365711.0,189527082.3637104,663779.0,276342.0,14.0
2022-05-17,30425.857421875,388.58258056640625,32654.58984375,11984.51953125,15541.91015625,2.9679999351501465,1818.199951171875,26.100000381469727,88.50919342041016,84.51805114746094,31251101365711.0,189527082.3637104,664985.5,278496.0,8.0
2022-05-18,28720.271484375,372.9181823730469,31490.0703125,11418.150390625,15044.51953125,2.885999917984009,1815.9000244140625,30.959999084472656,85.95045471191406,82.06434631347656,31251101365711.0,189527082.3637104,666192.0,265178.25,12.0
2022-05-19,30314.333984375,370.6341857910156,31253.130859375,11388.5,15035.8701171875,2.8550000190734863,1841.199951171875,29.350000381469727,85.74101257324219,81.70021057128906,31251101365711.0,189527082.3637104,667398.5,251860.5,13.0
2022-05-20,29200.740234375,370.79595947265625,31261.900390625,11354.6201171875,15080.98046875,2.7869999408721924,1841.800048828125,29.43000030517578,86.39663696289062,82.22041320800781,31251101365711.0,204285338.77727804,668605.0,238542.75,13.0
2022-05-21,29432.2265625,,,,,,,,,,31251101365711.0,219043595.19084567,651477.25,225225.0,13.0
2022-05-22,30323.72265625,,,,,,,,,,31251101365711.0,233801851.60441327,634349.5,241129.25,14.0
2022-05-23,29098.91015625,377.7336120605469,31880.240234375,11535.26953125,15342.9599609375,2.8589999675750732,1847.800048828125,28.479999542236328,87.45292663574219,83.17414855957031,31251101365711.0,248560108.0179809,617221.75,257033.5,10.0
2022-05-24,29655.5859375,374.8500671386719,31928.619140625,11264.4501953125,15290.3798828125,2.759999990463257,1865.0999755859375,29.450000762939453,88.29066467285156,83.87644958496094,30912678446491.75,237694267.25513634,600094.0,272937.75,12.0
2022-05-25,29562.361328125,378.16180419921875,32120.279296875,11434.740234375,15412.1904296875,2.749000072479248,1846.199951171875,28.3700008392334,88.91895294189453,84.58740234375,30574255527272.5,226828426.49229178,594159.75,288842.0,11.0
2022-05-26,29267.224609375,385.7180480957031,32637.189453125,11740.650390625,15664.0,2.75600004196167,1847.4000244140625,27.5,89.00092315673828,84.69145965576172,30235832608053.25,215962585.72944722,588225.5,268596.25,12.0
2022-05-27,28627.57421875,395.18707275390625,33212.9609375,12131.1298828125,15942.6201171875,2.743000030517578,1851.300048828125,25.719999313354492,91.38665771484375,86.96308135986328,29897409688834.0,205096744.96660265,582291.25,248350.5,12.0
2022-05-28,28814.900390625,,,,,,,,,,29897409688834.0,208069161.56032154,576357.0,228104.75,13.0
2022-05-29,29445.95703125,,,,,,,,,,29897409688834.0,211041578.1540404,603110.75,207859.0,14.0
2022-05-30,31726.390625,,,,,,,,,,29897409688834.0,214013994.74775928,629864.5,222119.5,10.0
2022-05-31,31792.310546875,392.9697265625,32990.12109375,12081.3896484375,15827.0498046875,2.8440001010894775,1842.699951171875,26.190000534057617,90.27574920654297,85.8966293334961,29897409688834.0,216986411.34147817,656618.25,236380.0,16.0
2022-06-01,29799.080078125,389.7911376953125,32813.23046875,11994.4599609375,15709.6103515625,2.930999994277954,1843.300048828125,25.690000534057617,89.47442626953125,85.18566131591797,29897409688834.0,214385546.82197416,683372.0,250640.5,17.0
2022-06-02,30467.48828125,397.2140808105469,33248.28125,12316.900390625,15960.5302734375,2.9130001068115234,1866.5,24.719999313354492,90.76744079589844,86.35614776611328,29897409688834.0,211784682.30247015,647049.75,264901.0,13.0
2022-06-03,29704.390625,390.69525146484375,32899.69921875,12012.73046875,15797.169921875,2.9570000171661377,1845.4000244140625,24.790000915527344,89.5563735961914,85.2030029296875,29897409688834.0,209183817.7829661,610727.5,265906.0,10.0
2022-06-04,29832.9140625,,,,,,,,,,29897409688834.0,206582953.2634621,574405.25,266911.0,14.0
2022-06-05,29906.662109375,,,,,,,,,,29949980944892.414,221538657.1316325,538083.0,267916.0,10.0
2022-06-06,31370.671875,391.8848876953125,32915.78125,12061.3701171875,15848.4501953125,3.0380001068115234,1839.199951171875,25.06999969482422,89.24678039550781,84.93421936035156,30002552200950.83,236494360.99980295,569043.0,268921.0,13.0
2022-06-07,31155.478515625,395.64385986328125,33180.140625,12175.23046875,16019.5595703125,2.9719998836517334,1847.5,24.020000457763672,90.43965911865234,86.10469818115234,30055123457009.242,251450064.8679734,600003.0,267154.75,15.0
2022-06-08,30214.35546875,391.3423156738281,32910.8984375,12086.26953125,15843.830078125,3.0290000438690186,1851.9000244140625,23.959999084472656,88.3635025024414,84.11921691894531,30107694713067.656,266405768.7361438,630963.0,265388.5,17.0
2022-06-09,30111.998046875,382.0351257324219,32272.7890625,11754.23046875,15472.4599609375,3.0439999103546143,1848.800048828125,26.09000015258789,86.40332794189453,82.12503814697266,30151594421734.992,247600480.8812244,661923.0,263622.25,11.0
2022-06-10,29083.8046875,370.957763671875,31392.7890625,11340.01953125,15096.6904296875,3.1559998989105225,1871.5,27.75,84.50254821777344,80.30428314208984,30195494130402.33,228795193.02630496,673537.5,261856.0,13.0
2022-06-11,28360.810546875,,,,,,,,,,30239393839069.664,209989905.17138556,685152.0,267199.75,12.0
2022-06-12,26762.6484375,,,,,,,,,,30283293547737.0,191184617.31646615,696766.5,272543.5,14.0
2022-06-13,22487.388671875,356.8731689453125,30516.740234375,10809.23046875,14527.900390625,3.365999937057495,1828.0,34.02000045776367,80.33545684814453,76.28992462158203,30283293547737.0,188173835.9414037,708381.0,277887.25,11.0
2022-06-14,22206.79296875,355.7978210449219,30364.830078125,10828.349609375,14444.6396484375,3.4830000400543213,1809.5,32.689998626708984,79.70490264892578,75.70902252197266,30283293547737.0,185163054.56634122,697243.5,283231.0,8.0
2022-06-15,22572.83984375,360.8701477050781,30668.529296875,11099.150390625,14595.23046875,3.3949999809265137,1815.300048828125,29.6200008392334,81.50515747070312,77.50377655029297,30283293547737.0,182152273.1912788,686106.0,274395.75,7.0
2022-06-16,20381.650390625,348.92681884765625,29927.0703125,10646.099609375,14142.1904296875,3.306999921798706,1845.699951171875,32.95000076293945,79.4581527709961,75.46626281738281,30283293547737.0,179141491.81621632,674968.5,265560.5,7.0
2022-06-17,20471.482421875,349.6789855957031,29888.779296875,10798.349609375,14097.0498046875,3.239000082015991,1835.5999755859375,31.1299991607666,80.10698699951172,76.03849029541016,30283293547737.0,184034011.55069283,663831.0,256725.25,9.0
2022-06-18,19017.642578125,,,,,,,,,,30283293547737.0,188926531.2851693,659802.25,247890.0,6.0
2022-06-19,20553.271484375,,,,,,,,,,30283293547737.0,193819051.0196458,655773.5,249785.5,6.0
2022-06-20,20599.537109375,,,,,,,,,,30283293547737.0,198711570.75412232,651744.75,251681.0,9.0
2022-06-21,20710.59765625,358.4817199707031,30530.25,11069.2998046875,14414.25,3.306999921798706,1834.5999755859375,30.190000534057617,81.35894775390625,77.09627532958984,30105012319892.25,196439277.11859164,647716.0,253576.5,9.0
2022-06-22,19987.029296875,357.83172607421875,30483.130859375,11053.080078125,14352.7802734375,3.1559998989105225,1834.300048828125,28.950000762939453,82.52865600585938,78.07601928710938,29926731092047.5,194166983.48306096,625234.75,255472.0,11.0
2022-06-23,21085.876953125,361.3394470214844,30677.359375,11232.1904296875,14402.1201171875,3.068000078201294,1825.699951171875,29.049999237060547,84.1461410522461,79.55936431884766,29748449864202.75,191894689.84753025,602753.5,243292.75,11.0
2022-06-24,21231.65625,372.8277893066406,31500.6796875,11607.6201171875,14811.5498046875,3.125,1826.5,27.229999542236328,85.93727111816406,81.25211334228516,29570168636358.0,189622396.21199957,580272.25,231113.5,11.0
2022-06-25,21502.337890625,,,,,,,,,,29570168636358.0,195869645.6996042,557791.0,218934.25,14.0
2022-06-26,21027.294921875,,,,,,,,,,29570168636358.0,202116895.18720886,582080.5,206755.0,14.0
2022-06-27,20735.478515625,371.40374755859375,31438.259765625,11524.5498046875,14835.2998046875,3.194000005722046,1820.9000244140625,26.950000762939453,85.7453842163086,81.12995910644531,29570168636358.0,208364144.6748135,606370.0,222869.5,12.0
2022-06-28,20280.634765625,363.8148498535156,30946.990234375,11181.5400390625,14667.3203125,3.2060000896453857,1817.5,28.360000610351562,84.73099517822266,80.14395904541016,29570168636358.0,214611394.16241816,630659.5,238984.0,10.0
2022-06-29,20104.0234375,363.51861572265625,31029.310546875,11177.8896484375,14599.58984375,3.0929999351501465,1813.699951171875,28.15999984741211,84.21924591064453,79.64661407470703,29570168636358.0,211671512.05060422,654949.0,255098.5,13.0
2022-06-30,19784.7265625,360.56524658203125,30775.4296875,11028.740234375,14487.6396484375,2.9719998836517334,1804.0999755859375,28.709999084472656,84.05477905273438,79.49828338623047,29570168636358.0,208731629.93879026,628259.25,271213.0,11.0
2022-07-01,19269.3671875,364.3787841796875,31097.259765625,11127.849609375,14636.759765625,2.8889999389648438,1798.9000244140625,26.700000762939453,85.63569641113281,80.92925262451172,29570168636358.0,205791747.82697633,601569.5,263506.0,11.0
2022-07-02,19242.255859375,,,,,,,,,,29570168636358.0,202851865.7151624,574879.75,255799.0,14.0
2022-07-03,19297.076171875,,,,,,,,,,29570168636358.0,198809527.81141824,548190.0,248092.0,11.0
2022-07-04,20231.26171875,,,,,,,,,,29570168636358.0,194767189.90767404,584053.5,240385.0,14.0
2022-07-05,20190.115234375,365.0669250488281,30967.8203125,11322.240234375,14499.490234375,2.809000015258789,1761.800048828125,27.540000915527344,85.279296875,80.702392578125,29570168636358.0,190724852.00392985,619917.0,247371.5,19.0
2022-07-06,20548.24609375,366.2999267578125,31037.6796875,11361.849609375,14465.2900390625,2.9130001068115234,1734.9000244140625,26.729999542236328,85.2701644897461,80.55406188964844,29570168636358.0,186682514.1001857,655780.5,254358.0,18.0
2022-07-07,21637.587890625,371.7860412597656,31384.55078125,11621.349609375,14676.5,3.007999897003174,1737.9000244140625,26.079999923706055,85.4163818359375,80.77220916748047,29465826179336.5,195443536.53771043,691644.0,261344.5,18.0
2022-07-08,21731.1171875,371.480224609375,31338.150390625,11635.3095703125,14642.330078125,3.1010000705718994,1740.5999755859375,24.639999389648438,84.99600982666016,80.34465026855469,29361483722315.0,204204558.97523516,666298.25,268331.0,20.0
2022-07-09,21592.20703125,,,,,,,,,,29257141265293.5,212965581.41275987,640952.5,270092.75,24.0
2022-07-10,20860.44921875,,,,,,,,,,29152798808272.0,221726603.8502846,615606.75,271854.5,24.0
2022-07-11,19970.556640625,367.2365417480469,31173.83984375,11372.599609375,14502.4296875,2.990999937057495,1730.0,26.170000076293945,84.83153533935547,80.17015838623047,29152798808272.0,211219951.0534574,590261.0,273616.25,22.0
2022-07-12,19323.9140625,363.9869384765625,30981.330078125,11264.73046875,14395.0400390625,2.9579999446868896,1723.300048828125,27.290000915527344,84.40203094482422,79.85602569580078,29152798808272.0,200713298.25663018,607994.25,275378.0,16.0
2022-07-13,20212.07421875,362.07537841796875,30772.7890625,11247.580078125,14340.2802734375,2.9040000438690186,1734.199951171875,26.81999969482422,84.0456314086914,79.47211456298828,29152798808272.0,190206645.459803,625727.5,263193.0,15.0
2022-07-14,20569.919921875,361.1960754394531,30630.169921875,11251.1904296875,14171.240234375,2.9600000381469727,1704.5,26.399999618530273,83.22315979003906,78.7566146850586,29152798808272.0,179699992.6629758,643460.75,251008.0,18.0
2022-07-15,20836.328125,368.0967102050781,31288.259765625,11452.419921875,14449.6796875,2.930000066757202,1702.4000244140625,24.229999542236328,84.63961029052734,80.09160614013672,29152798808272.0,182236081.2691065,661194.0,238823.0,15.0
2022-07-16,21190.31640625,,,,,,,,,,29152798808272.0,184772169.8752372,666555.0,226638.0,21.0
2022-07-17,20779.34375,,,,,,,,,,29152798808272.0,187308258.4813679,671916.0,235027.25,24.0
2022-07-18,22485.689453125,365.0574035644531,31072.609375,11360.0498046875,14403.1796875,2.9600000381469727,1709.199951171875,25.299999237060547,83.9542465209961,79.52445220947266,29152798808272.0,189844347.0874986,677277.0,243416.5,20.0
2022-07-19,23389.43359375,374.9209289550781,31827.05078125,11713.150390625,14766.599609375,3.0190000534057617,1710.0,24.5,86.12002563476562,81.58368682861328,28787741096012.5,187811225.97530597,682638.0,251805.75,30.0
2022-07-20,23231.732421875,377.3103942871094,31874.83984375,11897.650390625,14778.4697265625,3.0360000133514404,1699.5,23.8799991607666,85.86416625976562,81.39170837402344,28422683383753.0,185778104.86311334,655168.75,260195.0,31.0
2022-07-21,23164.62890625,381.152587890625,32036.900390625,12059.6103515625,14871.1298828125,2.9100000858306885,1712.699951171875,23.110000610351562,86.61351776123047,82.03739929199219,28057625671493.5,183744983.75092074,627699.5,245126.0,34.0
2022-07-22,22714.978515625,377.6161804199219,31899.2890625,11834.1103515625,14790.7900390625,2.7829999923706055,1727.0999755859375,23.030000686645508,87.1343994140625,82.46495819091797,27692567959234.0,181711862.6387281,600230.25,230057.0,33.0
2022-07-23,22465.478515625,,,,,,,,,,27692567959234.0,191348097.77866066,572761.0,214988.0,31.0
2022-07-24,22609.1640625,,,,,,,,,,27692567959234.0,200984332.91859323,590618.5,199919.0,30.0
2022-07-25,21361.701171875,378.0750427246094,31990.0390625,11782.669921875,14899.08984375,2.819999933242798,1719.0,23.360000610351562,87.26233673095703,82.60456085205078,27692567959234.0,210620568.0585258,608476.0,221752.75,30.0
2022-07-26,21239.75390625,373.60198974609375,31761.5390625,11562.5703125,14793.5498046875,2.7869999408721924,1717.699951171875,24.690000534057617,87.31716918945312,82.69181060791016,27692567959234.0,220256803.19845834,626333.5,243586.5,26.0
2022-07-27,22930.548828125,383.3030700683594,32197.58984375,12032.419921875,15031.0400390625,2.7339999675750732,1719.0999755859375,23.239999771118164,88.04822540283203,83.18917083740234,27692567959234.0,209588114.29353303,644191.0,265420.25,28.0
2022-07-28,23843.88671875,388.11065673828125,32529.630859375,12162.58984375,15198.8095703125,2.680999994277954,1750.300048828125,22.329999923706055,90.9725112915039,85.88536834716797,27692567959234.0,198919425.38860768,623407.0,287254.0,32.0
2022-07-29,23804.6328125,393.768798828125,32845.12890625,12390.6904296875,15327.7099609375,2.6419999599456787,1762.9000244140625,21.329999923706055,91.50253295898438,86.34781646728516,27692567959234.0,188250736.48368233,602623.0,277843.0,39.0
2022-07-30,23656.20703125,,,,,,,,,,27692567959234.0,177582047.57875702,581839.0,268432.0,42.0
2022-07-31,23336.896484375,,,,,,,,,,27692567959234.0,183088467.65871847,561055.0,259021.0,39.0
2022-08-01,23314.19921875,392.6026916503906,32798.3984375,12368.98046875,15286.009765625,2.6059999465942383,1769.0,22.84000015258789,90.73491668701172,85.64977264404297,27692567959234.0,188594887.73867995,594680.75,249610.0,33.0
2022-08-02,22978.1171875,390.01263427734375,32396.169921875,12348.759765625,15162.6796875,2.740999937057495,1771.0999755859375,23.93000030517578,89.56520080566406,84.55037689208984,27692567959234.0,194101307.81864142,628306.5,254323.25,31.0
2022-08-03,22846.5078125,396.1199951171875,32812.5,12668.16015625,15267.16015625,2.747999906539917,1758.0,21.950000762939453,89.84849548339844,84.82086181640625,27692567959234.0,199607727.89860287,661932.25,259036.5,34.0
2022-08-04,22630.95703125,395.85235595703125,32726.8203125,12720.580078125,15224.2099609375,2.6760001182556152,1788.5,21.440000534057617,89.80278778076172,84.68997192382812,27813093089747.75,205378468.00943172,695558.0,263749.75,30.0
2022-08-05,23289.314453125,395.1833190917969,32803.46875,12657.5498046875,15273.23046875,2.8399999141693115,1772.9000244140625,21.149999618530273,90.05868530273438,84.9255599975586,27933618220261.5,211149208.1202606,684797.75,268463.0,31.0
2022-08-06,22961.279296875,,,,,,,,,,28054143350775.25,216919948.23108944,674037.5,265405.5,31.0
2022-08-07,23175.890625,,,,,,,,,,28174668481289.0,222690688.3419183,663277.25,262348.0,30.0
2022-08-08,23809.486328125,394.72454833984375,32832.5390625,12644.4599609375,15305.7998046875,2.765000104904175,1786.800048828125,21.290000915527344,90.78059387207031,85.68467712402344,28174668481289.0,216037979.09899935,652517.0,259290.5,30.0
2022-08-09,23164.318359375,393.1571044921875,32774.41015625,12493.9296875,15264.7900390625,2.796999931335449,1794.0,21.770000457763672,91.31976318359375,86.1558609008789,28174668481289.0,209385269.8560804,665219.75,256233.0,42.0
2022-08-10,23947.642578125,401.41497802734375,33309.51171875,12854.7998046875,15552.7001953125,2.7860000133514404,1795.5999755859375,19.739999771118164,92.68138122558594,87.46468353271484,28174668481289.0,202732560.61316144,677922.5,250501.75,31.0
2022-08-11,23957.529296875,401.41497802734375,33336.671875,12779.91015625,15602.9296875,2.888000011444092,1789.699951171875,20.200000762939453,92.3615493774414,87.25526428222656,28174668481289.0,196079851.3702425,690625.25,244770.5,41.0
2022-08-12,24402.818359375,408.21051025390625,33761.05078125,13047.1904296875,15804.3798828125,2.8489999771118164,1798.5999755859375,19.530000686645508,93.84197235107422,88.75606536865234,28174668481289.0,197830564.3289054,703328.0,239039.25,42.0
2022-08-13,24424.068359375,,,,,,,,,,28174668481289.0,199581277.28756827,696927.5,233308.0,46.0
2022-08-14,24319.333984375,,,,,,,,,,28174668481289.0,201331990.24623114,690527.0,239012.75,47.0
2022-08-15,24136.97265625,409.89263916015625,33912.44140625,13128.0498046875,15794.330078125,2.7909998893737793,1781.4000244140625,19.950000762939453,94.29888153076172,89.1137924194336,28174668481289.0,203082703.20489404,684126.5,244717.5,45.0
2022-08-16,23883.291015625,410.695556640625,34152.01171875,13102.5498046875,15846.7900390625,2.8239998817443848,1773.199951171875,19.690000534057617,93.95161437988281,88.87821960449219,28218903046840.25,215028815.10019842,677726.0,250422.25,44.0
2022-08-17,23335.998046875,407.7803955078125,33980.3203125,12938.1201171875,15734.1103515625,2.8929998874664307,1760.300048828125,19.899999618530273,93.55866241455078,88.34596252441406,28263137612391.5,226974926.9955028,657614.0,256127.0,41.0
2022-08-18,23212.73828125,408.9656066894531,33999.0390625,12965.33984375,15763.900390625,2.880000114440918,1755.300048828125,19.559999465942383,92.83673858642578,87.76136016845703,28307372177942.75,238921038.89080718,637502.0,243454.0,30.0
2022-08-19,20877.552734375,403.4699401855469,33706.73828125,12705.2197265625,15588.3203125,2.989000082015991,1747.5999755859375,20.600000381469727,91.98687744140625,86.83644104003906,28351606743494.0,250867150.78611156,617390.0,230781.0,33.0
2022-08-20,21166.060546875,,,,,,,,,,28351606743494.0,248753101.7626331,597278.0,218108.0,29.0
2022-08-21,21534.12109375,,,,,,,,,,28351606743494.0,246639052.73915464,610308.25,205435.0,27.0
2022-08-22,21398.908203125,395.06866455078125,33063.609375,12381.5703125,15341.849609375,3.0369999408721924,1734.0,23.799999237060547,90.06781005859375,84.94300842285156,28351606743494.0,244525003.71567616,623338.5,219191.25,29.0
2022-08-23,21528.087890625,394.1129150390625,32909.58984375,12381.2998046875,15338.150390625,3.053999900817871,1746.800048828125,24.110000610351562,88.87068939208984,83.8523178100586,28351606743494.0,242410954.69219768,636368.75,232947.5,28.0
2022-08-24,21395.01953125,395.37451171875,32969.23046875,12431.5302734375,15392.0595703125,3.1059999465942383,1747.800048828125,22.81999969482422,89.40070343017578,84.33222961425781,28351606743494.0,232897734.08654457,649399.0,246703.75,25.0
2022-08-25,21600.904296875,400.95623779296875,33291.78125,12639.26953125,15595.240234375,3.0260000228881836,1757.699951171875,21.780000686645508,90.78059387207031,85.58868408203125,28351606743494.0,223384513.4808915,624002.25,260460.0,25.0
2022-08-26,20260.01953125,387.38421630859375,32283.400390625,12141.7099609375,15178.2099609375,3.0350000858306885,1736.0999755859375,25.559999465942383,88.55085754394531,83.4334945678711,28351606743494.0,213871292.87523842,598605.5,258403.75,27.0
2022-08-27,20041.73828125,,,,,,,,,,28351606743494.0,204358072.2695853,573208.75,256347.5,28.0
2022-08-28,19616.814453125,,,,,,,,,,28837134246631.547,208234226.42515936,547812.0,254291.25,28.0
2022-08-29,20297.994140625,384.82275390625,32098.990234375,12017.669921875,15118.849609375,3.109999895095825,1736.5999755859375,26.209999084472656,87.76495361328125,82.68309783935547,29322661749769.094,212110380.58073342,582221.25,252235.0,24.0
2022-08-30,19796.80859375,380.5982971191406,31790.869140625,11883.1396484375,14931.419921875,3.109999895095825,1723.199951171875,26.209999084472656,86.48556518554688,81.5400619506836,29808189252906.645,215986534.73630747,616630.5,256823.25,27.0
2022-08-31,20049.763671875,377.7021789550781,31510.4296875,11816.2001953125,14801.240234375,3.132999897003174,1712.800048828125,25.8700008392334,86.13832092285156,81.1561279296875,30293716756044.19,219862688.89188153,651039.75,261411.5,23.0
2022-09-01,20127.140625,378.887451171875,31656.419921875,11785.1298828125,14771.900390625,3.265000104904175,1696.5999755859375,25.559999465942383,86.29366302490234,81.30445861816406,30464550507148.145,229571875.67333645,685449.0,265999.75,20.0
2022-09-02,19969.771484375,374.89227294921875,31318.439453125,11630.8603515625,14689.5,3.193000078201294,1709.800048828125,25.469999313354492,85.17877197265625,80.17015838623047,30635384258252.094,239281062.4547914,671278.0,270588.0,25.0
2022-09-03,19832.087890625,,,,,,,,,,30806218009356.047,248990249.23624635,657107.0,269972.25,21.0
2022-09-04,19986.712890625,,,,,,,,,,30977051760460.0,258699436.01770127,642936.0,269356.5,20.0
2022-09-05,19812.37109375,,,,,,,,,,30977051760460.0,242915690.6654308,628765.0,268740.75,23.0
2022-09-06,18837.66796875,373.477783203125,31145.30078125,11544.91015625,14631.51953125,3.3399999141693115,1700.4000244140625,26.90999984741211,86.15657806396484,80.89435577392578,30977051760460.0,227131945.31316036,659940.75,268125.0,22.0
2022-09-07,19290.32421875,380.1872863769531,31581.279296875,11791.900390625,14844.5703125,3.265000104904175,1715.300048828125,24.639999389648438,87.83805847167969,82.47367858886719,30977051760460.0,211348199.9608899,691116.5,261577.75,24.0
2022-09-08,19329.833984375,382.6722717285156,31774.51953125,11862.1298828125,14961.76953125,3.2920000553131104,1708.0,23.610000610351562,88.09392547607422,82.70055389404297,30977051760460.0,195564454.60861945,722292.25,255030.5,20.0
2022-09-09,21381.15234375,388.6171875,32151.7109375,12112.3095703125,15190.7900390625,3.321000099182129,1716.199951171875,22.790000915527344,88.93466186523438,83.59927368164062,30977051760460.0,205573658.97835192,753468.0,248483.25,22.0
2022-09-10,21680.5390625,,,,,,,,,,30977051760460.0,215582863.3480844,730975.5,241936.0,28.0
2022-09-11,21769.255859375,,,,,,,,,,30977051760460.0,225592067.7178169,708483.0,249029.25,26.0
2022-09-12,22370.44921875,392.79388427734375,32381.33984375,12266.41015625,15352.1796875,3.361999988555908,1728.0999755859375,23.8700008392334,89.7022933959961,84.41075134277344,30977051760460.0,235601272.08754936,685990.5,256122.5,25.0
2022-09-13,20296.70703125,375.7142333984375,31104.970703125,11633.5703125,14820.7900390625,3.421999931335449,1705.0,27.270000457763672,86.3850326538086,81.18230438232422,31244128711670.75,227676424.9254906,663498.0,263215.75,34.0
2022-09-14,20241.08984375,377.1479187011719,31135.08984375,11719.6796875,14843.2099609375,3.4119999408721924,1696.5,26.15999984741211,85.25188446044922,80.25740051269531,31511205662881.5,219751577.76343185,658075.5,270309.0,27.0
2022-09-15,19701.2109375,372.8659973144531,30961.8203125,11552.3603515625,14722.0302734375,3.4590001106262207,1665.4000244140625,26.270000457763672,83.6892318725586,78.77405548095703,31778282614092.25,211826730.60137308,652653.0,255830.75,28.0
2022-09-16,19772.583984375,370.0214538574219,30822.419921875,11448.400390625,14573.91015625,3.447999954223633,1671.699951171875,26.299999237060547,83.6252670288086,78.78279113769531,32045359565303.0,203901883.4393143,647230.5,241352.5,20.0
2022-09-17,20127.576171875,,,,,,,,,,32045359565303.0,213459784.22553217,641808.0,226874.25,22.0
2022-09-18,19419.505859375,,,,,,,,,,32045359565303.0,223017685.01175004,639508.75,212396.0,27.0
2022-09-19,19544.12890625,372.8909912109375,31019.6796875,11535.01953125,14674.4599609375,3.490000009536743,1666.199951171875,25.760000228881836,83.51559448242188,78.66937255859375,32045359565303.0,232575585.79796788,637209.5,220745.5,21.0
2022-09-20,18890.7890625,368.6107177734375,30706.23046875,11425.0498046875,14474.7197265625,3.571000099182129,1659.699951171875,27.15999984741211,81.47775268554688,76.75847625732422,32045359565303.0,242133486.58418575,634910.25,229095.0,23.0
2022-09-21,18547.400390625,362.1807861328125,30183.779296875,11220.1904296875,14236.6103515625,3.509999990463257,1664.5999755859375,27.989999771118164,80.24405670166016,75.54561614990234,32045359565303.0,239744011.3876313,632611.0,237444.5,23.0
2022-09-22,19413.55078125,359.138427734375,30076.6796875,11066.8095703125,14116.58984375,3.7079999446868896,1670.800048828125,27.350000381469727,79.44901275634766,74.58580780029297,32045359565303.0,237354536.19107682,617967.5,245794.0,22.0
2022-09-23,19297.638671875,353.1211853027344,29590.41015625,10867.9296875,13796.990234375,3.697000026702881,1645.300048828125,29.920000076293945,78.40725708007812,73.59445190429688,32045359565303.0,234965060.99452233,603324.0,249173.25,20.0
2022-09-24,18937.01171875,,,,,,,,,,32045359565303.0,232575585.79796788,588680.5,252552.5,24.0
2022-09-25,18802.09765625,,,,,,,,,,31888994297426.92,233002625.31831318,574037.0,255931.75,24.0
2022-09-26,19222.671875,349.6278991699219,29260.810546875,10802.919921875,13580.3896484375,3.878000020980835,1623.300048828125,32.2599983215332,76.28607940673828,71.53054809570312,31732629029550.844,233429664.83865845,593606.0,259311.0,21.0
2022-09-27,19110.546875,348.73541259765625,29134.990234375,10829.5,13541.759765625,3.9639999866485596,1626.699951171875,32.599998474121094,75.19641876220703,70.5779800415039,31576263761674.77,233856704.35900372,613175.0,266151.25,20.0
2022-09-28,19426.720703125,355.59722900390625,29683.740234375,11051.6396484375,13833.1796875,3.7049999237060547,1660.4000244140625,30.18000030517578,76.65546417236328,72.04210662841797,31419898493798.69,234283743.87934902,632744.0,272991.5,20.0
2022-09-29,19573.05078125,348.169189453125,29225.609375,10737.509765625,13608.2900390625,3.746999979019165,1658.5,31.84000015258789,74.4668960571289,69.92530059814453,31405060913635.27,236901254.14724782,652313.0,279831.75,22.0
2022-09-30,19431.7890625,342.78521728515625,28725.509765625,10575.6201171875,13472.1796875,3.803999900817871,1662.4000244140625,31.6200008392334,75.18717956542969,70.71028137207031,31390223333471.844,239518764.41514665,653293.75,286672.0,21.0
2022-10-01,19312.095703125,,,,,,,,,,31375385753308.42,242136274.68304545,654274.5,284690.0,20.0
2022-10-02,19044.107421875,,,,,,,,,,31360548173145.0,244753784.95094424,655255.25,282708.0,24.0
2022-10-03,19623.580078125,351.83514404296875,29490.890625,10815.4296875,13855.7197265625,3.6510000228881836,1692.9000244140625,30.100000381469727,76.59082794189453,71.97154235839844,31360548173145.0,245533255.60365424,656236.0,280726.0,24.0
2022-10-04,20336.84375,362.7373962402344,30316.3203125,11176.41015625,14319.490234375,3.617000102996826,1721.0999755859375,29.06999969482422,78.07758331298828,73.4268569946289,31360548173145.0,246312726.25636423,660930.25,278744.0,20.0
2022-10-05,20160.716796875,361.892822265625,30273.869140625,11148.6396484375,14262.0302734375,3.759000062942505,1711.4000244140625,28.549999237060547,76.5169448852539,71.98918151855469,31360548173145.0,247092196.90907425,665624.5,267932.5,25.0
2022-10-06,19955.443359375,358.1596374511719,29926.939453125,11073.3095703125,14087.3798828125,3.8259999752044678,1711.699951171875,30.520000457763672,74.3560562133789,69.98704528808594,31360548173145.0,247871667.56178424,670318.75,257121.0,26.0
2022-10-07,19546.849609375,348.169189453125,29296.7890625,10652.400390625,13798.259765625,3.882999897003174,1700.5,31.360000610351562,72.61077117919922,68.30242156982422,31955076630251.156,256344386.04305875,675013.0,246309.5,23.0
2022-10-08,19416.568359375,,,,,,,,,,32549605087357.316,264817104.5243333,665089.75,235498.0,24.0
2022-10-09,19446.42578125,,,,,,,,,,33144133544463.477,273289823.0056078,655166.5,241922.5,22.0
2022-10-10,19141.484375,345.51080322265625,29202.880859375,10542.099609375,13693.5703125,3.888000011444092,1667.300048828125,32.45000076293945,71.7981185913086,67.6585464477539,33738662001569.633,281762541.4868823,645243.25,248347.0,22.0
2022-10-11,19051.41796875,343.3226623535156,29239.189453125,10426.1904296875,13608.08984375,3.938999891281128,1678.699951171875,33.630001068115234,72.59229278564453,68.34650421142578,34206695042270.227,280360571.1209725,635320.0,254771.5,24.0
2022-10-12,19157.4453125,342.190185546875,29210.849609375,10417.099609375,13546.7998046875,3.9019999504089355,1670.300048828125,33.56999969482422,71.77042388916016,67.632080078125,34674728082970.816,278958600.7550627,629585.0,261196.0,20.0
2022-10-13,19382.904296875,351.2209777832031,30038.720703125,10649.150390625,13888.9697265625,3.9519999027252197,1670.0,31.940000534057617,72.94319915771484,68.86689758300781,35142761123671.406,277556630.3891529,623850.0,249126.75,20.0
2022-10-14,19185.65625,343.2170715332031,29634.830078125,10321.3896484375,13607.3095703125,4.010000228881836,1641.699951171875,32.02000045776367,71.07783508300781,67.15579223632812,35610794164372.0,276154660.02324307,618115.0,237057.5,24.0
2022-10-15,19067.634765625,,,,,,,,,,35610794164372.0,269958882.39451647,612380.0,224988.25,24.0
2022-10-16,19268.09375,,,,,,,,,,35610794164372.0,263763104.76578984,612486.25,212919.0,24.0
2022-10-17,19550.7578125,352.0367431640625,30185.8203125,10675.7998046875,13923.2099609375,4.014999866485596,1657.0,31.3700008392334,73.70042419433594,69.68714904785156,35610794164372.0,257567327.1370632,612592.5,225685.75,20.0
2022-10-18,19334.416015625,356.1730651855469,30523.80078125,10772.400390625,14089.2001953125,3.997999906539917,1649.0,30.5,74.53153991699219,70.44568634033203,35610794164372.0,251371549.5083366,612698.75,238452.5,22.0
2022-10-19,19139.53515625,353.6490478515625,30423.810546875,10680.509765625,13947.259765625,4.126999855041504,1627.5,30.760000228881836,72.6753921508789,68.69049072265625,35610794164372.0,248716216.23888236,612805.0,251219.25,23.0
2022-10-20,19053.740234375,350.6835021972656,30333.58984375,10614.83984375,13840.4697265625,4.22599983215332,1630.800048828125,29.979999542236328,72.333740234375,68.39060974121094,35610794164372.0,246060882.9694281,605198.75,263986.0,23.0
2022-10-21,19172.46875,359.2056579589844,31082.560546875,10859.7197265625,14144.0498046875,4.2129998207092285,1651.0,29.690000534057617,72.83238220214844,68.92864227294922,35610794164372.0,243405549.69997382,597592.5,264111.0,23.0
2022-10-22,19208.189453125,,,,,,,,,,35610794164372.0,240750216.43051958,589986.25,264236.0,20.0
2022-10-23,19567.0078125,,,,,,,,,,35917016259976.0,251518241.13934028,582380.0,264361.0,23.0
2022-10-24,19345.572265625,363.60107421875,31499.619140625,10952.6103515625,14226.1103515625,4.234000205993652,1648.699951171875,29.850000381469727,72.7769775390625,68.9197998046875,36223238355580.0,262286265.84816098,598875.0,264486.0,22.0
2022-10-25,20095.857421875,369.4073181152344,31836.740234375,11199.1201171875,14440.6904296875,4.107999801635742,1652.800048828125,28.459999084472656,75.67660522460938,71.62757110595703,36529460451184.0,273054290.5569817,615370.0,269123.25,20.0
2022-10-26,20770.44140625,366.6241455078125,31839.109375,10970.990234375,14531.6904296875,4.014999866485596,1664.0,27.280000686645508,75.8243637084961,71.5834732055664,36835682546788.0,283822315.2658024,631865.0,273760.5,33.0
2022-10-27,20285.8359375,364.6663513183594,32033.279296875,10792.669921875,14569.900390625,3.937000036239624,1660.699951171875,27.389999389648438,75.96288299560547,71.6893081665039,36835682546788.0,274666756.708841,648360.0,278397.75,32.0
2022-10-28,20595.3515625,373.3420104980469,32861.80078125,11102.4501953125,14795.6298828125,4.010000228881836,1639.5999755859375,25.75,77.65279388427734,73.2680892944336,36835682546788.0,265511198.15187967,653160.25,283035.0,30.0
2022-10-29,20818.4765625,,,,,,,,,,36835682546788.0,256355639.59491834,657960.5,281324.25,34.0
2022-10-30,20635.603515625,,,,,,,,,,36835682546788.0,247200081.03795698,662760.75,279613.5,34.0
2022-10-31,20495.7734375,370.6452941894531,32732.94921875,10988.150390625,14747.0302734375,4.077000141143799,1635.9000244140625,25.8799991607666,77.56043243408203,73.18870544433594,36835682546788.0,260475640.94555095,667561.0,277902.75,31.0
2022-11-01,20485.2734375,369.0234069824219,32653.19921875,10890.849609375,14790.7099609375,4.052000045776367,1645.0,25.809999465942383,77.4126968383789,73.16226196289062,36835682546788.0,273751200.85314494,673028.25,276192.0,30.0
2022-11-02,20159.50390625,359.7622985839844,32147.759765625,10524.7998046875,14497.849609375,4.059000015258789,1645.699951171875,25.860000610351562,75.33492279052734,71.15128326416016,36835682546788.0,287026760.7607389,678495.5,271443.5,30.0
2022-11-03,20209.98828125,356.057861328125,32001.25,10342.9404296875,14455.669921875,4.124000072479248,1627.300048828125,25.299999237060547,75.2795181274414,71.05426788330078,36835682546788.0,300302320.6683329,683962.75,266695.0,30.0
2022-11-04,21147.23046875,361.18267822265625,32403.220703125,10475.25,14702.76953125,4.156000137329102,1672.5,24.549999237060547,76.3230209350586,72.02446746826172,36818459797962.766,291023476.8731189,689430.0,261946.5,30.0
2022-11-05,21282.69140625,,,,,,,,,,36801237049137.53,281744633.0779048,696898.75,257198.0,38.0
2022-11-06,20926.486328125,,,,,,,,,,36784014300312.3,272465789.28269076,704367.5,265964.75,40.0
2022-11-07,20602.81640625,364.6375732421875,32827.0,10564.51953125,14808.6298828125,4.214000225067139,1676.5,24.350000381469727,76.36920166015625,72.02446746826172,36766791551487.06,263186945.48747677,711836.25,274731.5,33.0
2022-11-08,18541.271484375,366.6049499511719,33160.828125,10616.2001953125,14889.2998046875,4.125999927520752,1712.0999755859375,25.540000915527344,76.72010040283203,72.2449722290039,36765643368232.05,258610079.43298313,719305.0,283498.25,31.0
2022-11-09,15880.7802734375,359.0522155761719,32513.939453125,10353.169921875,14587.759765625,4.151000022888184,1710.0999755859375,26.09000015258789,75.96288299560547,71.50409698486328,36764495184977.03,254033213.3784895,708890.0,292265.0,29.0
2022-11-10,17586.771484375,378.7835388183594,33715.37109375,11114.150390625,15234.7197265625,3.8289999961853027,1750.300048828125,23.530000686645508,81.49433898925781,76.734375,36763347001722.016,249456347.32399583,698475.0,276109.75,22.0
2022-11-11,17034.29296875,382.4495849609375,33747.859375,11323.330078125,15352.6904296875,3.812999963760376,1766.0,22.520000457763672,81.3004150390625,76.72553253173828,36762198818467.0,244879481.2695022,688060.0,259954.5,25.0
2022-11-12,16799.185546875,,,,,,,,,,36762198818467.0,254473640.05058342,677645.0,243799.25,21.0
2022-11-13,16353.365234375,,,,,,,,,,36762198818467.0,264067798.83166468,675825.75,227644.0,22.0
2022-11-14,16618.19921875,379.1961669921875,33536.69921875,11196.2197265625,15228.98046875,3.865000009536743,1773.5999755859375,23.729999542236328,79.43505096435547,74.85570526123047,36762198818467.0,273661957.6127459,674006.5,232849.25,24.0
2022-11-15,16884.61328125,382.4303894042969,33592.921875,11358.41015625,15381.0,3.7990000247955322,1773.800048828125,24.540000915527344,80.34928131103516,75.66715240478516,36762198818467.0,283256116.39382714,672187.25,238054.5,22.0
2022-11-16,16669.439453125,379.5129089355469,33553.828125,11183.66015625,15265.25,3.691999912261963,1773.0,24.110000610351562,79.61974334716797,74.97917175292969,36762198818467.0,279601198.76293904,670368.0,243259.75,23.0
2022-11-17,16687.517578125,378.3516540527344,33546.3203125,11144.9599609375,15223.9599609375,3.7750000953674316,1760.800048828125,23.93000030517578,78.9825439453125,74.46761322021484,36762198818467.0,275946281.132051,651720.0,248465.0,20.0
2022-11-18,16697.77734375,380.0695495605469,33745.69140625,11146.0595703125,15309.76953125,3.818000078201294,1751.9000244140625,23.1200008392334,79.9614028930664,75.41136169433594,36762198818467.0,272291363.5011629,633072.0,254043.5,23.0
2022-11-19,16711.546875,,,,,,,,,,36762198818467.0,268636445.8702748,614424.0,259622.0,23.0
2022-11-20,16291.83203125,,,,,,,,,,36809272630655.75,266225204.96450073,595776.0,265200.5,24.0
2022-11-21,15787.2841796875,378.68756103515625,33700.28125,11024.509765625,15278.259765625,3.825000047683716,1737.4000244140625,22.360000610351562,80.39543151855469,75.80825805664062,36856346442844.5,263813964.0587267,607540.0,270779.0,21.0
2022-11-22,16189.76953125,383.7835693359375,34098.1015625,11174.41015625,15481.759765625,3.757999897003174,1738.300048828125,21.290000915527344,80.80175018310547,76.2228012084961,36903420255033.25,261402723.15295267,619304.0,267669.5,22.0
2022-11-23,16610.70703125,386.2019958496094,34194.05859375,11285.3203125,15545.51953125,3.7060000896453857,1744.9000244140625,20.350000381469727,80.91255187988281,76.2845458984375,36950494067222.0,258991482.2471786,631068.0,264560.0,22.0
2022-11-24,16604.46484375,,,,,,,,,,36950494067222.0,256695458.46839157,642832.0,261450.5,20.0
2022-11-25,16521.841796875,386.1156311035156,34347.03125,11226.3603515625,15605.669921875,3.690999984741211,1753.300048828125,20.5,81.44815826416016,76.7696533203125,36950494067222.0,254399434.68960452,639830.75,258341.0,20.0
2022-11-26,16464.28125,,,,,,,,,,36950494067222.0,252103410.9108175,636829.5,261633.75,22.0
2022-11-27,16444.626953125,,,,,,,,,,36950494067222.0,249807387.13203046,633828.25,264926.5,26.0
2022-11-28,16217.322265625,379.954345703125,33849.4609375,11049.5,15370.4404296875,3.703000068664551,1740.0999755859375,22.209999084472656,79.20417785644531,74.71458435058594,36950494067222.0,257613867.9799064,630827.0,268219.25,28.0
2022-11-29,16444.982421875,379.3018493652344,33852.53125,10983.7802734375,15433.4599609375,3.747999906539917,1748.4000244140625,21.889999389648438,80.52471160888672,75.94939422607422,36950494067222.0,265420348.82778233,644786.25,271512.0,26.0
2022-11-30,17168.56640625,391.2500305175781,34589.76953125,11468.0,15780.01953125,3.703000068664551,1746.0,20.579999923706055,82.3438949584961,77.68694305419922,36950494067222.0,273226829.6756583,658745.5,266371.75,29.0
2022-12-01,16967.1328125,390.9621276855469,34395.01171875,11482.4501953125,15761.1201171875,3.5290000438690186,1801.0999755859375,19.84000015258789,82.2423324584961,77.51935577392578,36950494067222.0,281033310.52353424,672704.75,261231.5,27.0
2022-12-02,17088.66015625,390.5110778808594,34429.87890625,11461.5,15767.01953125,3.50600004196167,1795.9000244140625,19.059999465942383,81.98375701904297,77.29002380371094,36950494067222.0,277818877.2332324,686664.0,256091.25,27.0
2022-12-03,16908.236328125,,,,,,,,,,36950494067222.0,274604443.9429305,674454.25,250951.0,27.0
2022-12-04,17130.486328125,,,,,,,,,,36950494067222.0,271390010.65262866,662244.5,256295.25,26.0
2022-12-05,16974.826171875,383.48602294921875,33947.1015625,11239.9404296875,15474.7900390625,3.5989999771118164,1767.4000244140625,20.75,80.51548767089844,75.87882232666016,36950494067222.0,268175577.36232677,650034.75,261639.5,26.0
2022-12-06,17089.50390625,377.9582214355469,33596.33984375,11014.8896484375,15328.4599609375,3.513000011444092,1769.300048828125,22.170000076293945,79.75824737548828,75.1644058227539,36273953453710.5,265818891.41728738,637825.0,266983.75,25.0
2022-12-07,16848.126953125,377.3152160644531,33597.921875,10958.5498046875,15311.7900390625,3.4079999923706055,1785.5,22.68000030517578,79.91525268554688,75.3143539428711,35597412840199.0,263462205.47224796,632732.5,272328.0,29.0
2022-12-08,17233.474609375,380.27105712890625,33781.48046875,11082.0,15399.9404296875,3.490999937057495,1788.699951171875,22.290000915527344,80.52471160888672,75.84353637695312,34920872226687.5,261105519.52720857,627640.0,258693.0,25.0
2022-12-09,17133.15234375,377.43035888671875,33476.4609375,11004.6201171875,15291.0498046875,3.566999912261963,1798.0999755859375,22.829999923706055,80.42313385009766,75.70242309570312,34244331613176.0,258748833.58216918,622547.5,245058.0,26.0
2022-12-10,17128.724609375,,,,,,,,,,34244331613176.0,264281292.1949458,617455.0,231423.0,27.0
2022-12-11,17104.193359375,,,,,,,,,,34244331613176.0,269813750.80772245,631589.75,217788.0,26.0
2022-12-12,17206.4375,382.8718566894531,34005.0390625,11143.740234375,15468.669921875,3.6110000610351562,1780.5,25.0,81.01415252685547,76.2845458984375,34244331613176.0,275346209.4204991,645724.5,232519.25,27.0
2022-12-13,17781.318359375,385.7701721191406,34108.640625,11256.8095703125,15562.5400390625,3.500999927520752,1813.9000244140625,22.549999237060547,82.52734375,77.69573974609375,34244331613176.0,280878668.0332757,659859.25,247250.5,27.0
2022-12-14,17815.650390625,383.30377197265625,33966.3515625,11170.8896484375,15494.98046875,3.503000020980835,1807.5,21.139999389648438,81.9682846069336,77.16656494140625,34244331613176.0,269388177.0682781,673994.0,261981.75,30.0
2022-12-15,17364.865234375,373.9273986816406,33202.21875,10810.5302734375,15182.2802734375,3.450000047683716,1777.199951171875,22.829999923706055,80.79425811767578,76.13460540771484,34244331613176.0,257897686.10328045,645397.5,276713.0,31.0
2022-12-16,16647.484375,369.51275634765625,32920.4609375,10705.41015625,15018.169921875,3.4820001125335693,1790.0,22.6200008392334,78.753662109375,74.16773986816406,34244331613176.0,246407195.13828284,616801.0,272308.75,29.0
2022-12-17,16795.091796875,,,,,,,,,,34244331613176.0,234916704.1732852,588204.5,267904.5,28.0
2022-12-18,16757.9765625,,,,,,,,,,34524265184996.25,239034499.85720748,559608.0,263500.25,26.0
2022-12-19,16439.6796875,366.3794860839844,32757.5390625,10546.0302734375,14938.0302734375,3.5810000896453857,1787.699951171875,22.420000076293945,77.82186889648438,73.2239990234375,34804198756816.5,243152295.54112977,586071.75,259096.0,29.0
2022-12-20,16906.3046875,366.880859375,32849.73828125,10547.1103515625,15000.6201171875,3.684000015258789,1815.9000244140625,21.479999542236328,77.60758209228516,73.03877258300781,35084132328636.75,247270091.22505203,612535.5,262803.5,29.0
2022-12-21,16817.53515625,372.3665771484375,33376.48046875,10709.3701171875,15219.5498046875,3.684000015258789,1815.9000244140625,20.06999969482422,78.40889739990234,73.66500091552734,35364065900457.0,251387886.90897432,638999.25,266511.0,26.0
2022-12-22,16830.341796875,367.0543518066406,33027.48828125,10476.1201171875,15081.5302734375,3.6689999103546143,1787.0,21.969999313354492,78.09209442138672,73.35550689697266,35364065900457.0,250508908.28341845,665463.0,270218.5,28.0
2022-12-23,16796.953125,369.1657409667969,33203.9296875,10497.8603515625,15188.4501953125,3.750999927520752,1795.9000244140625,20.8700008392334,78.76297760009766,74.00847625732422,35364065900457.0,249629929.6578626,636331.5,273926.0,27.0
2022-12-24,16847.755859375,,,,,,,,,,35364065900457.0,248750951.03230673,607200.0,265284.25,29.0
2022-12-25,16841.986328125,,,,,,,,,,35364065900457.0,247871972.40675086,578068.5,256642.5,29.0
2022-12-26,16919.8046875,,,,,,,,,,35364065900457.0,247871972.40675086,548937.0,248000.75,28.0
2022-12-27,16717.173828125,367.70989990234375,33241.55859375,10353.23046875,15218.259765625,3.859999895095825,1814.800048828125,21.649999618530273,78.70706176757812,73.98163604736328,35364065900457.0,247871972.40675086,593234.0,239359.0,27.0
2022-12-28,16552.572265625,363.14007568359375,32875.7109375,10213.2900390625,15037.3203125,3.88700008392334,1807.9000244140625,22.139999389648438,77.3746337890625,72.7204360961914,35364065900457.0,247871972.40675086,637531.0,240100.5,28.0
2022-12-29,16642.341796875,369.6767578125,33220.80078125,10478.08984375,15241.2099609375,3.8350000381469727,1819.5,21.440000534057617,79.0984115600586,74.31259155273438,35364065900457.0,247871972.40675086,681828.0,240842.0,28.0
2022-12-30,16602.5859375,368.70294189453125,33147.25,10466.48046875,15184.3095703125,3.878999948501587,1819.699951171875,21.670000076293945,78.4461669921875,73.7759017944336,35364065900457.0,254464312.0984198,726125.0,241583.5,28.0
2022-12-31,16547.49609375,,,,,,,,,,35364065900457.0,261056651.79008868,705985.0,242325.0,25.0
2023-01-01,16625.080078125,,,,,,,,,,35364065900457.0,267648991.48175758,685845.0,251227.75,26.0
2023-01-02,16688.470703125,,,,,,,,,,35364065900457.0,274241331.1734265,665705.0,260130.5,27.0
2023-01-03,16679.857421875,367.1507873535156,33136.37109375,10386.98046875,15154.4501953125,3.7929999828338623,1839.699951171875,22.899999618530273,78.58592987060547,73.84745788574219,35046442006643.75,281947024.18768823,645565.0,269033.25,26.0
2023-01-04,16863.23828125,369.9852294921875,33269.76953125,10458.759765625,15350.2998046875,3.7090001106262207,1852.800048828125,22.010000228881836,80.27245330810547,75.52012634277344,34728818112830.5,289652717.20194995,634441.5,277936.0,29.0
2023-01-05,16836.736328125,365.7624816894531,32930.078125,10305.240234375,15225.400390625,3.7200000286102295,1834.800048828125,22.459999084472656,78.1293716430664,73.48966979980469,34411194219017.25,297358410.21621174,623318.0,265574.0,29.0
2023-01-06,16951.96875,374.1501770019531,33630.609375,10569.2900390625,15539.740234375,3.569000005722046,1864.199951171875,21.1299991607666,80.32836151123047,75.4664535522461,34093570325204.0,305064103.23047346,612194.5,253212.0,26.0
2023-01-07,16955.078125,,,,,,,,,,34093570325204.0,300403401.65334123,601071.0,240850.0,25.0
2023-01-08,17091.14453125,,,,,,,,,,34093570325204.0,295742700.07620895,616124.25,228488.0,25.0
2023-01-09,17196.5546875,373.93804931640625,33517.6484375,10635.650390625,15514.4404296875,3.5169999599456787,1872.699951171875,21.969999313354492,80.32836151123047,75.49330139160156,34093570325204.0,291081998.4990767,631177.5,250361.0,25.0
2023-01-10,17446.29296875,376.5604248046875,33704.1015625,10742.6298828125,15608.169921875,3.621000051498413,1871.5999755859375,20.579999923706055,80.5053939819336,75.66323852539062,34093570325204.0,286421296.9219445,646230.75,272234.0,26.0
2023-01-11,17934.896484375,381.3231201171875,33973.01171875,10931.669921875,15749.08984375,3.553999900817871,1874.5999755859375,21.09000015258789,83.4311752319336,78.37348937988281,34093570325204.0,287268697.2086958,661284.0,294107.0,26.0
2023-01-12,18869.587890625,382.7113952636719,34189.96875,11001.099609375,15859.5498046875,3.4489998817443848,1895.5,18.829999923706055,84.33499145507812,79.36634826660156,34093570325204.0,288116097.49544716,647249.75,315980.0,30.0
2023-01-13,19909.57421875,384.1961669921875,34302.609375,11079.16015625,15918.3701171875,3.510999917984009,1918.4000244140625,18.350000381469727,83.86911010742188,78.8743896484375,34093570325204.0,288963497.7821985,633215.5,312686.0,31.0
2023-01-14,20976.298828125,,,,,,,,,,34093570325204.0,289810898.0689498,619181.25,309392.0,46.0
2023-01-15,20880.798828125,,,,,,,,,,34967791157777.25,282760279.0867322,605147.0,306098.0,52.0
2023-01-16,21169.6328125,,,,,,,,,,35842011990350.5,275709660.1045146,625097.75,302804.0,45.0
2023-01-17,21161.51953125,383.4923400878906,33910.8515625,11095.1103515625,15883.5595703125,3.5350000858306885,1907.199951171875,19.360000610351562,83.95296478271484,79.09800720214844,36716232822923.75,268659041.1222969,645048.5,301058.5,51.0
2023-01-18,20688.78125,377.4377746582031,33296.9609375,10957.009765625,15649.1298828125,3.375,1904.4000244140625,20.34000015258789,82.78823852539062,77.94413757324219,37590453655497.0,261608422.14007932,664999.25,299313.0,52.0
2023-01-19,21086.79296875,374.6900634765625,33044.55859375,10852.26953125,15569.6298828125,3.3970000743865967,1922.0999755859375,20.520000457763672,82.34098815917969,77.51480102539062,37590453655497.0,266747159.00354517,684950.0,297567.5,45.0
2023-01-20,22676.552734375,381.6701965332031,33375.48828125,11140.4296875,15777.5498046875,3.4839999675750732,1926.4000244140625,19.850000381469727,83.36595153808594,78.43609619140625,37590453655497.0,271885895.8670111,676679.0,295822.0,51.0
2023-01-21,22777.625,,,,,,,,,,37590453655497.0,277024632.7304769,668408.0,295109.0,53.0
2023-01-22,22720.416015625,,,,,,,,,,37590453655497.0,282163369.59394276,660137.0,294396.0,53.0
2023-01-23,22934.431640625,386.2497253417969,33629.55859375,11364.41015625,15880.08984375,3.5250000953674316,1927.0999755859375,19.809999465942383,83.67343139648438,78.79388427734375,37590453655497.0,284032001.1806576,651866.0,293683.0,50.0
2023-01-24,22636.46875,385.8351745605469,33733.9609375,11334.26953125,15868.2197265625,3.4690001010894775,1933.9000244140625,19.200000762939453,83.92501068115234,78.99066925048828,37590453655497.0,285900632.7673724,663759.25,292970.0,52.0
2023-01-25,23117.859375,385.9798278808594,33743.83984375,11313.3603515625,15889.26953125,3.4619998931884766,1941.199951171875,19.079999923706055,83.83184051513672,79.02644348144531,37590453655497.0,287769264.35408723,675652.5,286939.75,51.0
2023-01-26,23032.77734375,390.2218017578125,33949.41015625,11512.41015625,15985.8701171875,3.493000030517578,1929.0999755859375,18.729999542236328,84.76361083984375,79.9119644165039,37590453655497.0,289637895.9408021,687545.75,280909.5,54.0
2023-01-27,23078.728515625,391.1184387207031,33978.078125,11621.7099609375,15962.580078125,3.5179998874664307,1928.5999755859375,18.510000228881836,85.63016510009766,80.80644226074219,38030575858566.0,284715457.5843314,699439.0,274879.25,55.0
2023-01-28,23031.08984375,,,,,,,,,,38470698061635.0,279793019.22786075,701945.75,268849.0,52.0
2023-01-29,23774.56640625,,,,,,,,,,38910820264704.0,274870580.8713901,704452.5,288027.0,55.0
2023-01-30,22840.138671875,386.21112060546875,33717.08984375,11393.8095703125,15818.900390625,3.5510001182556152,1922.9000244140625,19.940000534057617,84.6052017211914,79.77780151367188,39350942467773.0,269948142.5149194,706959.25,307205.0,61.0
2023-01-31,23139.283203125,391.8897399902344,34086.0390625,11584.5498046875,16036.3896484375,3.5290000438690186,1929.5,19.399999618530273,86.27307891845703,81.45045471191406,39350942467773.0,267502960.0646031,709466.0,326383.0,51.0
2023-02-01,23723.76953125,396.0546875,34092.9609375,11816.3203125,16121.25,3.3970000743865967,1927.800048828125,17.8700008392334,86.83216094970703,81.95137786865234,39350942467773.0,265057777.61428678,704885.25,345561.0,56.0
2023-02-02,23471.87109375,401.8200378417969,34053.94140625,12200.8203125,16122.580078125,3.3959999084472656,1916.300048828125,18.729999542236328,88.7422866821289,83.8118667602539,39350942467773.0,262612595.1639705,700304.5,322699.0,60.0
2023-02-03,23449.322265625,397.54901123046875,33926.01171875,12006.9501953125,15999.400390625,3.5320000648498535,1862.9000244140625,18.329999923706055,86.94397735595703,82.23760223388672,39350942467773.0,260167412.7136542,695723.75,299837.0,60.0
2023-02-04,23331.84765625,,,,,,,,,,39350942467773.0,264568741.12422353,691143.0,276975.0,58.0
2023-02-05,22955.666015625,,,,,,,,,,39350942467773.0,268970069.53479284,689085.25,254113.0,58.0
2023-02-06,22760.109375,395.11944580078125,33891.01953125,11887.4501953125,15895.3603515625,3.634000062942505,1866.199951171875,19.43000030517578,86.41284942626953,81.63829803466797,39350942467773.0,273371397.9453622,687027.5,282959.5,56.0
2023-02-07,23264.291015625,400.28704833984375,34156.69140625,12113.7900390625,16021.6201171875,3.6740000247955322,1871.699951171875,18.65999984741211,86.26376342773438,81.45940399169922,39350942467773.0,277772726.3559315,684969.75,311806.0,54.0
2023-02-08,22939.3984375,395.9100341796875,33949.01171875,11910.51953125,15934.7197265625,3.6530001163482666,1877.4000244140625,19.6299991607666,85.90038299560547,81.07478332519531,39350942467773.0,281195981.78637433,682912.0,340652.5,58.0
2023-02-09,21819.0390625,392.4778137207031,33699.87890625,11789.580078125,15828.599609375,3.683000087738037,1866.199951171875,20.709999084472656,84.90337371826172,80.18926239013672,39350942467773.0,284619237.21681714,666643.25,369499.0,55.0
2023-02-10,21651.18359375,393.3937072753906,33869.26953125,11718.1201171875,15910.6904296875,3.74399995803833,1862.800048828125,20.530000686645508,85.17359924316406,80.466552734375,39350942467773.0,288042492.64726,650374.5,351956.5,48.0
2023-02-11,21870.875,,,,,,,,,,39350942467773.0,291465748.0777028,634105.75,334414.0,49.0
2023-02-12,21788.203125,,,,,,,,,,39302306865653.0,297918175.64870596,617837.0,316871.5,50.0
2023-02-13,21808.1015625,398.0118103027344,34245.9296875,11891.7900390625,16052.25,3.7170000076293945,1851.9000244140625,20.34000015258789,85.9842300415039,81.18212127685547,39253671263533.0,304370603.2197091,653181.5,299329.0,48.0
2023-02-14,22220.8046875,397.8285827636719,34089.26953125,11960.150390625,16025.1103515625,3.760999917984009,1854.0,18.90999984741211,85.22950744628906,80.53810119628906,39205035661413.0,310823030.79071224,688526.0,304811.75,50.0
2023-02-15,24307.841796875,399.1205139160156,34128.05078125,12070.58984375,16016.08984375,3.809000015258789,1834.199951171875,18.229999542236328,85.60221862792969,80.860107421875,39156400059293.0,317275458.3617154,723870.5,310294.5,53.0
2023-02-16,23623.474609375,393.6250915527344,33696.8515625,11855.830078125,15873.7802734375,3.8429999351501465,1842.0,20.170000076293945,84.86609649658203,80.07295989990234,39156400059293.0,316788839.5605471,759215.0,315777.25,62.0
2023-02-17,24565.6015625,392.6417541503906,33826.69140625,11787.26953125,15840.16015625,3.828000068664551,1840.4000244140625,20.020000457763672,84.47476959228516,79.75990295410156,39156400059293.0,316302220.75937885,723403.5,321260.0,61.0
2023-02-18,24641.27734375,,,,,,,,,,39156400059293.0,315815601.9582106,687592.0,313559.25,60.0
2023-02-19,24327.642578125,,,,,,,,,,39156400059293.0,315328983.1570423,651780.5,305858.5,60.0
2023-02-20,24829.1484375,,,,,,,,,,39156400059293.0,319708552.3675568,615969.0,298157.75,58.0
2023-02-21,24436.353515625,384.7649841308594,33129.58984375,11492.2998046875,15572.51953125,3.9549999237060547,1833.0,22.8700008392334,82.79756164550781,78.1588134765625,39156400059293.0,324088121.57807124,635932.75,290457.0,60.0
2023-02-22,24188.84375,384.2347412109375,33045.08984375,11507.0703125,15530.830078125,3.9230000972747803,1832.0,22.290000915527344,81.94963836669922,77.45216369628906,39156400059293.0,328467690.7885857,655896.5,282446.0,59.0
2023-02-23,23947.4921875,386.27862548828125,33153.91015625,11590.400390625,15584.9296875,3.878999948501587,1818.0,21.139999389648438,82.45278930664062,78.03358459472656,39156400059293.0,332847259.9991002,675860.25,274435.0,56.0
2023-02-24,23198.126953125,382.1522521972656,32816.921875,11394.9404296875,15464.4599609375,3.9489998817443848,1808.800048828125,21.670000076293945,81.04583740234375,76.66505432128906,40130761092951.75,324543082.120853,695824.0,266424.0,53.0
2023-02-25,23175.375,,,,,,,,,,41105122126610.5,316238904.2426058,704817.25,258413.0,52.0
2023-02-26,23561.212890625,,,,,,,,,,42079483160269.25,307934726.3643586,713810.5,289292.75,51.0
2023-02-27,23522.87109375,383.45379638671875,32889.08984375,11466.98046875,15492.9296875,3.921999931335449,1817.0,20.950000762939453,81.21354675292969,76.78131866455078,43053844193928.0,299630548.4861114,722803.75,320172.5,50.0
2023-02-28,23147.353515625,382.0365295410156,32656.69921875,11455.5400390625,15428.9697265625,3.9159998893737793,1828.9000244140625,20.700000762939453,81.12968444824219,76.67398834228516,43053844193928.0,314612075.910417,731797.0,351052.25,53.0
2023-03-01,23646.55078125,380.5711669921875,32661.83984375,11379.48046875,15436.2998046875,3.99399995803833,1837.699951171875,20.579999923706055,80.02085876464844,75.70796203613281,43053844193928.0,329593603.33472264,718596.75,381932.0,50.0
2023-03-02,23475.466796875,383.5309143066406,33003.5703125,11462.98046875,15524.51953125,4.072999954223633,1833.5,19.59000015258789,80.97128295898438,76.59347534179688,43053844193928.0,344575130.7590282,705396.5,358108.5,51.0
2023-03-03,22362.6796875,389.6819152832031,33390.96875,11689.009765625,15721.0595703125,3.9639999866485596,1847.699951171875,18.489999771118164,82.2944107055664,77.75630187988281,43053844193928.0,359556658.1833338,692196.25,334285.0,50.0
2023-03-04,22353.349609375,,,,,,,,,,43053844193928.0,357951494.53072965,678996.0,310461.5,50.0
2023-03-05,22435.513671875,,,,,,,,,,43053844193928.0,356346330.8781255,673343.25,286638.0,47.0
2023-03-06,22429.7578125,389.9519348144531,33431.44140625,11675.740234375,15694.33984375,3.9830000400543213,1847.9000244140625,18.610000610351562,81.9682846069336,77.45216369628906,43053844193928.0,354741167.2255213,667690.5,299192.0,48.0
2023-03-07,22219.76953125,383.9743957519531,32856.4609375,11530.330078125,15439.01953125,3.9749999046325684,1813.9000244140625,19.59000015258789,80.03951263427734,75.64535522460938,43053844193928.0,353136003.57291716,662037.75,311746.0,49.0
2023-03-08,21718.080078125,384.6011047363281,32798.3984375,11576.0,15440.6396484375,3.9760000705718994,1812.699951171875,19.110000610351562,80.98059844970703,76.51299285888672,43178313698843.5,354156926.6601698,656385.0,324300.0,50.0
2023-03-09,20363.021484375,377.50531005859375,32254.859375,11338.349609375,15140.7900390625,3.924999952316284,1829.300048828125,22.610000610351562,79.0984115600586,74.75983428955078,43302783203759.0,355177849.74742246,647629.5,336854.0,44.0
2023-03-10,20187.244140625,372.0580749511719,31909.640625,11138.8896484375,14894.1796875,3.694999933242798,1862.0,24.799999237060547,76.49876403808594,72.28215026855469,43427252708674.5,356198772.8346751,638874.0,335917.25,34.0
2023-03-11,20632.41015625,,,,,,,,,,43551722213590.0,357219695.9219277,630118.5,334980.5,33.0
2023-03-12,22163.94921875,,,,,,,,,,43551722213590.0,347477340.5786024,621363.0,334043.75,33.0
2023-03-13,24197.533203125,371.52777099609375,31819.140625,11188.83984375,14764.3701171875,3.515000104904175,1911.699951171875,26.520000457763672,77.56098937988281,73.23029327392578,43551722213590.0,337734985.23527706,637932.25,333107.0,49.0
2023-03-14,24746.07421875,377.669189453125,32155.400390625,11428.150390625,14944.740234375,3.638000011444092,1906.199951171875,23.729999542236328,78.3343505859375,73.9369125366211,43551722213590.0,327992629.8919518,654501.5,334536.0,56.0
2023-03-15,24375.9609375,375.30712890625,31874.5703125,11434.0498046875,14662.5498046875,3.492000102996826,1926.5999755859375,26.139999389648438,78.19459533691406,73.88324737548828,43551722213590.0,318250274.5486265,671070.75,335965.0,50.0
2023-03-16,25052.7890625,381.89190673828125,32246.55078125,11717.2802734375,14830.98046875,3.5850000381469727,1919.0,22.989999771118164,78.21322631835938,73.72222900390625,43551722213590.0,318791516.51214457,687640.0,337394.0,52.0
2023-03-17,27423.9296875,377.4266052246094,31861.98046875,11630.509765625,14599.0498046875,3.3949999809265137,1969.800048828125,25.510000228881836,76.46147918701172,72.0495834350586,43551722213590.0,319332758.47566265,697079.75,338823.0,51.0
2023-03-18,26965.87890625,,,,,,,,,,43551722213590.0,319874000.43918073,706519.5,336100.25,64.0
2023-03-19,28038.67578125,,,,,,,,,,43551722213590.0,320415242.4026988,715959.25,333377.5,63.0
2023-03-20,27767.236328125,381.0557556152344,32244.580078125,11675.5400390625,14777.7001953125,3.4809999465942383,1979.199951171875,24.149999618530273,77.32804107666016,72.87248992919922,43605684149207.82,339849601.73941296,725399.0,330654.75,66.0
2023-03-21,28175.81640625,386.0592346191406,32560.599609375,11860.1103515625,14985.9501953125,3.6059999465942383,1938.0,21.3799991607666,76.89009857177734,72.55048370361328,43659646084825.64,359283961.0761272,714996.0,327932.0,68.0
2023-03-22,27307.4375,379.47833251953125,32030.109375,11669.9599609375,14741.080078125,3.5,1946.800048828125,22.260000228881836,74.21590423583984,69.84024047851562,43713608020443.46,378718320.4128413,704593.0,318498.25,62.0
2023-03-23,28333.97265625,380.5041198730469,32105.25,11787.400390625,14693.01953125,3.4059998989105225,1993.800048828125,22.610000610351562,73.77642822265625,69.40193176269531,43767569956061.28,398152679.74955547,694190.0,309064.5,57.0
2023-03-24,27493.28515625,383.0010681152344,32237.529296875,11823.9599609375,14758.5703125,3.380000114440918,1982.0999755859375,21.739999771118164,75.61310577392578,71.18172454833984,44536527538615.21,384772637.9803481,683787.0,299630.75,61.0
2023-03-25,27494.70703125,,,,,,,,,,45305485121169.14,371392596.2111407,683996.0,290197.0,64.0
2023-03-26,27994.330078125,,,,,,,,,,46074442703723.07,358012554.4419333,684205.0,301307.0,64.0
2023-03-27,27139.888671875,383.7171936035156,32432.080078125,11768.83984375,14894.849609375,3.5280001163482666,1952.4000244140625,20.600000381469727,75.51001739501953,71.10040283203125,46843400286277.0,344632512.6727259,684414.0,312417.0,64.0
2023-03-28,27268.130859375,382.85595703125,32394.25,11716.080078125,14949.349609375,3.563999891281128,1972.4000244140625,19.969999313354492,75.26636505126953,70.92875671386719,46843400286277.0,340557466.0701768,684623.0,323527.0,59.0
2023-03-29,28348.44140625,388.4206237792969,32717.599609375,11926.240234375,15123.9599609375,3.565999984741211,1966.0999755859375,19.1200008392334,76.953125,72.50074005126953,46843400286277.0,336482419.46762764,689060.75,334637.0,57.0
2023-03-30,28033.5625,390.6949157714844,32859.03125,12013.4697265625,15200.58984375,3.5510001182556152,1980.300048828125,19.020000457763672,77.9183120727539,73.4493408203125,46843400286277.0,332407372.8650785,693498.5,336383.25,60.0
2023-03-31,28478.484375,396.20159912109375,33274.1484375,12221.91015625,15374.91015625,3.49399995803833,1969.0,18.700000762939453,79.55821228027344,75.02132415771484,46843400286277.0,328332326.2625294,697936.25,338129.5,63.0
2023-04-01,28411.03515625,,,,,,,,,,46843400286277.0,340557466.0701768,702374.0,339875.75,61.0
2023-04-02,28199.30859375,,,,,,,,,,46843400286277.0,352782605.8778242,706724.0,341622.0,63.0
2023-04-03,27790.220703125,397.7113952636719,33601.1484375,12189.4501953125,15487.759765625,3.430000066757202,1983.9000244140625,18.549999237060547,78.93036651611328,74.425048828125,46843400286277.0,365007745.68547153,711074.0,344721.25,63.0
2023-04-04,28168.08984375,395.5048522949219,33402.37890625,12126.330078125,15374.1103515625,3.3369998931884766,2022.199951171875,19.0,78.87413787841797,74.32566833496094,46843400286277.0,377232885.49311894,715424.0,347820.5,62.0
2023-04-05,28177.984375,394.46929931640625,33482.71875,11996.8603515625,15368.259765625,3.2869999408721924,2020.9000244140625,19.079999923706055,78.44308471679688,73.92816925048828,47104491299341.75,370408541.7579971,719774.0,350919.75,62.0
2023-04-06,28044.140625,396.0080261230469,33485.2890625,12087.9599609375,15379.1298828125,3.2880001068115234,2011.9000244140625,18.399999618530273,78.9209976196289,74.43408966064453,47365582312406.5,363584198.0228753,682362.75,354019.0,63.0
2023-04-07,27925.859375,,,,,,,,,,47626673325471.25,356759854.28775346,644951.5,337920.5,64.0
2023-04-08,27947.794921875,,,,,,,,,,47887764338536.0,349935510.5526316,607540.25,321822.0,61.0
2023-04-09,28333.05078125,,,,,,,,,,47887764338536.0,357672180.00362515,570129.0,305723.5,61.0
2023-04-10,29652.98046875,396.4145812988281,33586.51953125,12084.3603515625,15427.1796875,3.4149999618530273,1989.0999755859375,18.969999313354492,79.3051986694336,74.77738952636719,47887764338536.0,365408849.45461875,607644.5,289625.0,62.0
2023-04-11,30235.05859375,396.52105712890625,33684.7890625,12031.8798828125,15520.919921875,3.434000015258789,2004.800048828125,19.100000381469727,79.72689056396484,75.0936050415039,47887764338536.0,373145518.90561235,645160.0,296208.5,68.0
2023-04-12,30139.052734375,394.9047546386719,33646.5,11929.33984375,15500.9296875,3.4210000038146973,2010.9000244140625,19.09000015258789,79.33330535888672,74.73221588134766,47887764338536.0,380882188.3566059,682675.5,302792.0,65.0
2023-04-13,30399.06640625,400.15020751953125,34029.69140625,12166.26953125,15630.8896484375,3.4519999027252197,2041.300048828125,17.799999237060547,79.10840606689453,74.5063705444336,47887764338536.0,359457565.2615468,720191.0,309375.5,61.0
2023-04-14,30485.69921875,399.1726989746094,33886.46875,12123.4697265625,15601.7802734375,3.5220000743865967,2002.199951171875,17.06999969482422,77.83399200439453,73.34996795654297,47887764338536.0,338032942.1664877,706438.5,315959.0,68.0
2023-04-15,30318.49609375,,,,,,,,,,47887764338536.0,316608319.07142866,692686.0,315099.75,68.0
2023-04-16,30315.35546875,,,,,,,,,,47887764338536.0,295183695.97636956,678933.5,314240.5,68.0
2023-04-17,29445.044921875,400.6050720214844,33987.1796875,12157.7197265625,15668.33984375,3.5910000801086426,1994.199951171875,16.950000762939453,79.5207290649414,74.87676239013672,47990069501247.3,301216238.84077764,665181.0,313381.25,69.0
2023-04-18,30397.552734375,400.8663635253906,33976.62890625,12153.41015625,15684.9599609375,3.572000026702881,2007.4000244140625,16.829999923706055,79.37078094482422,74.70511627197266,48092374663958.6,307248781.70518565,691781.0,312522.0,58.0
2023-04-19,28822.6796875,400.7986145019531,33897.01171875,12157.23046875,15653.6201171875,3.6019999980926514,1995.199951171875,16.459999084472656,79.7643814086914,75.14779663085938,48194679826669.91,313281324.5695937,718381.0,323079.5,63.0
2023-04-20,28245.98828125,398.6114501953125,33786.62109375,12059.5595703125,15582.9404296875,3.5450000762939453,2007.5999755859375,17.170000076293945,78.94911193847656,74.40699005126953,48296984989381.2,319313867.4340018,744981.0,333637.0,52.0
2023-04-21,27276.91015625,398.921142578125,33808.9609375,12072.4599609375,15578.9296875,3.569999933242798,1979.5,16.770000457763672,79.10840606689453,74.416015625,48400840230315.41,324843516.4823722,771581.0,344194.5,50.0
2023-04-22,27817.5,,,,,,,,,,48504695471249.6,330373165.53074265,744652.75,354752.0,53.0
2023-04-23,27591.384765625,,,,,,,,,,48608550712183.8,335902814.579113,717724.5,375179.25,56.0
2023-04-24,27525.33984375,399.3372802734375,33875.3984375,12037.2001953125,15606.7099609375,3.515000104904175,1989.0999755859375,16.889999389648438,78.88351440429688,74.13594055175781,48712405953118.0,341432463.6274834,690796.25,395606.5,53.0
2023-04-25,28307.59765625,392.9982604980469,33530.828125,11799.16015625,15363.5302734375,3.3959999084472656,1994.0,18.760000228881836,78.04951477050781,73.40415954589844,48712405953118.0,345064723.8788396,663868.0,416033.75,53.0
2023-04-26,28422.701171875,391.33367919921875,33301.87109375,11854.349609375,15228.580078125,3.431999921798706,1985.699951171875,18.84000015258789,77.4404067993164,72.69949340820312,48712405953118.0,348696984.13019586,655150.0,436461.0,56.0
2023-04-27,29473.787109375,399.1243591308594,33826.16015625,12142.240234375,15431.6396484375,3.5280001163482666,1989.9000244140625,17.030000686645508,79.3426742553711,74.34374237060547,48712405953118.0,352329244.3815521,646432.0,469474.75,59.0
2023-04-28,29340.26171875,402.5309143066406,34098.16015625,12226.580078125,15545.8798828125,3.4519999027252197,1990.0999755859375,15.779999732971191,80.28914642333984,75.25621032714844,48712405953118.0,355961504.6329083,637714.0,502488.5,64.0
2023-04-29,29248.48828125,,,,,,,,,,48712405953118.0,345064723.8788396,628996.0,535502.25,64.0
2023-04-30,29268.806640625,,,,,,,,,,48712405953118.0,334167943.124771,653857.0,568516.0,60.0
2023-05-01,28091.568359375,402.1244812011719,34051.69921875,12212.599609375,15535.8896484375,3.5739998817443848,1983.4000244140625,16.079999923706055,79.57695770263672,74.69609832763672,48712405953118.0,323271162.3707024,678718.0,549167.75,63.0
2023-05-02,28680.537109375,397.60491943359375,33684.53125,12080.509765625,15314.8896484375,3.438999891281128,2014.300048828125,17.780000686645508,78.21818542480469,73.43126678466797,48712405953118.0,312374381.6166337,703579.0,529819.5,55.0
2023-05-03,29006.30859375,394.875732421875,33414.23828125,12025.330078125,15233.849609375,3.4030001163482666,2028.5999755859375,18.34000015258789,77.84335327148438,73.14217376708984,48535688043233.25,323172996.2404565,728440.0,510471.25,64.0
2023-05-04,28847.7109375,392.0788879394531,33127.73828125,11966.400390625,15117.669921875,3.3510000705718994,2048.0,20.09000015258789,78.48057556152344,73.74746704101562,48358970133348.5,333971610.86427927,666853.75,491123.0,64.0
2023-05-05,29534.384765625,399.3372802734375,33674.37890625,12235.41015625,15380.8701171875,3.446000099182129,2017.4000244140625,17.190000534057617,79.78311920166016,74.97613525390625,48182252223463.75,344770225.4881021,605267.5,512105.0,61.0
2023-05-06,28904.623046875,,,,,,,,,,48005534313579.0,355568840.1119249,543681.25,533087.0,60.0
2023-05-07,28454.978515625,,,,,,,,,,48005534313579.0,368097272.39774776,482095.0,554069.0,64.0
2023-05-08,27694.2734375,399.4436950683594,33618.69140625,12256.919921875,15391.26953125,3.5209999084472656,2026.300048828125,16.979999542236328,79.33330535888672,74.54249572753906,48005534313579.0,380625704.6835706,510750.5,575051.0,60.0
2023-05-09,27658.775390625,397.6920166015625,33561.80859375,12179.5498046875,15352.8095703125,3.5209999084472656,2036.199951171875,17.709999084472656,78.96784210205078,74.22628784179688,48005534313579.0,393154136.9693935,539406.0,558578.0,51.0
2023-05-10,27621.755859375,399.5501403808594,33531.328125,12306.4404296875,15349.169921875,3.438999891281128,2030.5,16.940000534057617,79.72689056396484,74.94000244140625,48005534313579.0,405682569.25521636,568061.5,542105.0,52.0
2023-05-11,27000.7890625,398.8533630371094,33309.51171875,12328.509765625,15263.0703125,3.3970000743865967,2014.699951171875,16.93000030517578,78.85540008544922,74.11788940429688,48005534313579.0,408068937.3096588,596717.0,525632.0,52.0
2023-05-12,26804.990234375,398.33074951171875,33300.62109375,12284.740234375,15246.3603515625,3.4630000591278076,2014.5,17.030000686645508,78.87413787841797,74.10884857177734,48005534313579.0,410455305.3641013,592409.0,509159.0,49.0
2023-05-13,26784.078125,,,,,,,,,,48005534313579.0,412841673.4185437,588101.0,523484.75,48.0
2023-05-14,26930.638671875,,,,,,,,,,48005534313579.0,415228041.47298616,583793.0,537810.5,48.0
2023-05-15,27192.693359375,399.7050476074219,33348.6015625,12365.2099609375,15322.5595703125,3.507999897003174,2018.0,17.1200008392334,78.7429428100586,73.98236083984375,48301226223900.83,397613053.39094114,579485.0,552136.25,50.0
2023-05-16,27036.650390625,397.0339660644531,33012.140625,12343.0498046875,15129.25,3.5490000247955322,1988.4000244140625,17.989999771118164,76.82192993164062,72.13031768798828,48596918134222.66,379998065.30889606,600736.5,566462.0,54.0
2023-05-17,27398.802734375,401.8534851074219,33420.76953125,12500.5703125,15313.919921875,3.5810000896453857,1980.699951171875,16.8700008392334,77.81523895263672,73.10603332519531,48892610044544.49,362383077.22685105,621988.0,530780.5,50.0
2023-05-18,26832.208984375,405.72467041015625,33535.91015625,12688.83984375,15345.4296875,3.6480000019073486,1956.5,16.049999237060547,77.46851348876953,72.75369262695312,49188301954866.32,344768089.144806,643239.5,495099.0,51.0
2023-05-19,26890.12890625,405.13427734375,33426.62890625,12657.900390625,15324.3203125,3.691999912261963,1978.699951171875,16.809999465942383,77.36544036865234,72.63624572753906,49278652260797.99,347248714.6413396,664491.0,459417.5,48.0
2023-05-20,27129.5859375,,,,,,,,,,49369002566729.66,349729340.1378732,657614.25,423736.0,48.0
2023-05-21,26753.826171875,,,,,,,,,,49459352872661.33,352209965.63440675,650737.5,419182.25,52.0
2023-05-22,26851.27734375,405.2987976074219,33286.578125,12720.7802734375,15318.849609375,3.7190001010894775,1974.800048828125,17.209999084472656,77.85272216796875,73.07892608642578,49549703178593.0,354690591.1309403,643860.75,414628.5,49.0
2023-05-23,27225.7265625,400.75018310546875,33055.51171875,12560.25,15172.26953125,3.697999954223633,1972.4000244140625,18.530000686645508,77.01872253417969,72.39231872558594,49549703178593.0,360232631.61736125,636984.0,410074.75,50.0
2023-05-24,26334.818359375,397.846923828125,32799.921875,12484.16015625,15022.8896484375,3.7190001010894775,1962.800048828125,20.030000686645508,75.44442749023438,70.83840942382812,49549703178593.0,365774672.1037822,645933.75,405521.0,50.0
2023-05-25,26476.20703125,401.2922058105469,32764.650390625,12698.08984375,14975.9697265625,3.813999891281128,1943.0999755859375,19.139999389648438,75.45377349853516,70.82937622070312,49549703178593.0,371316712.5902031,654883.5,428180.25,51.0
2023-05-26,26719.291015625,406.48919677734375,33093.33984375,12975.6904296875,15078.6904296875,3.809999942779541,1944.0999755859375,17.950000762939453,76.32527923583984,71.64246368408203,49549703178593.0,376858753.07662404,663833.25,450839.5,49.0
2023-05-27,26868.353515625,,,,,,,,,,49549703178593.0,377474535.35289305,672783.0,473498.75,48.0
2023-05-28,28085.646484375,,,,,,,,,,49549703178593.0,378090317.6291621,681862.25,496158.0,50.0
2023-05-29,27745.884765625,,,,,,,,,,49549703178593.0,378706099.9054311,690941.5,461115.0,52.0
2023-05-30,27702.349609375,406.64398193359375,33042.78125,13017.4296875,14994.6396484375,3.700000047683716,1958.0,17.459999084472656,76.65325927734375,71.91349792480469,49549703178593.0,379321882.1817001,700020.75,426072.0,51.0
2023-05-31,27219.658203125,404.3891296386719,32908.26953125,12935.2900390625,14887.1396484375,3.63700008392334,1963.9000244140625,17.940000534057617,77.05619812011719,72.27487182617188,49970862099805.5,367264777.6101959,709100.0,391029.0,51.0
2023-06-01,26819.97265625,408.231201171875,33061.5703125,13100.98046875,15031.08984375,3.6080000400543213,1978.0,15.649999618530273,77.10306549072266,72.28390502929688,50392021021018.0,355207673.03869164,679025.25,355986.0,52.0
2023-06-02,27249.58984375,414.13470458984375,33762.76171875,13240.76953125,15345.1904296875,3.690999984741211,1952.4000244140625,14.600000381469727,78.82730865478516,74.04561614990234,50813179942230.5,343150568.46718746,648950.5,356803.0,50.0
2023-06-03,27075.12890625,,,,,,,,,,51234338863443.0,331093463.8956832,618875.75,357620.0,53.0
2023-06-04,27119.06640625,,,,,,,,,,51234338863443.0,334277054.8946802,588801.0,358437.0,52.0
2023-06-05,25760.09765625,413.3410949707031,33562.859375,13229.4296875,15275.2099609375,3.693000078201294,1958.0,14.729999542236328,78.30252838134766,73.53065490722656,51234338863443.0,337460645.8936771,612174.75,359254.0,53.0
2023-06-06,27238.783203125,414.2411193847656,33573.28125,13276.419921875,15391.7998046875,3.6989998817443848,1965.5,13.960000038146973,78.97722625732422,74.23531341552734,51234338863443.0,340644236.8926741,635548.5,366211.5,44.0
2023-06-07,26345.998046875,412.808837890625,33665.01953125,13104.900390625,15469.6298828125,3.7839999198913574,1942.699951171875,13.9399995803833,80.21623992919922,75.59951782226562,51234338863443.0,343827827.89167106,658922.25,373169.0,53.0
2023-06-08,26508.216796875,415.3057556152344,33833.609375,13238.51953125,15502.6396484375,3.7139999866485596,1963.5999755859375,13.649999618530273,79.8019790649414,75.12972259521484,51234338863443.0,361655937.486054,682296.0,380126.5,50.0
2023-06-09,26480.375,416.0509338378906,33876.78125,13259.1396484375,15499.91015625,3.744999885559082,1962.199951171875,13.829999923706055,79.3124008178711,74.69609832763672,51234338863443.0,379484047.08043694,666060.0,387084.0,50.0
2023-06-10,25851.240234375,,,,,,,,,,51234338863443.0,397312156.6748199,649824.0,392933.75,49.0
2023-06-11,25940.16796875,,,,,,,,,,51234338863443.0,415140266.2692028,633588.0,398783.5,47.0
2023-06-12,25902.5,419.82525634765625,34066.328125,13461.919921875,15548.4697265625,3.765000104904175,1955.300048828125,15.010000228881836,79.40654754638672,74.71414947509766,51513364011454.0,407642314.7426909,617352.0,404633.25,47.0
2023-06-13,25918.728515625,422.5931396484375,34212.12109375,13573.3203125,15667.7900390625,3.8389999866485596,1944.5999755859375,14.609999656677246,79.99028015136719,75.1929702758789,51792389159465.0,400144363.2161791,654267.5,410483.0,45.0
2023-06-14,25124.67578125,423.09637451171875,33979.328125,13626.48046875,15642.73046875,3.7960000038146973,1955.300048828125,13.880000114440918,80.39513397216797,75.4730224609375,52071414307476.0,392646411.6896672,691183.0,426675.25,46.0
2023-06-15,25576.39453125,428.3417663574219,34408.05859375,13782.8203125,15826.349609375,3.7279999256134033,1957.800048828125,14.5,80.81880187988281,75.87054443359375,52350439455487.0,385148460.1631553,728098.5,442867.5,41.0
2023-06-16,26327.462890625,426.88275146484375,34299.12109375,13689.5703125,15795.1201171875,3.7690000534057617,1958.4000244140625,13.539999961853027,80.79055786132812,75.81633758544922,52350439455487.0,381244928.4723125,765014.0,459059.75,47.0
2023-06-17,26510.67578125,,,,,,,,,,52350439455487.0,377341396.7814697,760410.25,475252.0,47.0
2023-06-18,26336.212890625,,,,,,,,,,52350439455487.0,373437865.0906269,755806.5,447259.0,49.0
2023-06-19,26851.029296875,,,,,,,,,,52350439455487.0,369534333.3997841,751202.75,419266.0,47.0
2023-06-20,28327.48828125,424.6679992675781,34053.87109375,13667.2900390625,15648.919921875,3.7290000915527344,1935.5,13.880000114440918,79.94320678710938,74.92194366455078,52350439455487.0,358474326.94239616,746599.0,391273.0,49.0
2023-06-21,30027.296875,422.49212646484375,33951.51953125,13502.2001953125,15657.0,3.7230000495910645,1933.300048828125,13.199999809265137,79.5948486328125,74.47020721435547,52350439455487.0,347414320.4850083,730908.5,363280.0,59.0
2023-06-22,29912.28125,424.0172119140625,33946.7109375,13630.6103515625,15600.7001953125,3.7990000247955322,1912.699951171875,12.90999984741211,78.4273910522461,73.40415954589844,52350439455487.0,336354314.02762043,715218.0,368152.25,65.0
2023-06-23,30695.46875,420.8116455078125,33727.4296875,13492.51953125,15469.349609375,3.739000082015991,1919.0999755859375,13.4399995803833,77.42938995361328,72.39231872558594,52350439455487.0,325294307.5702325,699527.5,373024.5,65.0
2023-06-24,30548.6953125,,,,,,,,,,52350439455487.0,335053136.79733944,683837.0,377896.75,62.0
2023-06-25,30480.26171875,,,,,,,,,,52350439455487.0,344811966.0244464,669715.25,382769.0,64.0
2023-06-26,30271.130859375,419.09228515625,33714.7109375,13335.7802734375,15518.740234375,3.7190001010894775,1923.699951171875,14.25,79.19001007080078,74.06367492675781,52350439455487.0,354570795.2515534,655593.5,396625.0,55.0
2023-06-27,30688.1640625,423.68695068359375,33926.73828125,13555.669921875,15646.6796875,3.7679998874664307,1914.0,13.739999771118164,80.14091491699219,74.97613525390625,52350439455487.0,364329624.47866035,641471.75,410481.0,59.0
2023-06-28,30086.24609375,423.9006652832031,33852.66015625,13591.75,15617.3603515625,3.7100000381469727,1912.300048828125,13.430000305175781,80.26332092285156,75.08455657958984,51924381199379.75,356958634.5577373,627350.0,424337.0,62.0
2023-06-29,30445.3515625,425.5714111328125,34122.421875,13591.330078125,15737.3798828125,3.8540000915527344,1909.199951171875,13.539999961853027,81.07301330566406,75.92327880859375,51498322943272.5,349587644.63681424,604095.75,438193.0,54.0
2023-06-30,30477.251953125,430.5934143066406,34407.6015625,13787.919921875,15875.91015625,3.819000005722046,1921.0999755859375,13.59000015258789,81.47785949707031,76.34355163574219,51072264687165.25,342216654.7158912,580841.5,410673.25,56.0
2023-07-01,30590.078125,,,,,,,,,,50646206431058.0,334845664.7949681,557587.25,383153.5,59.0
2023-07-02,30620.76953125,,,,,,,,,,50646206431058.0,348692665.9706999,534333.0,355633.75,63.0
2023-07-03,31156.439453125,431.08880615234375,34418.46875,13816.76953125,15918.5,3.8580000400543213,1921.699951171875,13.569999694824219,82.174560546875,77.09272766113281,50646206431058.0,362539667.1464316,578013.5,328114.0,62.0
2023-07-04,30777.58203125,,,,,,,,,,50646206431058.0,376386668.32216334,621694.0,385089.0,64.0
2023-07-05,30514.166015625,430.4477233886719,34288.640625,13791.650390625,15835.5302734375,3.944999933242798,1919.5999755859375,14.180000305175781,82.45701599121094,77.26632690429688,50646206431058.0,390233669.4978951,665374.5,442064.0,61.0
2023-07-06,29909.337890625,427.0769958496094,33922.26171875,13679.0400390625,15641.669921875,4.040999889373779,1908.699951171875,15.4399995803833,81.79796600341797,76.67244720458984,50646206431058.0,399045397.51881534,709055.0,499039.0,56.0
2023-07-07,30342.265625,425.9988098144531,33734.87890625,13660.7197265625,15671.6298828125,4.050000190734863,1926.199951171875,14.829999923706055,81.5814208984375,76.4988784790039,50646206431058.0,407857125.53973556,701647.5,556014.0,55.0
2023-07-08,30292.541015625,,,,,,,,,,50646206431058.0,416668853.5606558,694240.0,525083.75,58.0
2023-07-09,30171.234375,,,,,,,,,,50646206431058.0,425480581.581576,686832.5,494153.5,55.0
2023-07-10,30414.470703125,427.0769958496094,33944.3984375,13685.48046875,15748.8701171875,4.00600004196167,1925.0,15.069999694824219,81.92037200927734,76.82777404785156,51462448073557.25,399508604.5641436,679425.0,463223.25,56.0
2023-07-11,30620.951171875,429.79693603515625,34261.421875,13760.7001953125,15897.3095703125,3.9800000190734863,1931.300048828125,14.84000015258789,83.02192687988281,77.92414093017578,52278689716056.5,373536627.5467112,699574.0,432293.0,57.0
2023-07-12,30391.646484375,433.2550048828125,34347.4296875,13918.9599609375,16011.2802734375,3.8610000610351562,1956.199951171875,13.539999961853027,83.4738540649414,78.34440612792969,53094931358555.75,347564650.52927876,719723.0,445464.75,64.0
2023-07-13,31476.048828125,436.69366455078125,34395.140625,14138.5703125,16106.849609375,3.760999917984009,1959.199951171875,13.609999656677246,84.05757141113281,78.84693145751953,53911173001055.0,321592673.51184636,739872.0,458636.5,57.0
2023-07-14,30334.068359375,436.4217529296875,34509.03125,14113.7001953125,16040.23046875,3.819000005722046,1960.0999755859375,13.34000015258789,83.9351806640625,78.69159698486328,53911173001055.0,332312429.2955746,760021.0,471808.25,60.0
2023-07-15,30295.806640625,,,,,,,,,,53911173001055.0,343032185.0793028,763826.75,484980.0,56.0
2023-07-16,30249.1328125,,,,,,,,,,53911173001055.0,353751940.863031,767632.5,483797.25,57.0
2023-07-17,30145.888671875,437.93707275390625,34585.3515625,14244.9501953125,16054.169921875,3.796999931335449,1952.4000244140625,13.479999542236328,83.37028503417969,78.17996978759766,53911173001055.0,364471696.6467593,771438.25,482614.5,54.0
2023-07-18,29856.5625,441.191162109375,34951.9296875,14353.6396484375,16156.509765625,3.7890000343322754,1977.199951171875,13.300000190734863,82.88069915771484,77.75054931640625,53911173001055.0,348392062.97116697,775244.0,481431.75,56.0
2023-07-19,29913.923828125,442.17230224609375,35061.2109375,14358.01953125,16230.9404296875,3.742000102996826,1977.5,13.760000228881836,83.79396057128906,78.62763977050781,53911173001055.0,332312429.29557467,720580.25,480249.0,50.0
2023-07-20,29792.015625,439.23870849609375,35225.1796875,14063.3095703125,16263.7099609375,3.8540000915527344,1968.300048828125,13.989999771118164,83.53975677490234,78.371826171875,53911173001055.0,316232795.6199823,665916.5,500092.75,56.0
2023-07-21,29908.744140625,439.23870849609375,35227.69140625,14032.8095703125,16289.1201171875,3.8369998931884766,1964.300048828125,13.600000381469727,83.92578125,78.7372817993164,53911173001055.0,300153161.94439,611252.75,519936.5,50.0
2023-07-22,29771.802734375,,,,,,,,,,53911173001055.0,317572765.0929483,556589.0,539780.25,52.0
2023-07-23,30084.5390625,,,,,,,,,,53911173001055.0,334992368.2415067,601708.5,559624.0,54.0
2023-07-24,29176.916015625,441.2008972167969,35411.23828125,14058.8701171875,16369.1396484375,3.8570001125335693,1960.300048828125,13.90999984741211,84.60365295410156,79.38595581054688,53911173001055.0,352411971.3900651,646828.0,522977.5,55.0
2023-07-25,29227.390625,442.4053955078125,35438.0703125,14144.5595703125,16385.169921875,3.9119999408721924,1962.0999755859375,13.859999656677246,84.0105209350586,78.81951141357422,53911173001055.0,369831574.5386234,691947.5,486331.0,50.0
2023-07-26,29354.97265625,442.4734191894531,35520.12109375,14127.2802734375,16418.2109375,3.8510000705718994,1968.9000244140625,13.1899995803833,84.44361114501953,79.17583465576172,53515457766652.25,363215079.4678952,737067.0,449684.5,51.0
2023-07-27,29210.689453125,439.5398864746094,35282.71875,14050.1103515625,16270.599609375,4.01200008392334,1945.4000244140625,14.40999984741211,82.58883666992188,77.45819091796875,53119742532249.5,356598584.397167,752925.25,413038.0,51.0
2023-07-28,29319.24609375,443.8431091308594,35459.2890625,14316.66015625,16363.259765625,3.9690001010894775,1960.4000244140625,13.329999923706055,82.42878723144531,77.39423370361328,52724027297846.75,349982089.32643884,768783.5,421195.0,52.0
2023-07-29,29356.91796875,,,,,,,,,,52328312063444.0,343365594.25571066,784641.75,429352.0,52.0
2023-07-30,29275.30859375,,,,,,,,,,52328312063444.0,357672494.0163653,800500.0,437509.0,52.0
2023-07-31,29230.111328125,444.68817138671875,35559.53125,14346.01953125,16427.2890625,3.9590001106262207,1970.5,13.630000114440918,82.8995361328125,77.89673614501953,52328312063444.0,371979393.77701986,779450.75,445666.0,50.0
2023-08-01,29675.732421875,443.4156799316406,35630.6796875,14283.91015625,16356.509765625,4.051000118255615,1940.699951171875,13.930000305175781,82.73948669433594,77.7688217163086,52328312063444.0,386286293.5376745,758401.5,413871.0,53.0
2023-08-02,29151.958984375,437.2474670410156,35282.51953125,13973.4501953125,16174.5400390625,4.078000068664551,1937.4000244140625,16.09000015258789,82.25931549072266,77.32112884521484,52328312063444.0,400593193.2983291,737352.25,382076.0,53.0
2023-08-03,29178.6796875,435.9942626953125,35215.890625,13959.7197265625,16125.419921875,4.189000129699707,1932.0,15.920000076293945,81.35546112060547,76.48059844970703,52328312063444.0,407096329.5531721,716303.0,350281.0,52.0
2023-08-04,29074.091796875,434.02239990234375,35065.62109375,13909.240234375,16071.0595703125,4.059999942779541,1939.5999755859375,17.100000381469727,80.73406982421875,75.85931396484375,52328312063444.0,413599465.8080151,706279.75,318486.0,54.0
2023-08-05,29042.126953125,,,,,,,,,,52328312063444.0,420102602.0628581,696256.5,321663.0,50.0
2023-08-06,29041.85546875,,,,,,,,,,52328312063444.0,426605738.3177011,686233.25,324840.0,49.0
2023-08-07,29180.578125,437.81085205078125,35473.12890625,13994.400390625,16208.23046875,4.078000068664551,1933.5,15.770000457763672,81.71324920654297,76.80950164794922,52344028792927.75,402643357.0980443,676210.0,328017.0,49.0
2023-08-08,29765.4921875,435.9068908691406,35314.48828125,13884.3203125,16176.349609375,4.026000022888184,1924.0999755859375,15.989999771118164,81.16716766357422,76.31614685058594,52359745522411.5,378680975.8783875,690610.0,331194.0,54.0
2023-08-09,29561.494140625,432.99273681640625,35123.359375,13722.01953125,16135.76953125,4.01200008392334,1915.4000244140625,15.960000038146973,81.20481872558594,76.30699920654297,52375462251895.25,354718594.65873075,705010.0,374379.0,50.0
2023-08-10,29429.591796875,433.1481628417969,35176.1484375,13737.990234375,16135.2197265625,4.079999923706055,1914.4000244140625,15.850000381469727,80.89413452148438,76.0146484375,52391178981379.0,330756213.4390739,719410.0,417564.0,53.0
2023-08-11,29397.71484375,432.8955993652344,35281.3984375,13644.849609375,16143.3798828125,4.168000221252441,1912.9000244140625,14.84000015258789,81.0541763305664,76.13341522216797,52391178981379.0,359404389.4062378,733810.0,460749.0,51.0
2023-08-12,29415.96484375,,,,,,,,,,52391178981379.0,388052565.37340164,746885.75,503934.0,54.0
2023-08-13,29282.9140625,,,,,,,,,,52391178981379.0,416700741.34056556,759961.5,519670.0,54.0
2023-08-14,29408.443359375,435.28521728515625,35307.62890625,13788.330078125,16116.0498046875,4.184000015258789,1910.5999755859375,14.819999694824219,80.48927307128906,75.63091278076172,52391178981379.0,445348917.3077294,773037.25,535406.0,50.0
2023-08-15,29170.34765625,430.2146301269531,34946.390625,13631.0498046875,15911.3095703125,4.2210001945495605,1902.5,16.459999084472656,79.52893829345703,74.7812271118164,52391178981379.0,424513880.24070114,786113.0,551142.0,53.0
2023-08-16,28701.779296875,427.0576171875,34765.73828125,13474.6298828125,15818.1103515625,4.257999897003174,1896.0999755859375,16.780000686645508,78.62509155273438,73.85845184326172,52391178981379.0,403678843.17367285,746670.5,566878.0,52.0
2023-08-17,26664.55078125,423.8034973144531,34474.828125,13316.9296875,15734.3798828125,4.308000087738037,1884.0999755859375,17.889999389648438,78.07903289794922,73.26457977294922,52391178981379.0,382843806.1066446,707228.0,578273.75,50.0
2023-08-18,26049.556640625,424.00750732421875,34500.66015625,13290.7802734375,15750.169921875,4.250999927520752,1886.0999755859375,17.299999237060547,78.26731872558594,73.49301147460938,52391178981379.0,362008769.0396163,667785.5,589669.5,37.0
2023-08-19,26096.205078125,,,,,,,,,,52690486767002.61,366740798.5867552,628343.0,601065.25,39.0
2023-08-20,26189.583984375,,,,,,,,,,52989794552626.22,371472828.1338941,634266.25,612461.0,37.0
2023-08-21,26124.140625,426.7661437988281,34463.69140625,13497.58984375,15746.2099609375,4.3420000076293945,1893.300048828125,17.1299991607666,77.58003234863281,72.81690216064453,53289102338249.82,376204857.681033,640189.5,559133.5,38.0
2023-08-22,26031.65625,425.6101989746094,34288.828125,13505.8701171875,15690.2802734375,4.328000068664551,1896.4000244140625,16.969999313354492,77.834228515625,73.02705383300781,53588410123873.43,380936887.22817194,646112.75,505806.0,37.0
2023-08-23,26431.640625,430.3506164550781,34472.98046875,13721.0302734375,15823.26953125,4.197999954223633,1918.5,15.979999542236328,79.08643341064453,74.17823028564453,54096668627762.57,380402442.16972435,652036.0,452478.5,37.0
2023-08-24,26162.373046875,424.3863220214844,34099.421875,13463.9697265625,15683.009765625,4.235000133514404,1918.199951171875,17.200000762939453,78.74749755859375,73.8949966430664,54604927131651.72,379867997.1112767,640544.25,399151.0,41.0
2023-08-25,26047.66796875,427.3782043457031,34346.8984375,13590.650390625,15766.91015625,4.238999843597412,1911.0999755859375,15.680000305175781,78.88871765136719,73.94981384277344,55113185635540.86,379333552.052829,629052.5,382199.5,39.0
2023-08-26,26008.462890625,,,,,,,,,,55621444139430.0,378799106.9943814,617560.75,365248.0,38.0
2023-08-27,26089.693359375,,,,,,,,,,55621444139430.0,371195475.2846402,606069.0,348296.5,38.0
2023-08-28,26106.150390625,430.0882873535156,34559.98046875,13705.1298828125,15879.58984375,4.211999893188477,1917.9000244140625,15.079999923706055,79.54777526855469,74.64417266845703,55621444139430.0,363591843.57489896,640079.25,331345.0,39.0
2023-08-29,27727.392578125,436.30517578125,34852.671875,13943.759765625,16041.490234375,4.122000217437744,1936.5,14.449999809265137,80.50810241699219,75.5486831665039,55621444139430.0,355988211.86515766,674089.5,353395.75,39.0
2023-08-30,27297.265625,438.1022033691406,34890.23828125,14019.3095703125,16074.2197265625,4.118000030517578,1944.300048828125,13.880000114440918,80.80938720703125,75.82276916503906,55621444139430.0,348384580.1554164,708099.75,375446.5,49.0
2023-08-31,25931.47265625,437.46112060546875,34721.91015625,14034.9697265625,16000.3701171875,4.0929999351501465,1938.199951171875,13.569999694824219,80.34805297851562,75.26546478271484,55621444139430.0,370504236.03830004,742110.0,397497.25,52.0
2023-09-01,25800.724609375,438.2770080566406,34837.7109375,14031.8095703125,16091.7900390625,4.172999858856201,1939.800048828125,13.09000015258789,80.39513397216797,75.39336395263672,55621444139430.0,392623891.9211836,739118.0,419548.0,40.0
2023-09-02,25868.798828125,,,,,,,,,,55621444139430.0,414743547.80406713,736126.0,430184.25,39.0
2023-09-03,25969.56640625,,,,,,,,,,55621444139430.0,436863203.68695074,733134.0,440820.5,40.0
2023-09-04,25812.416015625,,,,,,,,,,55253618696942.5,425898766.25015646,730142.0,451456.75,40.0
2023-09-05,25779.982421875,436.38287353515625,34641.96875,14020.9501953125,15942.48046875,4.26800012588501,1926.199951171875,14.010000228881836,79.39714050292969,74.51627349853516,54885793254455.0,414934328.8133622,721179.5,462093.0,40.0
2023-09-06,25753.236328125,433.44927978515625,34443.19140625,13872.4697265625,15891.5302734375,4.289999961853027,1918.0999755859375,14.449999809265137,79.2370834350586,74.3609619140625,54517967811967.5,403969891.3765679,712217.0,495922.0,42.0
2023-09-07,26240.1953125,432.1184997558594,34500.73046875,13748.830078125,15864.1904296875,4.260000228881836,1917.5,14.399999618530273,79.7549057006836,74.82691192626953,54150142369480.0,393005453.9397736,703254.5,529751.0,41.0
2023-09-08,25905.654296875,432.76934814453125,34576.58984375,13761.5302734375,15878.990234375,4.257999897003174,1918.4000244140625,13.84000015258789,79.35005187988281,74.53455352783203,54150142369480.0,401753863.0172001,694292.0,563580.0,46.0
2023-09-09,25895.677734375,,,,,,,,,,54150142369480.0,410502272.09462655,716894.75,597409.0,41.0
2023-09-10,25832.2265625,,,,,,,,,,54150142369480.0,419250681.172053,739497.5,576168.25,40.0
2023-09-11,25162.654296875,435.6155090332031,34663.71875,13917.8896484375,15949.4404296875,4.288000106811523,1923.300048828125,13.800000190734863,79.35005187988281,74.5436782836914,54150142369480.0,427999090.2494795,762100.25,554927.5,40.0
2023-09-12,25833.34375,433.22589111328125,34645.98828125,13773.6103515625,15953.91015625,4.263999938964844,1911.300048828125,14.229999542236328,79.44419860839844,74.50714111328125,54150142369480.0,447514772.03758466,784703.0,533686.75,30.0
2023-09-13,26228.32421875,433.7309875488281,34575.53125,13813.58984375,15926.6396484375,4.249000072479248,1909.0999755859375,13.479999542236328,78.59683990478516,73.69400787353516,54150142369480.0,467030453.82568985,807583.25,512446.0,41.0
2023-09-14,26539.673828125,437.47076416015625,34907.109375,13926.0498046875,16089.48046875,4.288000106811523,1910.0,12.819999694824219,80.05619049072266,75.02791595458984,54150142369480.0,486546135.61379504,830463.5,537139.5,45.0
2023-09-15,26608.693359375,432.2000427246094,34618.23828125,13708.330078125,15973.6796875,4.322000026702881,1923.699951171875,13.789999961853027,79.63250732421875,74.74468231201172,54150142369480.0,506061817.40190023,853343.75,561833.0,45.0
2023-09-16,26568.28125,,,,,,,,,,54566759018656.42,475965752.23426926,876224.0,586526.5,43.0
2023-09-17,26534.1875,,,,,,,,,,54983375667832.84,445869687.06663823,863072.0,611220.0,46.0
2023-09-18,26754.28125,432.4534912109375,34624.30078125,13710.240234375,15952.51953125,4.318999767303467,1931.5,14.0,79.0111083984375,74.07772827148438,55399992317009.26,415773621.89900726,849920.0,566300.0,46.0
2023-09-19,27211.1171875,431.5566711425781,34517.73046875,13678.1904296875,15929.009765625,4.364999771118164,1932.0,14.109999656677246,78.6533432006836,73.73968505859375,55816608966185.68,385677556.7313763,836768.0,521380.0,46.0
2023-09-20,27132.0078125,427.58917236328125,34440.87890625,13469.1298828125,15859.6201171875,4.348999977111816,1945.5999755859375,15.140000343322754,78.73808288574219,73.80364227294922,56142424550798.01,399996491.49529505,823616.0,476460.0,47.0
2023-09-21,26567.6328125,420.5218505859375,34070.421875,13223.98046875,15601.599609375,4.480000019073486,1919.199951171875,17.540000915527344,75.96064758300781,71.29113006591797,56468240135410.34,414315426.25921386,789156.5,431540.0,47.0
2023-09-22,26579.568359375,419.5762939453125,33963.83984375,13211.8095703125,15569.509765625,4.438000202178955,1925.4000244140625,17.200000762939453,75.49929809570312,70.75209045410156,56794055720022.67,428634361.0231327,754697.0,395092.5,43.0
2023-09-23,26579.390625,,,,,,,,,,57119871304635.0,442953295.78705144,720237.5,358645.0,47.0
2023-09-24,26256.826171875,,,,,,,,,,57119871304635.0,443663156.8379922,685778.0,322197.5,44.0
2023-09-25,26298.48046875,421.34063720703125,34006.87890625,13271.3203125,15593.73046875,4.541999816894531,1916.5999755859375,16.899999618530273,75.35808563232422,70.6881332397461,57119871304635.0,444373017.888933,674308.25,285750.0,47.0
2023-09-26,26217.25,415.1506652832031,33618.87890625,13063.6103515625,15381.580078125,4.558000087738037,1900.4000244140625,18.940000534057617,73.96784973144531,69.39990234375,57119871304635.0,445082878.9398738,662838.5,296879.75,46.0
2023-09-27,26352.716796875,415.31634521484375,33550.26953125,13092.849609375,15394.6904296875,4.625999927520752,1871.5999755859375,18.219999313354492,73.43462371826172,68.93394470214844,57119871304635.0,445792739.99081457,651368.75,308009.5,44.0
2023-09-28,27021.546875,417.72412109375,33666.33984375,13201.2802734375,15478.0703125,4.5970001220703125,1860.4000244140625,17.34000015258789,74.15828704833984,69.59539794921875,57119871304635.0,434434963.17576194,639899.0,319139.25,46.0
2023-09-29,26911.720703125,416.7103271484375,33507.5,13219.3203125,15398.2099609375,4.572999954223633,1848.0999755859375,17.520000457763672,74.40585327148438,69.79834747314453,57119871304635.0,423077186.36070937,652892.5,330269.0,48.0
2023-09-30,26967.916015625,,,,,,,,,,57119871304635.0,411719409.5456568,665886.0,325367.75,47.0
2023-10-01,27983.75,,,,,,,,,,57119871304635.0,400361632.7306042,678879.5,320466.5,48.0
2023-10-02,27530.78515625,416.54461669921875,33433.3515625,13307.76953125,15230.009765625,4.683000087738037,1830.0,17.610000610351562,73.03467559814453,68.51603698730469,57170280535790.75,400714958.4932372,691873.0,315565.25,50.0
2023-10-03,27429.978515625,410.96875,33002.37890625,13059.4697265625,15043.419921875,4.802000045776367,1824.5999755859375,19.780000686645508,71.61588287353516,67.17839050292969,57220689766946.5,401068284.2558702,688655.0,310664.0,50.0
2023-10-04,27799.39453125,413.9613952636719,33129.55078125,13236.009765625,15070.91015625,4.735000133514404,1818.5,18.579999923706055,72.39669036865234,67.99942016601562,57271098998102.25,401421610.01850325,685437.0,294139.75,49.0
2023-10-05,27415.912109375,413.805419921875,33119.5703125,13219.830078125,15072.990234375,4.7170000076293945,1816.5999755859375,18.489999771118164,72.94898223876953,68.37767791748047,57321508229258.0,401774935.7811363,682219.0,277615.5,48.0
2023-10-06,27946.59765625,418.71844482421875,33407.578125,13431.33984375,15214.01953125,4.783999919891357,1830.199951171875,17.450000762939453,73.10133361816406,68.56217956542969,57321508229258.0,412460439.3923367,679001.0,261091.25,50.0
2023-10-07,27968.83984375,,,,,,,,,,57321508229258.0,423145943.0035372,666627.0,244567.0,49.0
2023-10-08,27935.08984375,,,,,,,,,,57321508229258.0,433831446.6147376,654253.0,249575.25,50.0
2023-10-09,27583.677734375,421.3992004394531,33604.6484375,13484.240234375,15318.080078125,4.796999931335449,1849.5,17.700000762939453,74.03450012207031,69.30941772460938,57321508229258.0,444516950.225938,641879.0,254583.5,50.0
2023-10-10,27391.01953125,423.5924987792969,33739.30078125,13562.83984375,15450.240234375,4.65500020980835,1861.0,17.030000686645508,74.27255249023438,69.64151763916016,57321508229258.0,431694345.89249754,629505.0,259591.75,50.0
2023-10-11,26873.3203125,425.3276672363281,33804.87109375,13659.6796875,15487.7802734375,4.59499979019165,1872.800048828125,16.09000015258789,75.64373779296875,70.85002899169922,57321508229258.0,418871741.559057,625324.5,264600.0,47.0
2023-10-12,26756.798828125,422.734619140625,33631.140625,13574.2197265625,15329.5498046875,4.711999893188477,1869.300048828125,16.690000534057617,74.46299743652344,69.81681060791016,57321508229258.0,406049137.22561646,621144.0,261430.75,45.0
2023-10-13,26862.375,420.6290588378906,33670.2890625,13407.23046875,15323.7001953125,4.629000186920166,1927.4000244140625,19.31999969482422,74.3868179321289,69.64151763916016,57321508229258.0,393226532.892176,616963.5,258261.5,44.0
2023-10-14,26861.70703125,,,,,,,,,,58248801667737.5,417790891.78021824,612783.0,255092.25,47.0
2023-10-15,27159.65234375,,,,,,,,,,59176095106217.0,442355250.66826046,613063.75,251923.0,45.0
2023-10-16,28519.466796875,425.0546875,33984.5390625,13567.98046875,15484.5,4.711999893188477,1921.0999755859375,17.209999084472656,75.24378967285156,70.47180938720703,60103388544696.5,466919609.5563027,613344.5,259444.0,47.0
2023-10-17,28415.748046875,425.0351867675781,33997.6484375,13533.75,15541.3798828125,4.8470001220703125,1922.699951171875,17.8799991607666,75.03431701660156,70.37032318115234,61030681983176.0,491483968.444345,613625.25,266965.0,52.0
2023-10-18,28328.341796875,419.37158203125,33665.078125,13314.2998046875,15324.9599609375,4.9039998054504395,1955.300048828125,19.219999313354492,73.39651489257812,68.87583923339844,61030681983176.0,482382413.4731534,613906.0,274486.0,50.0
2023-10-19,28719.806640625,415.68682861328125,33414.171875,13186.1796875,15196.3701171875,4.98799991607666,1968.4000244140625,21.399999618530273,71.64443969726562,67.24296569824219,61030681983176.0,473280858.5019618,604831.0,282007.0,52.0
2023-10-20,29682.94921875,410.57879638671875,33127.28125,12983.8095703125,15033.3095703125,4.923999786376953,1982.5,21.709999084472656,71.17786407470703,66.79092407226562,61030681983176.0,464179303.5307703,595756.0,286950.25,53.0
2023-10-21,29918.412109375,,,,,,,,,,61030681983176.0,455077748.5595787,586681.0,291893.5,63.0
2023-10-22,29993.896484375,,,,,,,,,,61030681983176.0,450526971.07398295,577606.0,296836.75,53.0
2023-10-23,33086.234375,409.8671875,32936.41015625,13018.330078125,14946.009765625,4.8379998207092285,1976.300048828125,20.3700008392334,70.50179290771484,66.13593292236328,61030681983176.0,445976193.58838713,627853.0,301780.0,53.0
2023-10-24,33901.52734375,412.9573059082031,33141.37890625,13139.8701171875,15025.759765625,4.840000152587891,1975.0,18.969999313354492,71.33973693847656,66.98465728759766,61030681983176.0,441425416.10279137,678100.0,339539.0,66.0
2023-10-25,34502.8203125,407.0305480957031,33035.9296875,12821.2197265625,14914.1201171875,4.953000068664551,1984.0999755859375,20.190000534057617,69.77810668945312,65.54551696777344,61030681983176.0,436874638.6171956,728347.0,377298.0,72.0
2023-10-26,34156.6484375,402.1564636230469,32784.30078125,12595.6103515625,14858.7001953125,4.84499979019165,1987.199951171875,20.68000030517578,71.15880584716797,66.8001480102539,61030681983176.0,431565398.21733385,778594.0,415057.0,71.0
2023-10-27,33909.80078125,400.3336181640625,32417.58984375,12643.009765625,14675.7802734375,4.84499979019165,1988.5999755859375,21.270000457763672,70.10187530517578,65.73001098632812,61030681983176.0,426256157.8174721,778842.5,452816.0,70.0
2023-10-28,34089.57421875,,,,,,,,,,61030681983176.0,420946917.41761035,779091.0,448049.75,65.0
2023-10-29,34538.48046875,,,,,,,,,,61030681983176.0,415637677.0177486,779339.5,443283.5,72.0
2023-10-30,34502.36328125,405.11993408203125,32928.9609375,12789.48046875,14825.8896484375,4.875,1996.199951171875,19.75,70.42562866210938,66.1451416015625,61388879404065.25,423510994.4313285,779588.0,438517.25,68.0
2023-10-31,34667.78125,407.6641845703125,33052.87109375,12851.240234375,14919.2001953125,4.875,1985.199951171875,18.139999389648438,71.73015594482422,67.27063751220703,61747076824954.5,431384311.84490836,782066.5,433751.0,66.0
2023-11-01,35437.25390625,412.01177978515625,33274.578125,13061.4697265625,15002.5498046875,4.789000034332275,1978.800048828125,16.8700008392334,72.21578216552734,67.68577575683594,62105274245843.75,439257629.25848824,784545.0,500042.5,66.0
2023-11-02,34938.2421875,419.9077453613281,33839.078125,13294.1904296875,15332.599609375,4.669000148773193,1985.5999755859375,15.65999984741211,74.49156188964844,69.9090576171875,62463471666733.0,447130946.6720681,787023.5,566334.0,72.0
2023-11-03,34732.32421875,423.7386779785156,34061.3203125,13478.2802734375,15475.2001953125,4.558000087738037,1991.5,14.90999984741211,76.2055435180664,71.5788345336914,62463471666733.0,433934373.593205,789502.0,632625.5,65.0
2023-11-04,35082.1953125,,,,,,,,,,62463471666733.0,420737800.5143419,776569.25,698917.0,68.0
2023-11-05,35049.35546875,,,,,,,,,,62463471666733.0,407541227.4354788,763636.5,669988.0,70.0
2023-11-06,35037.37109375,424.7135314941406,34095.859375,13518.7802734375,15440.5,4.6620001792907715,1981.5999755859375,14.890000343322754,75.19620513916016,70.54560852050781,62463471666733.0,394344654.35661566,750703.75,641059.0,74.0
2023-11-07,35443.5625,425.9222106933594,34152.6015625,13639.8603515625,15388.490234375,4.571000099182129,1966.800048828125,14.8100004196167,74.5391616821289,69.96440887451172,62463471666732.984,415303917.48186886,737771.0,612130.0,68.0
2023-11-08,35655.27734375,426.2342224121094,34112.26953125,13650.41015625,15352.1904296875,4.5229997634887695,1951.5,14.449999809265137,74.9010238647461,70.19503784179688,62463471666732.97,436263180.607122,776909.5,583201.0,66.0
2023-11-09,36693.125,422.9101257324219,33891.94140625,13521.4501953125,15235.1796875,4.630000114440918,1964.199951171875,15.289999961853027,73.72027587890625,69.0880126953125,62463471666732.95,457222443.73237514,816048.0,613232.5,69.0
2023-11-10,37313.96875,429.509521484375,34283.1015625,13798.1103515625,15388.4404296875,4.627999782562256,1932.5999755859375,14.170000076293945,74.4534683227539,69.7337646484375,62463471666732.94,478181706.85762835,855186.5,643264.0,70.0
2023-11-11,37138.05078125,,,,,,,,,,63017250700923.95,469560336.48787636,894325.0,673295.5,70.0
2023-11-12,37054.51953125,,,,,,,,,,63571029735114.97,460938966.11812437,863388.0,703327.0,73.0
2023-11-13,36502.35546875,429.1001281738281,34337.87109375,13767.740234375,15403.1396484375,4.631999969482422,1945.5,14.760000228881836,73.84406280517578,69.152587890625,64124808769305.984,452317595.74837244,832451.0,684601.75,72.0
2023-11-14,35537.640625,437.4249572753906,34827.69921875,14094.3798828125,15732.669921875,4.440999984741211,1961.800048828125,14.15999984741211,77.8147964477539,72.99029541015625,64678587803497.0,443696225.37862045,801514.0,665876.5,69.0
2023-11-15,37880.58203125,438.3511047363281,34991.2109375,14103.83984375,15765.01953125,4.534999847412109,1960.0999755859375,14.180000305175781,78.0337905883789,73.20248413085938,64678587803496.984,452537997.98580307,770577.0,647151.25,60.0
2023-11-16,36154.76953125,438.88720703125,34945.46875,14113.669921875,15716.5498046875,4.445000171661377,1983.9000244140625,14.319999694824219,77.94808197021484,73.04564666748047,64678587803496.97,461379770.5929857,779625.75,628426.0,70.0
2023-11-17,36596.68359375,439.43310546875,34947.28125,14125.48046875,15813.4599609375,4.440999984741211,1981.5999755859375,13.800000190734863,77.79573822021484,72.99029541015625,64678587803496.95,470221543.2001683,788674.5,631487.0,63.0
2023-11-18,36585.703125,,,,,,,,,,64678587803496.94,479063315.80735093,797723.25,634548.0,69.0
2023-11-19,37386.546875,,,,,,,,,,64678587803496.95,473436733.2391438,806772.0,637609.0,66.0
2023-11-20,37476.95703125,442.815673828125,35151.0390625,14284.5302734375,15881.6298828125,4.421999931335449,1977.699951171875,13.40999984741211,78.4051513671875,73.52536010742188,64678587803496.96,467810150.6709367,797900.0,640670.0,69.0
2023-11-21,35813.8125,441.8506164550781,35088.2890625,14199.98046875,15861.5703125,4.418000221252441,1999.300048828125,13.350000381469727,78.0242691040039,73.00874328613281,64678587803496.97,462183568.10272956,789028.0,636477.0,71.0
2023-11-22,37432.33984375,443.55645751953125,35273.03125,14265.8603515625,15907.8896484375,4.415999889373779,1991.4000244140625,12.850000381469727,78.31945037841797,73.3685302734375,64678587803496.984,456556985.5345224,780156.0,632284.0,62.0
2023-11-23,37289.62109375,,,,,,,,,,65487158281815.05,465640537.0212933,771284.0,628091.0,66.0
2023-11-24,37720.28125,443.8294372558594,35390.1484375,14250.849609375,15983.8203125,4.4720001220703125,2002.199951171875,12.460000038146973,78.6051254272461,73.5807113647461,66295728760133.1,474724088.50806415,768365.0,623898.0,66.0
2023-11-25,37796.79296875,,,,,,,,,,67104299238451.16,483807639.9948351,765446.0,579839.0,73.0
2023-11-26,37479.12109375,,,,,,,,,,67912869716769.22,492891191.48160595,762527.0,535780.0,73.0
2023-11-27,37254.16796875,443.0301208496094,35333.46875,14241.01953125,15930.8896484375,4.388999938964844,2011.800048828125,12.6899995803833,78.89078521728516,73.84825134277344,67924099862301.414,482838096.26413804,759608.0,491721.0,66.0
2023-11-28,37831.0859375,443.46881103515625,35416.98046875,14281.759765625,15929.150390625,4.335999965667725,2039.699951171875,12.6899995803833,79.35736083984375,74.33718872070312,67935330007833.61,472785001.0466702,780851.0,447662.0,68.0
2023-11-29,37858.4921875,443.1568298339844,35430.421875,14258.490234375,15962.990234375,4.270999908447266,2047.0999755859375,12.979999542236328,79.93820190429688,74.85379791259766,67946560153365.805,462731905.8292023,802094.0,443087.0,72.0
2023-11-30,37712.74609375,444.9017333984375,35950.890625,14226.2197265625,16088.83984375,4.3520002365112305,2038.0999755859375,12.920000076293945,80.54763793945312,75.39808654785156,67957790298898.0,452678810.6117344,823337.0,438512.0,74.0
2023-12-01,38688.75,447.53375244140625,36245.5,14305.0302734375,16263.75,4.22599983215332,2071.0,12.630000114440918,82.43301391601562,77.25237274169922,67957790298898.0,470414361.02749264,844580.0,433937.0,71.0
2023-12-02,39476.33203125,,,,,,,,,,67957790298898.0,488149911.4432509,802000.0,429362.0,74.0
2023-12-03,39978.390625,,,,,,,,,,67957790298898.0,505885461.85900915,759420.0,438970.25,73.0
2023-12-04,41980.09765625,445.1844177246094,36204.44140625,14185.490234375,16232.8203125,4.288000106811523,2024.0999755859375,13.079999923706055,82.92816162109375,77.81511688232422,67957790298898.0,523621012.2747674,716840.0,448578.5,74.0
2023-12-05,44080.6484375,445.0967102050781,36124.55859375,14229.91015625,16123.0400390625,4.171000003814697,2018.5,12.850000381469727,82.42349243164062,77.29850006103516,67957790298898.0,506730011.8788072,674260.0,458186.75,75.0
2023-12-06,43746.4453125,443.3031005859375,36054.4296875,14146.7099609375,16092.3701171875,4.120999813079834,2030.5,12.970000267028809,82.06165313720703,77.06785583496094,67957790298898.0,489839011.482847,690494.5,467795.0,72.0
2023-12-07,43292.6640625,446.6856994628906,36117.37890625,14339.990234375,16136.849609375,4.129000186920166,2029.9000244140625,13.0600004196167,82.33778381347656,77.28926086425781,67957790298898.0,472948011.08688676,706729.0,484890.0,72.0
2023-12-08,44166.6015625,448.6060791015625,36247.87109375,14403.9697265625,16207.759765625,4.244999885559082,1998.300048828125,12.350000381469727,82.16639709472656,77.16011047363281,67957790298898.0,456057010.69092655,722963.5,501985.0,72.0
2023-12-09,43725.984375,,,,,,,,,,67794819449681.266,462491370.08979654,739198.0,519080.0,73.0
2023-12-10,43779.69921875,,,,,,,,,,67631848600464.53,468925729.4886665,708873.25,536175.0,74.0
2023-12-11,41243.83203125,450.3509216308594,36404.9296875,14432.490234375,16274.4404296875,4.238999843597412,1978.0,12.630000114440918,82.3568344116211,77.37229919433594,67468877751247.79,475360088.8875364,678548.5,544877.5,74.0
2023-12-12,41450.22265625,452.40777587890625,36577.94140625,14533.400390625,16285.9404296875,4.205999851226807,1977.800048828125,12.069999694824219,82.4139633178711,77.326171875,67305906902031.055,481794448.2864064,648223.75,553580.0,67.0
2023-12-13,42890.7421875,458.6465759277344,37090.23828125,14733.9599609375,16560.7109375,4.0329999923706055,1982.300048828125,12.1899995803833,85.48961639404297,80.28748321533203,67305906902031.06,488486037.8459398,617899.0,562282.5,65.0
2023-12-14,43023.97265625,460.1184997558594,37248.3515625,14761.5595703125,16723.919921875,3.930000066757202,2030.199951171875,12.479999542236328,87.8510971069336,82.60303497314453,67305906902031.08,495177627.40547323,606096.75,570985.0,72.0
2023-12-15,41929.7578125,459.3608703613281,37305.16015625,14813.919921875,16609.83984375,3.927999973297119,2021.0999755859375,12.279999732971191,86.75605010986328,81.44063568115234,67305906902031.09,501869216.9650066,594294.5,588472.75,70.0
2023-12-16,42240.1171875,,,,,,,,,,67305906902031.1,508560806.52454,582492.25,605960.5,67.0
2023-12-17,41364.6640625,,,,,,,,,,67305906902031.09,502705665.6599483,570690.0,623448.25,73.0
2023-12-18,42623.5390625,461.94482421875,37306.01953125,14904.8095703125,16656.759765625,3.9539999961853027,2026.300048828125,12.5600004196167,86.62274932861328,81.25613403320312,67305906902031.08,496850524.7953566,602789.0,640936.0,65.0
2023-12-19,42270.52734375,464.75384521484375,37557.921875,15003.2197265625,16798.400390625,3.921999931335449,2038.4000244140625,12.529999732971191,87.2035903930664,81.87422943115234,67305906902031.07,490995383.93076485,634888.0,637084.75,73.0
2023-12-20,43652.25,458.3136291503906,37082.0,14777.9404296875,16534.720703125,3.877000093460083,2034.5,13.670000076293945,86.0676040649414,80.87789916992188,67305906902031.06,485140243.06617314,666987.0,633233.5,74.0
2023-12-21,43869.15234375,462.6593322753906,37404.3515625,14963.8701171875,16724.919921875,3.8940000534057617,2039.0999755859375,13.649999618530273,86.88384246826172,81.59514617919922,68480966796165.11,516876454.1874472,699086.0,629382.25,70.0
2023-12-22,43997.90234375,463.58917236328125,37385.96875,14992.9697265625,16770.44921875,3.9010000228881836,2057.10009765625,13.029999732971191,87.17190551757812,81.91266632080078,69656026690299.16,548612665.3087213,667344.75,625531.0,74.0
2023-12-23,43739.54296875,,,,,,,,,,70831086584433.2,580348876.4299953,635603.5,607571.5,70.0
2023-12-24,43016.1171875,,,,,,,,,,72006146478567.25,612085087.5512694,603862.25,589612.0,71.0
2023-12-25,43613.140625,,,,,,,,,,72006146478567.19,567342025.5957673,572121.0,571652.5,73.0
2023-12-26,42520.40234375,465.54669189453125,37545.328125,15074.5703125,16859.490234375,3.885999917984009,2058.199951171875,12.989999771118164,87.83448791503906,82.51969909667969,72006146478567.12,522598963.6402651,604869.75,553693.0,71.0
2023-12-27,43442.85546875,466.388427734375,37656.51953125,15099.1796875,16898.33984375,3.7890000343322754,2081.89990234375,12.430000305175781,88.29540252685547,82.92127990722656,72006146478567.06,477855901.684763,637618.5,548725.5,73.0
2023-12-28,42627.85546875,466.5645751953125,37710.1015625,15095.1396484375,16890.580078125,3.8499999046325684,2073.89990234375,12.470000267028809,88.7851333618164,83.5096435546875,72006146478567.0,433112839.72926086,670367.25,543758.0,73.0
2023-12-29,42099.40234375,465.2138977050781,37689.5390625,15011.349609375,16852.890625,3.865999937057495,2062.39990234375,12.449999809265137,87.77687072753906,82.51969909667969,72006146478567.05,463538121.8590023,703116.0,538790.5,65.0
2023-12-30,42156.90234375,,,,,,,,,,72006146478567.1,493963403.98874366,665048.5,533823.0,68.0
2023-12-31,42265.1875,,,,,,,,,,72006146478567.12,524388686.1184851,626981.0,526054.5,67.0
2024-01-01,44167.33203125,,,,,,,,,,72006146478567.17,554813968.2482265,588913.5,518286.0,65.0
2024-01-02,44957.96875,462.6103820800781,37715.0390625,14765.9404296875,16841.619140625,3.946000099182129,2064.39990234375,13.199999809265137,88.55467224121094,83.22947692871094,72006146478567.16,539601327.1833558,550846.0,510517.5,71.0
2024-01-03,42848.17578125,458.8323669433594,37430.19140625,14592.2099609375,16718.650390625,3.9070000648498535,2034.199951171875,14.039999961853027,86.44210815429688,81.2402572631836,72006146478567.12,524388686.1184851,556174.75,502749.0,70.0
2024-01-04,44179.921875,457.35443115234375,37440.33984375,14510.2998046875,16715.7109375,3.990999937057495,2042.300048828125,14.130000114440918,86.28846740722656,81.09082794189453,72006146478567.1,509176045.0536144,561503.5,464233.75,68.0
2024-01-05,44162.69140625,457.98089599609375,37466.109375,14524.0703125,16758.240234375,4.041999816894531,2042.4000244140625,13.350000381469727,86.09642791748047,80.88536834716797,72006146478567.08,493963403.98874366,566832.25,425718.5,72.0
2024-01-06,43989.1953125,,,,,,,,,,72304018410537.31,508742170.0323919,572161.0,387203.25,70.0
2024-01-07,43943.09765625,,,,,,,,,,72601890342507.53,523520936.07604015,580619.5,348688.0,71.0
2024-01-08,46970.50390625,464.51898193359375,37683.01171875,14843.76953125,16885.369140625,4.001999855041504,2026.5999755859375,13.079999923706055,87.33513641357422,82.04341888427734,72899762274477.77,538299702.1196884,589078.0,373784.75,71.0
2024-01-09,46139.73046875,463.8143005371094,37525.16015625,14857.7099609375,16773.0703125,4.019000053405762,2026.4000244140625,12.760000228881836,86.73017883300781,81.49240112304688,73197634206448.0,553078468.1633366,597536.5,398881.5,76.0
2024-01-10,46627.77734375,466.4373474121094,37695.73046875,14969.650390625,16818.880859375,4.03000020980835,2021.699951171875,12.6899995803833,86.79740905761719,81.5857925415039,73197634206448.0,559446147.8954804,605995.0,423978.25,73.0
2024-01-11,46368.5859375,466.2318115234375,37711.01953125,14970.1904296875,16781.119140625,3.9769999980926514,2014.300048828125,12.4399995803833,86.02919006347656,80.829345703125,73197634206448.0,565813827.627624,608647.25,449075.0,76.0
2024-01-12,42853.16796875,466.5547790527344,37592.98046875,14972.759765625,16799.5390625,3.950000047683716,2046.699951171875,12.699999809265137,86.58614349365234,81.31497955322266,73197634206448.0,572181507.3597677,611299.5,438931.0,71.0
2024-01-13,42842.3828125,,,,,,,,,,73197634206448.0,578549187.0919114,613951.75,428787.0,64.0
2024-01-14,41796.26953125,,,,,,,,,,73197634206448.0,543981782.831703,616604.0,418643.0,60.0
2024-01-15,42511.96875,,,,,,,,,,73197634206448.0,509414378.57149434,631989.75,408499.0,52.0
2024-01-16,43154.9453125,464.84197998046875,37361.12109375,14944.349609375,16639.380859375,4.065999984741211,2026.0,13.84000015258789,85.98119354248047,80.7172622680664,73197634206448.0,474846974.31128585,647375.5,421565.0,64.0
2024-01-17,42742.65234375,462.2580261230469,37266.671875,14855.6201171875,16522.830078125,4.105999946594238,2002.5999755859375,14.789999961853027,84.44477844238281,79.24169921875,73197634206448.0,440279570.0510773,662761.25,434631.0,60.0
2024-01-18,41262.05859375,466.3688049316406,37468.609375,15055.650390625,16616.2890625,4.144000053405762,2018.5999755859375,14.130000114440918,83.87824249267578,78.8121109008789,72484105631052.77,452597514.47919345,678147.0,447697.0,63.0
2024-01-19,41618.40625,472.1826477050781,37863.80078125,15310.9697265625,16729.55078125,4.145999908447266,2026.5,13.300000190734863,84.80967712402344,79.75534057617188,71770577055657.55,464915458.90730965,663810.5,460763.0,51.0
2024-01-20,41665.5859375,,,,,,,,,,71057048480262.31,477233403.33542585,649474.0,437687.75,52.0
2024-01-21,41545.78515625,,,,,,,,,,70343519904867.086,489551347.763542,635137.5,414612.5,56.0
2024-01-22,39507.3671875,473.1809997558594,38001.80859375,15360.2900390625,16779.490234375,4.093999862670898,2019.800048828125,13.1899995803833,85.25138854980469,80.23164367675781,70343519904867.14,525393500.01051563,620801.0,391537.25,55.0
2024-01-23,39845.55078125,474.5610046386719,37905.44921875,15425.9404296875,16800.859375,4.142000198364258,2023.699951171875,12.550000190734863,84.73284149169922,79.6806411743164,70343519904867.19,561235652.2574892,636530.5,368462.0,50.0
2024-01-24,40077.07421875,475.079833984375,37806.390625,15481.919921875,16769.25,4.177999973297119,2013.9000244140625,13.140000343322754,83.49412536621094,78.54126739501953,70343519904867.234,597077804.5044628,652260.0,425708.0,48.0
2024-01-25,39933.80859375,477.66375732421875,38049.12890625,15510.5,16889.51953125,4.131999969482422,2016.9000244140625,13.449999809265137,84.58882141113281,79.54988861083984,70343519904867.29,632919956.7514365,667989.5,482954.0,52.0
2024-01-26,41816.87109375,477.056884765625,38109.4296875,15455.3603515625,16949.109375,4.159999847412109,2016.800048828125,13.260000228881836,84.3199462890625,79.32575225830078,70343519904867.266,611064985.8691355,683719.0,540200.0,49.0
2024-01-27,42120.0546875,,,,,,,,,,70343519904867.234,589210014.9868345,684676.0,597446.0,55.0
2024-01-28,42035.59375,,,,,,,,,,70343519904867.2,567355044.1045336,685633.0,559197.0,54.0
2024-01-29,43288.24609375,480.83489990234375,38333.44921875,15628.0400390625,17040.599609375,4.091000080108643,2025.199951171875,13.600000381469727,84.90570068359375,79.84873962402344,70343519904867.18,545500073.2222326,686590.0,520948.0,55.0
2024-01-30,42952.609375,480.4629821777344,38467.30859375,15509.900390625,17089.4609375,4.059000015258789,2031.5,13.3100004196167,84.08949279785156,79.10161590576172,70844292694081.19,578154423.4220802,687547.0,482699.0,61.0
2024-01-31,42582.60546875,472.6231384277344,38150.30078125,15164.009765625,16911.130859375,3.9670000076293945,2048.39990234375,14.350000381469727,83.30207824707031,78.34514617919922,71345065483295.2,610808773.6219277,682727.75,444450.0,60.0
2024-02-01,43075.7734375,478.8088684082031,38519.83984375,15361.6396484375,17115.580078125,3.86299991607666,2053.0,13.880000114440918,84.80007934570312,79.76468658447266,71845838272509.22,643463123.8217753,677908.5,417390.25,63.0
2024-02-02,43185.859375,483.8494873046875,38654.421875,15628.9501953125,17101.970703125,4.0329999923706055,2036.0999755859375,13.850000381469727,83.64777374267578,78.77474975585938,72346611061723.23,676117474.0216229,673089.25,390330.5,63.0
2024-02-03,42992.25,,,,,,,,,,73135499702265.92,666600508.4745679,668270.0,363270.75,60.0
2024-02-04,42583.58203125,,,,,,,,,,73924388342808.62,657083542.9275129,661397.75,336211.0,60.0
2024-02-05,42658.66796875,482.0876770019531,38380.12109375,15597.6796875,17004.779296875,4.164000034332275,2025.699951171875,13.670000076293945,81.9481201171875,77.12174224853516,74713276983351.31,647566577.380458,654525.5,323433.5,60.0
2024-02-06,43084.671875,483.48736572265625,38521.359375,15609.0,17135.48046875,4.090000152587891,2034.5,13.0600004196167,83.08121490478516,78.15836334228516,75502165623894.0,638049611.833403,647653.25,310656.0,64.0
2024-02-07,44318.22265625,487.5198669433594,38677.359375,15756.6396484375,17212.3203125,4.110000133514404,2035.199951171875,12.829999923706055,83.06201934814453,78.04631042480469,75502165623894.0,621160063.2848718,640781.0,297878.5,62.0
2024-02-08,45301.56640625,487.73516845703125,38726.328125,15793.7099609375,17252.3203125,4.170000076293945,2032.199951171875,12.789999961853027,83.63816833496094,78.68136596679688,75502165623894.0,604270514.7363405,620258.75,285101.0,66.0
2024-02-09,47147.19921875,490.5539855957031,38671.69140625,15990.66015625,17275.869140625,4.186999797821045,2023.300048828125,12.930000305175781,83.68618774414062,78.80276489257812,75502165623894.0,587380966.1878092,599736.5,316303.5,72.0
2024-02-10,47771.27734375,,,,,,,,,,75502165623894.0,570491417.639278,579214.25,347506.0,74.0
2024-02-11,48293.91796875,,,,,,,,,,75502165623894.0,558293410.3542277,558692.0,378708.5,71.0
2024-02-12,49958.22265625,490.3386535644531,38797.37890625,15942.5498046875,17332.4609375,4.171999931335449,2018.199951171875,13.930000305175781,83.6285629272461,78.82144927978516,75502165623894.0,546095403.0691774,572233.75,409911.0,70.0
2024-02-13,49742.44140625,483.585205078125,38272.75,15655.599609375,17068.5390625,4.315999984741211,1992.9000244140625,15.850000381469727,81.92890930175781,77.19644927978516,75502165623894.0,533897395.784127,585775.5,385628.75,79.0
2024-02-14,51826.6953125,487.97979736328125,38424.26953125,15859.150390625,17240.189453125,4.267000198364258,1990.300048828125,14.380000114440918,82.67791748046875,77.8034896850586,75502165623894.0,521699388.49907666,599317.25,361346.5,74.0
2024-02-15,51938.5546875,491.3467712402344,38773.12109375,15906.169921875,17434.9296875,4.239999771118164,2002.0999755859375,14.010000228881836,84.54080200195312,79.61527252197266,77057949173431.27,514167788.73821896,612859.0,337064.25,72.0
2024-02-16,52160.203125,488.8998718261719,38627.98828125,15775.650390625,17409.30078125,4.295000076293945,2011.5,14.239999771118164,83.63816833496094,78.79342651367188,78613732722968.53,506636188.9773612,614007.25,312782.0,72.0
2024-02-17,51662.99609375,,,,,,,,,,80169516272505.81,499104589.2165035,615155.5,333860.5,76.0
2024-02-18,52122.546875,,,,,,,,,,81725299822043.08,491572989.4556458,616303.75,354939.0,72.0
2024-02-19,51779.14453125,,,,,,,,,,81725299822043.1,505792042.86965203,617452.0,376017.5,75.0
2024-02-20,52284.875,486.208251953125,38563.80078125,15630.7802734375,17340.169921875,4.275000095367432,2027.5,15.420000076293945,83.50372314453125,78.65335845947266,81725299822043.12,520011096.2836583,633028.75,397096.0,72.0
2024-02-21,51839.1796875,486.64874267578125,38612.23828125,15580.8701171875,17382.6796875,4.324999809265137,2022.300048828125,15.34000015258789,84.11829376220703,79.09228515625,81725299822043.16,534230149.6976646,648605.5,382926.75,78.0
2024-02-22,51304.97265625,496.7201843261719,39069.109375,16041.6201171875,17565.0703125,4.327000141143799,2019.699951171875,14.539999961853027,84.17591857910156,79.24169921875,81725299822043.17,548449203.1116709,664182.25,368757.5,74.0
2024-02-23,50731.94921875,497.06268310546875,39131.53125,15996.8203125,17616.01953125,4.260000228881836,2038.5999755859375,13.75,84.28153991699219,79.204345703125,81725299822043.17,546417909.7668128,679759.0,354588.25,76.0
2024-02-24,51571.1015625,,,,,,,,,,81725299822043.16,544386616.4219548,678441.75,340419.0,72.0
2024-02-25,51733.23828125,,,,,,,,,,81725299822043.16,542355323.0770967,677124.5,358764.25,74.0
2024-02-26,54522.40234375,495.2421875,39069.23046875,15976.25,17566.609375,4.298999786376953,2028.5,13.739999771118164,83.33087921142578,78.3358154296875,81725299822043.16,540324029.7322387,675807.25,377109.5,72.0
2024-02-27,57085.37109375,496.1622009277344,38972.41015625,16035.2998046875,17598.3203125,4.315000057220459,2034.0,13.430000305175781,83.49412536621094,78.42920684814453,81151051961742.73,557256523.393904,674490.0,395454.75,79.0
2024-02-28,62504.7890625,495.5065002441406,38949.01953125,15947.740234375,17573.689453125,4.27400016784668,2033.0,13.84000015258789,84.32954406738281,79.2230224609375,80576804101442.31,574189017.0555694,661787.5,413800.0,82.0
2024-02-29,61198.3828125,497.287841796875,38996.390625,16091.919921875,17607.4296875,4.251999855041504,2045.699951171875,13.399999618530273,85.07855224609375,79.89543151855469,80002556241141.9,591121510.7172347,649085.0,406711.75,80.0
2024-03-01,62440.6328125,501.95654296875,39087.37890625,16274.9404296875,17728.26953125,4.179999828338623,2086.89990234375,13.109999656677246,86.00039672851562,80.84801483154297,79428308380841.48,608054004.3789,636382.5,399623.5,80.0
2024-03-02,62029.84765625,,,,,,,,,,79409038318415.28,620726340.2730398,623680.0,392535.25,80.0
2024-03-03,63167.37109375,,,,,,,,,,79389768255989.1,633398676.1671795,638176.75,385447.0,83.0
2024-03-04,68330.4140625,501.418212890625,38989.828125,16207.509765625,17748.69921875,4.218999862670898,2117.699951171875,13.489999771118164,86.8358154296875,81.60447692871094,79370498193562.89,646071012.0613191,652673.5,398171.25,82.0
2024-03-05,63801.19921875,496.40692138671875,38585.19140625,15939.58984375,17669.490234375,4.13700008392334,2133.5,14.460000038146973,85.82754516601562,80.61453247070312,79351228131136.69,658743347.9554589,667170.25,410895.5,90.0
2024-03-06,66106.8046875,498.9223327636719,38661.05078125,16031.5400390625,17801.0390625,4.104000091552734,2150.300048828125,14.5,86.08682250976562,81.01611328125,79351228131136.69,654798777.0096178,681667.0,423619.75,75.0
2024-03-07,66925.484375,503.8748779296875,38791.3515625,16273.3798828125,17927.619140625,4.0920000076293945,2158.0,14.4399995803833,86.2692642211914,80.99744415283203,79351228131136.7,650854206.0637767,668204.0,436344.0,82.0
2024-03-08,68300.09375,500.85052490234375,38722.69140625,16085.1103515625,17889.619140625,4.089000225067139,2178.60009765625,14.739999771118164,87.23912048339844,81.93134307861328,79351228131136.72,646909635.1179357,654741.0,425782.5,81.0
2024-03-09,68498.8828125,,,,,,,,,,79351228131136.72,642965064.1720946,641278.0,415221.0,84.0
2024-03-10,69019.7890625,,,,,,,,,,79351228131136.72,640006635.9627138,627815.0,404659.5,79.0
2024-03-11,72123.90625,500.4198303222656,38769.66015625,16019.26953125,17863.689453125,4.104000091552734,2182.5,15.220000267028809,86.82620239257812,81.53910064697266,79351228131136.72,637048207.7533331,636723.0,394098.0,82.0
2024-03-12,71481.2890625,505.80303955078125,39005.48828125,16265.6396484375,17974.060546875,4.15500020980835,2160.39990234375,13.84000015258789,86.61494445800781,81.36165618896484,79351228131136.72,634089779.5439522,645631.0,372549.5,81.0
2024-03-13,73083.5,505.01019287109375,39043.3203125,16177.76953125,18018.630859375,4.191999912261963,2175.39990234375,13.75,86.17323303222656,80.95075225830078,79351228131136.72,631131351.3345715,654539.0,351001.0,81.0
2024-03-14,71396.59375,504.0118713378906,38905.66015625,16128.5302734375,17886.26953125,4.297999858856201,2163.0,14.399999618530273,84.82887268066406,79.73666381835938,80500399393693.03,625665692.5677226,663447.0,329452.5,88.0
2024-03-15,69403.7734375,500.55108642578125,38714.76953125,15973.169921875,17848.080078125,4.303999900817871,2157.300048828125,14.40999984741211,84.73284149169922,79.55923461914062,81649570656249.36,620200033.8008735,665957.5,307904.0,83.0
2024-03-16,65315.1171875,,,,,,,,,,82798741918805.69,614734375.0340246,668468.0,346916.0,81.0
2024-03-17,68390.625,,,,,,,,,,83947913181362.0,609268716.2671757,670978.5,385928.0,79.0
2024-03-18,67548.59375,503.5259094238281,38790.4296875,16103.4501953125,17882.310546875,4.340000152587891,2160.699951171875,14.329999923706055,84.66564178466797,79.59658813476562,83947913181362.0,582143739.173089,673489.0,424940.0,77.0
2024-03-19,61912.7734375,506.3240966796875,39110.76171875,16166.7900390625,17975.7890625,4.296999931335449,2156.300048828125,13.819999694824219,84.74246215820312,79.56856536865234,83947913181362.0,555018762.0790025,674881.25,463952.0,79.0
2024-03-20,67913.671875,511.00714111328125,39512.12890625,16369.41015625,18130.080078125,4.2729997634887695,2157.89990234375,13.039999961853027,85.26100158691406,80.091552734375,83947913181362.0,527893784.9849159,676273.5,429616.5,74.0
2024-03-21,65491.390625,512.6959838867188,39781.37109375,16401.83984375,18214.119140625,4.270999908447266,2182.39990234375,12.920000076293945,85.85572052001953,80.67057037353516,83947913181362.0,500768807.8908293,677665.75,395281.0,78.0
2024-03-22,63778.76171875,511.7239990234375,39475.8984375,16428.8203125,18112.0390625,4.2179999351501465,2158.10009765625,13.0600004196167,84.71832275390625,79.65522003173828,83947913181362.0,513288028.0881001,679058.0,360945.5,75.0
2024-03-23,64062.203125,,,,,,,,,,83947913181362.0,525807248.28537077,671294.5,326610.0,73.0
2024-03-24,67234.171875,,,,,,,,,,83947913181362.0,538326468.4826415,663531.0,333933.0,74.0
2024-03-25,69958.8125,510.3101806640625,39313.640625,16384.470703125,18077.150390625,4.252999782562256,2174.800048828125,13.1899995803833,84.3327407836914,79.16545104980469,83947913181362.0,550845688.6799122,655767.5,341256.0,75.0
2024-03-26,69987.8359375,509.3676452636719,39282.328125,16315.7001953125,18059.189453125,4.234000205993652,2175.60009765625,13.239999771118164,83.92789459228516,78.8451919555664,83742684221027.69,561895822.7558035,648004.0,348579.0,81.0
2024-03-27,69455.34375,513.6482543945312,39760.078125,16399.51953125,18255.240234375,4.196000099182129,2190.60009765625,12.779999732971191,86.03887176513672,80.87967681884766,83537455260693.38,572945956.8316948,639715.75,355902.0,83.0
2024-03-28,70744.953125,513.5501708984375,39807.37109375,16379.4599609375,18312.669921875,4.205999851226807,2217.39990234375,13.010000228881836,86.65577697753906,81.4542236328125,83332226300359.06,583996090.9075861,631427.5,346845.25,80.0
2024-03-29,69892.828125,,,,,,,,,,83126997340024.75,595046224.9834774,623139.25,337788.5,79.0
2024-03-30,69645.3046875,,,,,,,,,,83126997340024.75,599178490.4347515,614851.0,328731.75,75.0
2024-03-31,71333.6484375,,,,,,,,,,83126997340024.75,603310755.8860257,639673.5,319675.0,75.0
2024-04-01,69702.1484375,512.6566772460938,39566.8515625,16396.830078125,18216.189453125,4.328999996185303,2236.5,13.649999618530273,85.22917938232422,80.08848571777344,83126997340024.73,607443021.3372997,664496.0,319908.0,79.0
2024-04-02,65446.97265625,509.3971252441406,39170.23828125,16240.4501953125,18107.529296875,4.364999771118164,2261.0,14.609999656677246,84.16888427734375,79.08067321777344,83126997340024.73,611575286.7885739,689318.5,320141.0,79.0
2024-04-03,65980.8125,509.9566345214844,39127.140625,16277.4599609375,18146.640625,4.355000019073486,2294.39990234375,14.329999923706055,84.27490997314453,79.16545104980469,83126997340024.72,618806751.3283036,714141.0,320374.0,71.0
2024-04-04,68508.84375,503.7320861816406,38596.98046875,16049.080078125,17982.490234375,4.309000015258789,2288.800048828125,16.350000381469727,83.67728424072266,78.65682220458984,83126997340024.72,626038215.8680334,698787.25,320607.0,70.0
2024-04-05,67837.640625,508.9945373535156,38904.0390625,16248.51953125,18122.259765625,4.377999782562256,2325.699951171875,16.030000686645508,84.04357147216797,79.06182861328125,83126997340024.72,633269680.4077631,683433.5,354359.5,79.0
2024-04-06,68896.109375,,,,,,,,,,83126997340024.7,640501144.9474928,668079.75,388112.0,75.0
2024-04-07,69362.5546875,,,,,,,,,,83207996386013.48,636976878.6430109,652726.0,421864.5,78.0
2024-04-08,71631.359375,509.2792663574219,38892.80078125,16253.9599609375,18154.369140625,4.423999786376953,2331.699951171875,15.1899995803833,84.98820495605469,79.90953063964844,83288995432002.25,633452612.3385289,647495.25,455617.0,76.0
2024-04-09,69139.015625,509.8683776855469,38883.671875,16306.6396484375,18171.19921875,4.366000175476074,2343.5,14.979999542236328,86.00996398925781,80.97386932373047,83369994477991.03,629928346.034047,642264.5,453835.0,80.0
2024-04-10,70587.8828125,504.7629699707031,38461.51171875,16170.3603515625,17947.30078125,4.559999942779541,2329.60009765625,15.800000190734863,82.52059173583984,77.62075805664062,83450993523979.81,626404079.729565,637033.75,452053.0,78.0
2024-04-11,70060.609375,508.57232666015625,38459.078125,16442.19921875,17915.19921875,4.576000213623047,2354.800048828125,14.90999984741211,82.61698150634766,77.88447570800781,84185384874277.69,638358203.1627756,631803.0,450271.0,76.0
2024-04-12,67195.8671875,501.5524597167969,37983.23828125,16175.08984375,17639.0390625,4.499000072479248,2356.199951171875,17.309999465942383,81.73983001708984,76.96143341064453,84919776224575.58,650312326.5959862,640356.0,448489.0,79.0
2024-04-13,63821.47265625,,,,,,,,,,85654167574873.47,662266450.0291969,648909.0,450034.0,72.0
2024-04-14,65738.7265625,,,,,,,,,,86388558925171.34,674220573.4624075,657462.0,451579.0,72.0
2024-04-15,63426.2109375,495.2690124511719,37735.109375,15885.01953125,17506.9296875,4.627999782562256,2365.800048828125,19.229999542236328,80.40961456298828,75.65221405029297,86388558925171.33,661337377.7911513,666015.0,453124.0,74.0
2024-04-16,63811.86328125,494.36572265625,37798.96875,15865.25,17413.98046875,4.658999919891357,2390.800048828125,18.399999618530273,79.21437072753906,74.58788299560547,86388558925171.31,648454182.1198951,681296.5,454669.0,65.0
2024-04-17,61276.69140625,491.43994140625,37753.30859375,15683.3701171875,17403.439453125,4.585000038146973,2371.699951171875,18.209999084472656,78.68421936035156,74.04158782958984,86388558925171.3,635570986.4486389,696578.0,498752.0,67.0
2024-04-18,63512.75390625,490.4286804199219,37775.37890625,15601.5,17388.08984375,4.646999835968018,2382.300048828125,18.0,78.65530395507812,74.05101776123047,86388558925171.28,622687790.7773827,711859.5,542835.0,57.0
2024-04-19,63843.5703125,486.1480712890625,37986.3984375,15282.009765625,17458.76953125,4.614999771118164,2398.39990234375,18.709999084472656,79.03121948242188,74.40892028808594,86388558925171.28,630202988.2522821,727141.0,586918.0,66.0
2024-04-20,64994.44140625,,,,,,,,,,86388558925171.3,637718185.7271817,655805.0,631001.0,66.0
2024-04-21,64926.64453125,,,,,,,,,,86388558925171.31,645233383.2020811,584469.0,624929.0,72.0
2024-04-22,66837.6796875,490.62506103515625,38239.98046875,15451.3095703125,17602.189453125,4.623000144958496,2332.199951171875,16.940000534057617,79.66741180419922,75.06822967529297,86388558925171.31,652748580.6769805,513133.0,618857.0,73.0
2024-04-23,66407.2734375,496.4471435546875,38503.69140625,15696.6396484375,17792.759765625,4.5980000495910645,2327.699951171875,15.6899995803833,80.34214782714844,75.75580596923828,86817466973576.69,634090977.6762508,441797.0,612785.0,71.0
2024-04-24,64276.8984375,496.2115173339844,38460.921875,15712.75,17758.080078125,4.6519999504089355,2324.5,15.970000267028809,80.5927505493164,75.8970947265625,87246375021982.05,615433374.6755211,499840.25,606713.0,72.0
2024-04-25,64481.70703125,494.326416015625,38085.80078125,15611.759765625,17731.560546875,4.705999851226807,2329.800048828125,15.369999885559082,80.11080169677734,75.4638442993164,87675283070387.4,596775771.6747916,557883.5,576915.0,72.0
2024-04-26,63755.3203125,499.0096435546875,38239.66015625,15927.900390625,17763.26953125,4.669000148773193,2334.800048828125,15.029999732971191,80.23612213134766,75.50151062011719,88104191118792.78,578118168.6740619,615926.75,547117.0,70.0
2024-04-27,63419.140625,,,,,,,,,,88104191118792.77,587972455.640097,673970.0,517319.0,67.0
2024-04-28,63113.23046875,,,,,,,,,,88104191118792.75,597826742.6061321,652393.75,487521.0,65.0
2024-04-29,63841.12109375,500.7768859863281,38386.08984375,15983.080078125,17831.0703125,4.613999843597412,2345.39990234375,14.670000076293945,81.08436584472656,76.27384185791016,88104191118792.75,607681029.5721673,630817.5,505600.5,67.0
2024-04-30,60636.85546875,492.8439025878906,37815.921875,15657.8203125,17603.33984375,4.685999870300293,2291.39990234375,15.649999618530273,79.61920928955078,74.98348236083984,88104191118792.73,617535316.5382024,609241.25,523680.0,67.0
2024-05-01,58254.01171875,491.2436218261719,37903.2890625,15605.48046875,17576.390625,4.59499979019165,2299.89990234375,15.390000343322754,79.73489379882812,75.01172637939453,88104191118792.73,617535316.5382024,587665.0,541759.5,54.0
2024-05-02,59123.43359375,495.8384094238281,38225.66015625,15840.9599609375,17699.05078125,4.571000099182129,2299.199951171875,14.680000305175781,80.79518127441406,76.06663513183594,88104191118792.73,617535316.5382024,548080.25,559839.0,43.0
2024-05-03,62889.8359375,501.9845275878906,38675.6796875,16156.330078125,17797.890625,4.5,2299.0,13.489999771118164,81.4120864868164,76.57526397705078,88104191118792.73,617535316.5382024,508495.5,549833.5,48.0
2024-05-04,63891.47265625,,,,,,,,,,88104191118792.73,617535316.5382024,468910.75,539828.0,67.0
2024-05-05,64031.1328125,,,,,,,,,,88104191118792.75,602206425.7021477,429326.0,529822.5,69.0
2024-05-06,63161.94921875,507.1683654785156,38852.26953125,16349.25,17963.83984375,4.488999843597412,2321.60009765625,13.489999771118164,81.61451721191406,76.64118957519531,88104191118792.78,586877534.8660929,450251.0,519817.0,71.0
2024-05-07,62334.81640625,507.72802734375,38884.26171875,16332.5595703125,17994.26953125,4.4629998207092285,2315.199951171875,13.229999542236328,82.33744812011719,77.36643981933594,88104191118792.8,571548644.0300381,471176.0,568310.5,68.0
2024-05-08,61187.94140625,507.777099609375,39056.390625,16302.759765625,17996.029296875,4.492000102996826,2313.60009765625,13.0,81.71090698242188,76.71653747558594,88104191118792.81,556219753.1939834,492101.0,616804.0,64.0
2024-05-09,63049.9609375,510.7027587890625,39387.76171875,16346.259765625,18127.2109375,4.448999881744385,2332.10009765625,12.6899995803833,83.2820816040039,78.28949737548828,86865232136404.61,553564611.0341597,513026.0,665297.5,55.0
2024-05-10,60792.77734375,511.3607482910156,39512.83984375,16340.8701171875,18162.05078125,4.504000186920166,2367.300048828125,12.550000190734863,83.12785339355469,78.0728530883789,85626273154016.4,550909468.8743358,501300.25,713791.0,66.0
2024-05-11,60793.7109375,,,,,,,,,,84387314171628.2,548254326.714512,489574.5,640854.0,53.0
2024-05-12,61448.39453125,,,,,,,,,,83148355189240.0,545599184.5546882,477848.75,567917.0,56.0
2024-05-13,62901.44921875,511.4294128417969,39431.51171875,16388.240234375,18133.94921875,4.480999946594238,2336.10009765625,13.600000381469727,83.31099700927734,78.3271713256836,83148355189240.0,555932502.4439815,466123.0,494980.0,57.0
2024-05-14,61552.7890625,513.7759399414062,39558.109375,16511.1796875,18220.810546875,4.445000171661377,2353.39990234375,13.420000076293945,83.92789459228516,78.92996978759766,83148355189240.0,566265820.3332748,478142.0,422043.0,66.0
2024-05-15,66267.4921875,520.137939453125,39908.0,16742.390625,18378.490234375,4.355999946594238,2388.699951171875,12.449999809265137,85.20990753173828,80.0225601196289,83148355189240.0,576599138.222568,490161.0,416848.25,64.0
2024-05-16,65231.58203125,519.0678100585938,39869.37890625,16698.3203125,18317.380859375,4.376999855041504,2380.0,12.420000076293945,85.1424331665039,79.9660415649414,83148355189240.0,586932456.1118613,502180.0,411653.5,70.0
2024-05-17,67051.875,519.81396484375,40003.58984375,16685.970703125,18388.259765625,4.420000076293945,2412.199951171875,11.989999771118164,85.15206146240234,79.95661163330078,83148355189240.0,601399101.156872,514199.0,406458.75,74.0
2024-05-18,66940.8046875,,,,,,,,,,83148355189240.0,615865746.2018828,512784.75,401264.0,73.0
2024-05-19,66278.3671875,,,,,,,,,,83148355189240.0,630332391.2468935,511370.5,446767.75,72.0
2024-05-20,71448.1953125,520.4129028320312,39806.76953125,16794.869140625,18335.619140625,4.436999797821045,2433.89990234375,12.149999618530273,84.554443359375,79.48568725585938,83148355189240.0,644799036.2919042,509956.25,492271.5,70.0
2024-05-21,70136.53125,521.689208984375,39872.98828125,16832.619140625,18337.91015625,4.414000034332275,2421.699951171875,11.859999656677246,84.58336639404297,79.45741271972656,83456631839137.83,651384285.9095314,508542.0,537775.25,76.0
2024-05-22,69122.3359375,520.1870727539062,39671.0390625,16801.5390625,18236.640625,4.434000015258789,2389.199951171875,12.289999961853027,83.80259704589844,78.74159240722656,83764908489035.66,657969535.5271585,497780.75,583279.0,76.0
2024-05-23,67929.5625,516.3875122070312,39065.26171875,16736.029296875,18028.470703125,4.474999904632568,2335.0,12.770000457763672,82.00971221923828,77.04621124267578,84073185138933.5,664554785.1447855,487019.5,650623.0,76.0
2024-05-24,68526.1015625,519.80419921875,39069.58984375,16920.7890625,18110.599609375,4.4670000076293945,2332.5,11.930000305175781,82.01934814453125,77.10272216796875,84381461788831.33,671140034.7624127,476258.25,717967.0,74.0
2024-05-25,69265.9453125,,,,,,,,,,84381461788831.3,643874970.8501897,465497.0,785311.0,76.0
2024-05-26,68518.09375,,,,,,,,,,84381461788831.25,616609906.9379666,461390.25,852655.0,75.0
2024-05-27,69394.5546875,,,,,,,,,,84381461788831.22,589344843.0257435,457283.5,767095.5,74.0
2024-05-28,68296.21875,520.1674194335938,38852.859375,17019.880859375,18007.009765625,4.541999816894531,2355.199951171875,12.920000076293945,81.51811218261719,76.5940933227539,84381461788831.19,562079779.1135205,453176.75,681536.0,72.0
2024-05-29,67578.09375,516.5249633789062,38441.5390625,16920.580078125,17794.890625,4.624000072479248,2340.300048828125,14.279999732971191,80.75662994384766,75.8499984741211,84381461788831.2,569420373.2437344,449070.0,595976.5,72.0
2024-05-30,68364.9921875,513.0984497070312,38111.48046875,16737.080078125,17852.359375,4.553999900817871,2342.89990234375,14.470000267028809,81.93260192871094,76.96143341064453,84381461788831.22,576760967.3739483,435053.5,510417.0,73.0
2024-05-31,67491.4140625,517.7717895507812,38686.3203125,16735.01953125,18083.689453125,4.513999938964844,2322.89990234375,12.920000076293945,83.54234313964844,78.40251159667969,84381461788831.22,584101561.5041622,421037.0,575118.75,73.0
2024-06-01,67706.9375,,,,,,,,,,84381461788831.23,591442155.634376,407020.5,639820.5,72.0
2024-06-02,67751.6015625,,,,,,,,,,84381461788831.2,572566342.1566832,393004.0,704522.25,73.0
2024-06-03,68804.78125,518.1939697265625,38571.03125,16828.669921875,18006.9609375,4.4019999504089355,2346.60009765625,13.109999656677246,83.31099700927734,78.22355651855469,84381461788831.19,553690528.6789905,413783.25,769224.0,73.0
2024-06-04,70567.765625,518.7732543945312,38711.2890625,16857.05078125,17934.490234375,4.335999965667725,2325.5,13.15999984741211,84.05320739746094,78.82636260986328,84381461788831.16,534814715.2012977,434562.5,642913.5,73.0
2024-06-05,71082.8203125,524.93896484375,38807.328125,17187.900390625,18045.5,4.289000034332275,2354.10009765625,12.630000114440918,83.85078430175781,78.73216247558594,84381461788831.12,515938901.7236049,455341.75,516603.0,75.0
2024-06-06,70757.1640625,524.9291381835938,38886.171875,17173.119140625,18066.5703125,4.281000137329102,2370.300048828125,12.579999923706055,83.9857406616211,78.88287353515625,84215260056919.52,546134515.1184394,476121.0,390292.5,78.0
2024-06-07,69342.5859375,524.2910766601562,38798.98828125,17133.130859375,17985.630859375,4.429999828338623,2305.199951171875,12.220000267028809,83.31099700927734,78.13878631591797,84049058325007.9,576330128.513274,475354.0,263982.0,77.0
2024-06-08,69305.7734375,,,,,,,,,,83882856593096.31,606525741.9081085,474587.0,313920.75,72.0
2024-06-09,69647.9921875,,,,,,,,,,83716654861184.7,636721355.302943,473820.0,363859.5,75.0
2024-06-10,69512.28125,525.910888671875,38868.0390625,17192.529296875,18037.529296875,4.468999862670898,2307.699951171875,12.739999771118164,83.54234313964844,78.40251159667969,83716654861184.72,628398200.3316627,473053.0,413798.25,72.0
2024-06-11,67332.03125,527.1774291992188,38747.421875,17343.55078125,17919.109375,4.4039998054504395,2307.5,12.850000381469727,83.30564880371094,78.11994934082031,83716654861184.72,620075045.3603823,473746.5,463737.0,74.0
2024-06-12,68241.1875,531.5072021484375,38712.2109375,17608.439453125,18005.94921875,4.295000076293945,2336.0,12.039999961853027,84.02346801757812,78.81694030761719,83716654861184.73,611751890.3891021,474440.0,461039.0,72.0
2024-06-13,66756.3984375,532.5774536132812,38647.1015625,17667.560546875,17923.41015625,4.23799991607666,2300.199951171875,11.9399995803833,84.51818084716797,79.1371841430664,83716654861184.75,603428735.4178218,475133.5,458341.0,70.0
2024-06-14,66011.09375,532.9014892578125,38589.16015625,17688.880859375,17817.259765625,4.2129998207092285,2331.39990234375,12.65999984741211,84.45027923583984,79.11834716796875,83716654861184.75,598226763.5607716,475827.0,455643.0,74.0
2024-06-15,66191.0,,,,,,,,,,83716654861184.75,593024791.7037213,478091.0,452945.0,74.0
2024-06-16,66639.046875,,,,,,,,,,83716654861184.77,587822819.8466711,480355.0,498347.25,71.0
2024-06-17,66490.296875,537.1427001953125,38778.1015625,17857.01953125,17902.25,4.2789998054504395,2312.39990234375,12.75,84.14956665039062,78.80752563476562,83716654861184.77,582620847.9896209,482619.0,543749.5,71.0
2024-06-18,65140.74609375,538.5074462890625,38834.859375,17862.23046875,17967.849609375,4.2170000076293945,2330.39990234375,12.300000190734863,84.39207458496094,79.11834716796875,83706306719653.58,582548830.7428252,484883.0,589151.75,74.0
2024-06-19,64960.296875,,,,,,,,,,83695958578122.38,582476813.4960294,477844.0,634554.0,64.0
2024-06-20,64828.65625,537.0445556640625,39134.76171875,17721.58984375,18015.94921875,4.254000186920166,2353.800048828125,13.279999732971191,84.1689682006836,78.89229583740234,83685610436591.19,582404796.2492337,470805.0,599003.5,60.0
2024-06-21,64096.19921875,536.3245849609375,39150.328125,17689.359375,17995.689453125,4.256999969482422,2316.39990234375,13.199999809265137,84.51818084716797,79.09009552001953,83675262295060.0,582332779.002438,463766.0,563453.0,63.0
2024-06-22,64252.578125,,,,,,,,,,83675262295060.0,565694699.6023684,456727.0,527902.5,53.0
2024-06-23,63180.796875,,,,,,,,,,83675262295060.0,549056620.2022986,461614.5,492352.0,55.0
2024-06-24,60277.4140625,534.5811767578125,39411.2109375,17496.8203125,18126.689453125,4.248000144958496,2330.0,13.329999923706055,85.0225830078125,79.70232391357422,83675262295060.0,532418540.80222905,466502.0,472920.0,51.0
2024-06-25,61804.640625,536.6397094726562,39112.16015625,17717.650390625,18051.0,4.23799991607666,2316.60009765625,12.84000015258789,83.9943618774414,78.7227554321289,83675262295060.0,515780461.4021594,471389.5,453488.0,30.0
2024-06-26,60811.27734375,537.3095703125,39127.80078125,17805.16015625,17993.7890625,4.315999984741211,2299.199951171875,12.550000190734863,83.75186157226562,78.47786712646484,83675262295060.0,550096500.164803,476277.0,434056.0,46.0
2024-06-27,61604.80078125,538.1566772460938,39164.05859375,17858.6796875,18009.08984375,4.288000106811523,2324.5,12.239999771118164,84.45997619628906,79.24079132080078,83675262295060.0,584412538.9274467,473703.0,414624.0,40.0
2024-06-28,60320.13671875,536.0389404296875,39118.859375,17732.599609375,18026.5,4.3429999351501465,2327.699951171875,12.4399995803833,85.1098861694336,79.87303161621094,83675262295060.0,618728577.6900904,471129.0,463733.5,47.0
2024-06-29,60887.37890625,,,,,,,,,,83675262295060.0,653044616.4527341,468555.0,512843.0,30.0
2024-06-30,62678.29296875,,,,,,,,,,83675262295060.0,640566056.9026818,465981.0,561952.5,47.0
2024-07-01,62851.98046875,537.14208984375,39169.51953125,17879.30078125,17957.05078125,4.479000091552734,2327.60009765625,12.220000267028809,84.32418060302734,79.11969757080078,83675262295060.0,628087497.3526297,471381.25,611062.0,53.0
2024-07-02,62029.015625,540.7568969726562,39331.8515625,18028.759765625,18028.169921875,4.435999870300293,2323.0,12.029999732971191,84.64429473876953,79.49158477783203,83675262295060.0,615608937.8025774,476781.5,580930.75,51.0
2024-07-03,60173.921875,543.1701049804688,39308.0,18188.30078125,18091.650390625,4.355000019073486,2359.800048828125,12.09000015258789,84.60548400878906,79.4153060913086,83675262295060.0,603130378.2525251,482181.75,550799.5,50.0
2024-07-04,56977.703125,,,,,,,,,,82630245552052.8,591646181.3697138,487582.0,520668.25,44.0
2024-07-05,56662.375,546.30224609375,39375.87109375,18352.759765625,18098.900390625,4.271999835968018,2388.5,12.479999542236328,84.84798431396484,79.63462829589844,81585228809045.6,580161984.4869025,499394.5,490537.0,29.0
2024-07-06,58303.5390625,,,,,,,,,,80540212066038.38,568677787.6040913,511207.0,531412.0,26.0
2024-07-07,55849.109375,,,,,,,,,,79495195323031.17,557193590.72128,523019.5,572287.0,29.0
2024-07-08,56705.09765625,546.9326782226562,39344.7890625,18403.740234375,18087.869140625,4.269000053405762,2355.199951171875,12.369999885559082,85.14868927001953,79.89208984375,79495195323031.17,556205658.822838,534832.0,613162.0,28.0
2024-07-09,58009.2265625,547.4645385742188,39291.96875,18429.2890625,18048.580078125,4.300000190734863,2360.10009765625,12.510000228881836,85.12930297851562,79.87303161621094,79495195323031.17,555217726.924396,522630.75,654037.0,27.0
2024-07-10,57742.49609375,552.8818969726562,39721.359375,18647.44921875,18215.1796875,4.28000020980835,2372.199951171875,12.850000381469727,85.7889175415039,80.4642562866211,79495195323031.17,554229795.025954,510429.5,674449.25,28.0
2024-07-11,57344.9140625,548.1145629882812,39753.75,18283.41015625,18379.740234375,4.192999839782715,2415.0,12.920000076293945,88.15576934814453,82.77195739746094,79495195323031.17,553241863.127512,498228.25,694861.5,29.0
2024-07-12,57899.46484375,551.5718994140625,40000.8984375,18398.44921875,18505.919921875,4.189000129699707,2414.0,12.460000038146973,88.89298248291016,83.40131378173828,79495195323031.19,566084977.8072579,486027.0,715273.75,25.0
2024-07-13,59231.953125,,,,,,,,,,79495195323031.2,578928092.4870037,487731.0,735686.0,25.0
2024-07-14,60787.79296875,,,,,,,,,,79495195323031.22,591771207.1667495,489435.0,705732.0,33.0
2024-07-15,64870.15234375,553.0887451171875,40211.71875,18472.5703125,18525.08984375,4.229000091552734,2422.89990234375,13.119999885559082,89.30039978027344,83.96393585205078,79495195323031.23,604614321.8464954,491139.0,675778.0,52.0
2024-07-16,65097.1484375,556.3685913085938,40954.48046875,18509.33984375,18781.220703125,4.166999816894531,2462.39990234375,13.1899995803833,90.39653015136719,84.99381256103516,80133328607256.62,603349831.7657616,492843.0,645824.0,65.0
2024-07-17,64118.79296875,548.5676879882812,41198.078125,17996.919921875,18712.48046875,4.145999908447266,2454.800048828125,14.479999542236328,90.98824310302734,85.57551574707031,80771461891482.0,602085341.6850278,480879.5,615870.0,69.0
2024-07-18,63974.06640625,544.35205078125,40665.01953125,17871.220703125,18513.740234375,4.189000129699707,2451.800048828125,15.930000305175781,90.30921936035156,84.82217407226562,81409595175707.38,600820851.604294,468916.0,676809.75,61.0
2024-07-19,66710.15625,540.7371826171875,40287.53125,17726.939453125,18406.05078125,4.238999843597412,2395.5,16.520000457763672,90.12491607666016,84.66960906982422,82047728459932.77,599556361.5235602,456952.5,737749.5,60.0
2024-07-20,67163.6484375,,,,,,,,,,82047728459932.73,621988742.3968906,444989.0,798689.25,74.0
2024-07-21,68154.5234375,,,,,,,,,,82047728459932.72,644421123.2702211,454933.5,859629.0,74.0
2024-07-22,67585.25,546.3121948242188,40415.44140625,18007.5703125,18539.140625,4.260000228881836,2392.0,14.90999984741211,90.99794006347656,85.54690551757812,82047728459932.69,666853504.1435516,464878.0,824649.5,70.0
2024-07-23,65927.671875,545.4552001953125,40358.08984375,17997.349609375,18518.33984375,4.238999843597412,2404.60009765625,14.720000267028809,90.88153839111328,85.48015594482422,82047728459932.66,689285885.0168821,474822.5,789670.0,71.0
2024-07-24,65372.1328125,533.0938720703125,39853.87109375,17342.41015625,18308.419921875,4.285999774932861,2413.300048828125,18.040000915527344,89.43619537353516,84.2214126586914,82047728459932.67,673991079.8759749,484767.0,754690.5,69.0
2024-07-25,65777.2265625,530.3162231445312,39935.0703125,17181.720703125,18344.4609375,4.25600004196167,2351.89990234375,18.459999084472656,89.13549041748047,83.94486236572266,82047728459932.69,658696274.7350678,471561.25,719711.0,68.0
2024-07-26,67912.0625,536.2556762695312,40589.33984375,17357.880859375,18564.48046875,4.199999809265137,2380.0,16.389999389648438,90.6390380859375,85.41340637207031,82047728459932.72,643401469.5941607,458355.5,746315.5,68.0
2024-07-27,67813.3359375,,,,,,,,,,82047728459932.73,628106664.4532535,445149.75,772920.0,72.0
2024-07-28,68255.8671875,,,,,,,,,,83407783227967.1,624383991.845904,431944.0,799524.5,71.0
2024-07-29,66819.9140625,536.57080078125,40539.9296875,17370.19921875,18539.369140625,4.177999973297119,2377.300048828125,16.600000381469727,91.22103881835938,85.85205078125,84767837996001.44,620661319.2385545,461506.0,826129.0,74.0
2024-07-30,66201.015625,533.852294921875,40743.328125,17147.419921875,18580.580078125,4.14300012588501,2405.0,17.690000534057617,91.84185791015625,86.51958465576172,86127892764035.78,616938646.6312051,491068.0,722125.0,67.0
2024-07-31,64619.25,542.5299072265625,40842.7890625,17599.400390625,18710.009765625,4.109000205993652,2426.5,16.360000610351562,91.59935760498047,86.21442413330078,87487947532070.14,613215974.0238556,520630.0,618121.0,61.0
2024-08-01,65357.5,534.8470458984375,40347.96875,17194.150390625,18493.23046875,3.9760000705718994,2435.0,18.59000015258789,92.65667724609375,87.08219909667969,88282586272944.11,621039242.7220168,550192.0,514117.0,52.0
2024-08-02,61415.06640625,524.8892211914062,39737.26171875,16776.16015625,18162.259765625,3.7920000553131104,2425.699951171875,23.389999389648438,92.74398803710938,87.03450775146484,89077225013818.06,628862511.4201782,555765.0,410113.0,57.0
2024-08-03,60680.09375,,,,,,,,,,89871863754692.03,636685780.1183394,561338.0,428878.0,37.0
2024-08-04,58116.9765625,,,,,,,,,,90666502495566.0,644509048.8165007,566911.0,447643.0,34.0
2024-08-05,53991.45703125,509.60235595703125,38703.26953125,16200.080078125,17725.1796875,3.7850000858306885,2401.699951171875,38.56999969482422,90.11522674560547,84.54564666748047,90666502495566.0,628734351.8174953,572484.0,466408.0,26.0
2024-08-06,56034.31640625,514.3007202148438,38997.66015625,16366.849609375,17922.55078125,3.888000011444092,2389.10009765625,27.709999084472656,91.99706268310547,86.21442413330078,90666502495566.0,612959654.81849,555761.5,485173.0,17.0
2024-08-07,55027.4609375,510.8631591796875,38763.44921875,16195.8095703125,17838.810546875,3.9679999351501465,2390.5,27.850000381469727,91.19194030761719,85.62319946289062,90666502495566.0,597184957.8194847,539039.0,501074.0,29.0
2024-08-08,61710.13671875,522.6729736328125,39446.48828125,16660.01953125,18186.119140625,3.996999979019165,2422.199951171875,23.790000915527344,92.16197204589844,86.46235656738281,90666502495566.0,581410260.8204794,522316.5,516975.0,20.0
2024-08-09,60880.11328125,524.9777221679688,39497.5390625,16745.30078125,18267.150390625,3.941999912261963,2432.10009765625,20.3700008392334,92.57908630371094,86.86286163330078,90666502495566.0,590424373.3913395,505594.0,532876.0,48.0
2024-08-10,60945.8125,,,,,,,,,,90666502495566.0,599438485.9621997,504009.5,548777.0,40.0
2024-08-11,58719.484375,,,,,,,,,,90666502495566.0,608452598.53306,502425.0,537758.0,39.0
2024-08-12,59354.515625,525.2536010742188,39357.01171875,16780.609375,18206.390625,3.9089999198913574,2462.39990234375,20.709999084472656,91.94856262207031,86.22396087646484,90666502495566.0,617466711.1039201,500840.5,526739.0,25.0
2024-08-13,60609.56640625,533.8917236328125,39765.640625,17187.609375,18402.310546875,3.8519999980926514,2466.699951171875,18.1200008392334,92.65667724609375,86.97730255126953,89717745450115.0,616403389.9276898,499256.0,515720.0,31.0
2024-08-14,58737.26953125,535.5759887695312,40008.390625,17192.599609375,18498.08984375,3.819999933242798,2439.39990234375,16.190000534057617,93.02529907226562,87.20616149902344,88768988404664.0,615340068.7514594,491454.0,504701.0,30.0
2024-08-15,57560.09765625,544.755859375,40563.05859375,17594.5,18706.51953125,3.9260001182556152,2453.10009765625,15.229999542236328,92.74398803710938,87.139404296875,87820231359213.0,614276747.5752289,483652.0,570951.25,29.0
2024-08-16,58894.10546875,545.9771728515625,40659.76171875,17631.720703125,18753.76953125,3.8919999599456787,2498.60009765625,14.800000190734863,92.7730941772461,87.09173583984375,86871474313762.0,613213426.3989986,475850.0,637201.5,27.0
2024-08-17,59478.97265625,,,,,,,,,,86871474313762.0,621850235.2215197,468048.0,703451.75,25.0
2024-08-18,58483.96484375,,,,,,,,,,86871474313762.0,630487044.0440408,483166.75,769702.0,31.0
2024-08-19,59493.453125,551.1975708007812,40896.53125,17876.76953125,18882.0390625,3.867000102996826,2501.800048828125,14.649999618530273,93.481201171875,87.81645965576172,86871474313762.0,639123852.8665619,498285.5,776052.0,28.0
2024-08-20,59012.79296875,550.30126953125,40834.96875,17816.939453125,18802.240234375,3.818000078201294,2511.300048828125,15.880000114440918,93.46180725097656,87.7115707397461,86871474313762.0,647760661.689083,513404.25,782402.0,30.0
2024-08-21,61175.19140625,552.1923217773438,40890.48828125,17918.990234375,18902.5,3.7780001163482666,2508.39990234375,16.270000457763672,93.79161071777344,88.1788330078125,86871474313762.0,650999464.9975284,528523.0,788752.0,26.0
2024-08-22,60381.9140625,547.8584594726562,40712.78125,17619.349609375,18850.849609375,3.861999988555908,2478.89990234375,17.549999237060547,94.1505126953125,88.43628692626953,86871474313762.0,654238268.3059738,499123.75,795102.0,39.0
2024-08-23,64094.35546875,553.6796264648438,41175.078125,17877.7890625,19093.48046875,3.806999921798706,2508.39990234375,15.859999656677246,96.16816711425781,90.38162231445312,86871474313762.0,657477071.6144192,469724.5,746507.0,34.0
2024-08-24,64178.9921875,,,,,,,,,,86871474313762.0,660715874.9228647,440325.25,697912.0,56.0
2024-08-25,64333.54296875,,,,,,,,,,87137953460612.7,671485410.5341252,410926.0,649317.0,54.0
2024-08-26,62880.66015625,552.35986328125,41240.51953125,17725.76953125,19100.400390625,3.818000078201294,2517.699951171875,16.149999618530273,96.02266693115234,90.3434829711914,87404432607463.4,682254946.1453857,442510.5,600722.0,55.0
2024-08-27,59504.1328125,553.1182250976562,41250.5,17754.8203125,19119.310546875,3.8329999446868896,2516.0,15.430000305175781,96.2360610961914,90.47698974609375,87670911754314.1,693024481.7566464,474095.0,586066.75,48.0
2024-08-28,59027.625,549.9072875976562,41091.421875,17556.029296875,19064.4296875,3.8410000801086426,2501.0,17.110000610351562,95.89656829833984,90.12416076660156,87937390901164.8,703794017.3679069,505679.5,571411.5,30.0
2024-08-29,59388.1796875,549.9564208984375,41335.05078125,17516.4296875,19149.5390625,3.867000102996826,2525.699951171875,15.649999618530273,95.57645416259766,89.84761810302734,88320959370116.42,685737463.625695,537264.0,556756.25,29.0
2024-08-30,59119.4765625,555.2063598632812,41563.078125,17713.619140625,19292.23046875,3.9110000133514404,2493.800048828125,15.0,96.5464859008789,90.71537780761719,88704527839068.05,667680909.8834829,527388.25,542101.0,34.0
2024-08-31,58969.8984375,,,,,,,,,,89088096308019.67,649624356.141271,517512.5,552263.5,29.0
2024-09-01,57325.48828125,,,,,,,,,,89471664776971.3,631567802.399059,507636.75,562426.0,26.0
2024-09-02,59112.48046875,,,,,,,,,,89471664776971.31,646022699.284953,497761.0,572588.5,26.0
2024-09-03,57431.0234375,543.7808227539062,40936.9296875,17136.30078125,19017.419921875,3.8440001010894775,2489.89990234375,20.719999313354492,96.5464859008789,90.66770935058594,89471664776971.33,660477596.1708469,508695.5,582751.0,26.0
2024-09-04,57971.5390625,542.6677856445312,40974.96875,17084.30078125,19001.919921875,3.7679998874664307,2493.39990234375,21.31999969482422,96.81808471679688,90.92517852783203,89471664776971.34,674932493.056741,519630.0,632419.75,27.0
2024-09-05,56160.48828125,541.3478393554688,40755.75,17127.66015625,18878.01953125,3.7309999465942383,2511.39990234375,19.899999618530273,96.50767517089844,90.62957000732422,89471664776971.36,689387389.9426349,530564.5,682088.5,29.0
2024-09-06,53948.75390625,532.2369384765625,40345.41015625,16690.830078125,18663.140625,3.7100000381469727,2493.5,22.3799991607666,96.42037200927734,90.5437240600586,89471664776971.34,678268238.4919473,541499.0,731757.25,22.0
2024-09-07,54139.6875,,,,,,,,,,89471664776971.34,667149087.0412596,530183.25,781426.0,23.0
2024-09-08,54841.56640625,,,,,,,,,,89471664776971.33,656029935.590572,518867.5,688920.0,29.0
2024-09-09,57019.53515625,538.1959838867188,40829.58984375,16884.599609375,18859.689453125,3.697000026702881,2501.800048828125,19.450000762939453,97.59410095214844,91.55455017089844,89471664776971.31,644910784.1398844,507551.75,596414.0,26.0
2024-09-10,57648.7109375,540.5402221679688,40736.9609375,17025.880859375,18822.220703125,3.6459999084472656,2512.300048828125,19.079999923706055,99.13643646240234,92.88004302978516,90271642649018.69,625340006.1815894,496236.0,503908.0,33.0
2024-09-11,57343.171875,546.0855712890625,40861.7109375,17395.529296875,18866.630859375,3.6530001163482666,2512.10009765625,17.690000534057617,98.7872314453125,92.69886779785156,91071620521066.06,605769228.2232943,496447.25,411402.0,37.0
2024-09-12,58127.01171875,550.6853637695312,41096.76953125,17569.6796875,18987.900390625,3.680000066757202,2551.199951171875,17.06999969482422,99.13643646240234,93.08984375,91871598393113.44,586198450.2649993,496658.5,486670.0,31.0
2024-09-13,60571.30078125,553.5615234375,41393.78125,17683.98046875,19121.5,3.6500000953674316,2581.300048828125,16.559999465942383,100.04827117919922,94.0625,92671576265160.81,566627672.3067043,496869.75,561938.0,32.0
2024-09-14,60005.12109375,,,,,,,,,,92671576265160.78,597723093.3479259,497081.0,637206.0,50.0
2024-09-15,59182.8359375,,,,,,,,,,92671576265160.75,628818514.3891475,498712.25,712474.0,51.0
2024-09-16,58192.5078125,554.3790283203125,41622.078125,17592.130859375,19256.380859375,3.621000051498413,2580.39990234375,17.139999389648438,100.5041732788086,94.37718963623047,92671576265160.7,659913935.4303693,500343.5,648282.25,39.0
2024-09-17,60308.5390625,554.6055908203125,41606.1796875,17628.060546875,19225.779296875,3.6419999599456787,2564.300048828125,17.610000610351562,99.67964935302734,93.71920776367188,92671576265160.67,691009356.4715909,501974.75,584090.5,33.0
2024-09-18,61649.6796875,552.960693359375,41503.1015625,17573.30078125,19195.560546875,3.684999942779541,2570.699951171875,18.229999542236328,99.49534606933594,93.60478210449219,92671576265160.69,673734122.5598011,503606.0,519898.75,45.0
2024-09-19,62940.45703125,562.3966064453125,42025.19140625,18013.98046875,19432.419921875,3.740000009536743,2588.0,16.329999923706055,99.38864135742188,93.62385559082031,92671576265160.7,656458888.6480113,487607.0,455707.0,49.0
2024-09-20,63192.9765625,561.4244995117188,42063.359375,17948.3203125,19373.740234375,3.7279999256134033,2619.89990234375,16.149999618530273,99.20433807373047,93.251953125,92671576265160.72,639183654.7362216,471608.0,486805.75,54.0
2024-09-21,63394.83984375,,,,,,,,,,92671576265160.73,621908420.8244318,455609.0,517904.5,54.0
2024-09-22,63648.7109375,,,,,,,,,,92449327624839.89,630682643.4352412,439610.0,549003.25,52.0
2024-09-23,63329.80078125,562.827392578125,42124.6484375,17974.26953125,19445.4296875,3.739000082015991,2626.5,15.890000343322754,100.07735443115234,94.17693328857422,92227078984519.05,639456866.0460505,458698.75,580102.0,50.0
2024-09-24,64301.96875,564.4378051757812,42208.21875,18074.51953125,19506.55078125,3.7360000610351562,2651.199951171875,15.390000343322754,100.10646057128906,94.3104476928711,92004830344198.2,648231088.65686,477787.5,548007.25,54.0
2024-09-25,63143.14453125,563.1929321289062,41914.75,18082.2109375,19381.1796875,3.7809998989105225,2659.199951171875,15.40999984741211,99.52332305908203,93.68106842041016,91782581703877.36,657005311.2676694,496876.25,515912.5,59.0
2024-09-26,65181.01953125,565.4258422851562,42175.109375,18190.2890625,19501.720703125,3.7909998893737793,2669.89990234375,15.369999885559082,98.60516357421875,92.83235931396484,90938036870658.02,663044992.2352134,515965.0,483817.75,50.0
2024-09-27,65790.6640625,564.605712890625,42313.0,18119.58984375,19501.220703125,3.749000072479248,2644.300048828125,16.959999084472656,98.80052185058594,92.95065307617188,90093492037438.69,669084673.2027574,515362.5,451723.0,61.0
2024-09-28,65887.6484375,,,,,,,,,,89248947204219.34,675124354.1703012,514760.0,497015.75,64.0
2024-09-29,65635.3046875,,,,,,,,,,88404402371000.0,681164035.1378452,514157.5,542308.5,63.0
2024-09-30,63329.5,566.8682250976562,42330.1484375,18189.169921875,19516.439453125,3.802000045776367,2636.10009765625,16.729999542236328,99.50379943847656,93.68147277832031,88404402371000.0,684459990.1465766,513555.0,587601.25,61.0
2024-10-01,60837.0078125,561.7899780273438,42156.96875,17910.359375,19473.9296875,3.743000030517578,2667.300048828125,19.260000228881836,98.907958984375,93.0756607055664,88404402371000.0,687755945.1553082,523661.75,632894.0,50.0
2024-10-02,60632.78515625,562.0271606445312,42196.51953125,17925.119140625,19481.7890625,3.7850000858306885,2647.10009765625,18.899999618530273,98.57585144042969,92.74871063232422,88404402371000.0,691051900.1640397,533768.5,664064.25,42.0
2024-10-03,60759.40234375,560.9996948242188,42011.58984375,17918.48046875,19387.6796875,3.8499999046325684,2657.10009765625,20.489999771118164,97.59908294677734,91.90247344970703,88404402371000.0,694347855.1727712,543875.25,695234.5,37.0
2024-10-04,62067.4765625,566.09765625,42352.75,18137.849609375,19538.6796875,3.9809999465942383,2645.800048828125,19.209999084472656,97.05209350585938,91.46013641357422,88404402371000.0,691051900.1640397,553982.0,726404.75,41.0
2024-10-05,62089.94921875,,,,,,,,,,88404402371000.0,687755945.1553082,554535.0,757575.0,49.0
2024-10-06,62818.953125,,,,,,,,,,88404402371000.0,684459990.1465766,555088.0,702403.0,50.0
2024-10-07,62236.66015625,560.9799194335938,41954.23828125,17923.900390625,19432.30078125,4.026000022888184,2644.800048828125,22.639999389648438,96.21207427978516,90.65235900878906,88404402371000.0,681164035.1378452,555641.0,647231.0,50.0
2024-10-08,62131.96875,566.285400390625,42080.37109375,18182.919921875,19435.029296875,4.0329999923706055,2615.0,21.420000076293945,96.43672943115234,90.83507537841797,89315700415371.19,671026382.1039984,556194.0,592059.0,49.0
2024-10-09,60582.1015625,570.2077026367188,42512.0,18291.619140625,19547.08984375,4.066999912261963,2606.0,20.860000610351562,96.5051040649414,90.93123626708984,90226998459742.36,660888729.0701518,527264.75,536887.0,49.0
2024-10-10,60274.5,569.2098388671875,42454.12109375,18282.05078125,19496.009765625,4.0960001945495605,2620.60009765625,20.93000030517578,95.73345184326172,90.12346649169922,91138296504113.53,650751076.0363051,498335.5,564850.0,39.0
2024-10-11,62445.08984375,572.6183471679688,42863.859375,18342.939453125,19711.220703125,4.072999954223633,2657.60009765625,20.459999084472656,96.80789947509766,91.14278411865234,92049594548484.72,640613423.0024583,469406.25,592813.0,32.0
2024-10-12,63193.0234375,,,,,,,,,,92049594548484.7,658916663.6596715,440477.0,620776.0,49.0
2024-10-13,62851.375,,,,,,,,,,92049594548484.69,677219904.3168846,446611.5,648739.0,50.0
2024-10-14,66046.125,577.3014526367188,43065.21875,18502.689453125,19814.55078125,4.0980000495910645,2647.800048828125,19.700000762939453,97.44280242919922,91.69091796875,92049594548484.66,695523144.9740977,452746.0,649811.0,48.0
2024-10-15,67041.109375,572.81591796875,42740.421875,18315.58984375,19678.7109375,4.038000106811523,2661.39990234375,20.639999389648438,98.59539794921875,92.79679107666016,92049594548484.64,713826385.6313109,458880.5,650883.0,65.0
2024-10-16,67612.71875,575.3057250976562,43077.69921875,18367.080078125,19825.490234375,4.015999794006348,2674.0,19.579999923706055,99.61124420166016,93.81610107421875,92049594548484.62,733273578.8295999,465015.0,651955.0,73.0
2024-10-17,67399.8359375,575.3550415039062,43239.05078125,18373.609375,19855.259765625,4.0960001945495605,2691.0,19.110000610351562,98.83959197998047,93.0756607055664,92049594548484.61,752720772.0278888,464453.75,653027.0,71.0
2024-10-18,68418.7890625,577.5682373046875,43275.91015625,18489.55078125,19884.810546875,4.072999954223633,2713.699951171875,18.030000686645508,99.57217407226562,93.76803588867188,92049594548484.6,772167965.2261777,463892.5,698523.0,73.0
2024-10-19,68362.734375,,,,,,,,,,92049594548484.58,791615158.4244666,463331.25,744019.0,72.0
2024-10-20,69001.703125,,,,,,,,,,92955371763419.44,773247193.3871946,462770.0,789515.0,73.0
2024-10-21,67367.8515625,576.6196899414062,42931.6015625,18540.009765625,19720.3203125,4.182000160217285,2723.10009765625,18.3700008392334,97.57955932617188,91.93132019042969,93861148978354.28,754879228.3499225,460532.0,835011.0,72.0
2024-10-22,67361.40625,576.3134765625,42924.890625,18579.76953125,19664.580078125,4.203999996185303,2744.199951171875,18.200000762939453,97.68699645996094,92.0659408569336,94766926193289.14,736511263.3126504,458294.0,757261.75,70.0
2024-10-23,66432.1953125,571.0474853515625,42514.94921875,18276.650390625,19594.240234375,4.242000102996826,2714.39990234375,19.239999771118164,98.56610107421875,92.73908996582031,95672703408224.0,718143298.2753785,456056.0,679512.5,71.0
2024-10-24,68161.0546875,572.282470703125,42374.359375,18415.490234375,19560.73046875,4.199999809265137,2734.89990234375,19.079999923706055,98.81028747558594,92.94103240966797,95672703408224.0,730033087.9819245,453818.0,601763.25,69.0
2024-10-25,66642.4140625,572.0848999023438,42114.3984375,18518.609375,19456.26953125,4.23199987411499,2740.89990234375,20.329999923706055,97.8725814819336,92.0659408569336,95672703408224.0,741922877.6884705,474202.5,524014.0,72.0
2024-10-26,67014.6953125,,,,,,,,,,95672703408224.0,753812667.3950164,494587.0,546755.75,
2024-10-27,67929.296875,,,,,,,,,,95672703408224.0,765702457.1015625,514971.5,569497.5,74.0
2024-10-28,69907.7578125,573.8533935546875,42387.5703125,18567.189453125,19549.669921875,4.2779998779296875,2742.89990234375,19.799999237060547,98.12654113769531,92.35443878173828,95672703408224.0,762135520.1895987,535356.0,592239.25,72.0
2024-10-29,72720.4921875,574.7820434570312,42233.05078125,18712.75,19456.689453125,4.27400016784668,2768.39990234375,19.34000015258789,97.21815490722656,91.69091796875,95672703408224.0,758568583.2776349,540751.5,614981.0,72.0
2024-10-30,72339.5390625,573.043212890625,42141.5390625,18607.9296875,19416.26953125,4.265999794006348,2788.5,20.350000381469727,97.68699645996094,92.09479522705078,95672703408224.0,755001646.3656709,546147.0,597388.75,77.0
2024-10-31,70215.1875,561.809814453125,41763.4609375,18095.150390625,19238.94921875,4.283999919891357,2738.300048828125,23.15999984741211,96.02648162841797,90.53697204589844,95672703408224.0,751434709.4537071,551542.5,579796.5,77.0
2024-11-01,69482.46875,564.180908203125,42052.19140625,18239.919921875,19253.5390625,4.361000061035156,2738.60009765625,21.8799991607666,94.9422607421875,89.53688049316406,95751831093582.4,743705808.9038496,556938.0,562204.25,75.0
2024-11-02,69289.2734375,,,,,,,,,,95830958778940.81,735976908.3539922,554827.5,544612.0,72.0
2024-11-03,68741.1171875,,,,,,,,,,95910086464299.23,728248007.8041348,552717.0,533869.25,74.0
2024-11-04,67811.5078125,562.9656372070312,41794.6015625,18179.98046875,19243.390625,4.309000015258789,2736.10009765625,21.979999542236328,95.96788024902344,90.51773071289062,95989214149657.64,720519107.2542773,550606.5,523126.5,70.0
2024-11-05,69359.5625,569.7730102539062,42221.87890625,18439.169921875,19463.7890625,4.289000034332275,2740.300048828125,20.489999771118164,97.2767562866211,91.71975708007812,97403621525439.39,719766996.6175246,548496.0,512383.75,70.0
2024-11-06,75639.078125,583.9407348632812,43729.9296875,18983.470703125,19828.0,4.426000118255615,2667.60009765625,16.270000457763672,94.8250503540039,89.76766967773438,98818028901221.12,719014885.9807718,536957.25,501641.0,70.0
2024-11-07,75904.859375,588.455810546875,43729.33984375,19269.4609375,19876.099609375,4.341000080108643,2698.39990234375,15.199999809265137,95.99718475341797,90.84468078613281,100232436277002.88,718262775.344019,525418.5,515800.25,77.0
2024-11-08,76545.4765625,591.0048217773438,43988.98828125,19286.779296875,19937.130859375,4.306000232696533,2687.5,14.9399995803833,97.56978607177734,92.20056915283203,101646843652784.62,717510664.7072663,513879.75,529959.5,75.0
2024-11-09,76778.8671875,,,,,,,,,,101646843652784.62,722563556.7122471,502341.0,544118.75,75.0
2024-11-10,80474.1875,,,,,,,,,,101646843652784.62,727616448.7172279,535903.5,558278.0,78.0
2024-11-11,88701.484375,591.5679321289062,44293.12890625,19298.759765625,20015.869140625,4.308000087738037,2611.199951171875,14.970000267028809,96.92511749267578,91.73899841308594,101646843652784.61,732669340.7222086,569466.0,544600.0,76.0
2024-11-12,87955.8125,589.7303466796875,43910.98046875,19281.400390625,19853.2890625,4.432000160217285,2600.0,14.710000038146973,95.61624145507812,90.46965789794922,101646843652784.61,737722232.7271894,603028.5,530922.0,80.0
2024-11-13,90584.1640625,590.016845703125,43958.19140625,19230.720703125,19845.419921875,4.451000213623047,2580.800048828125,14.020000457763672,96.27066802978516,90.9697036743164,101646843652784.6,751617685.7408864,636591.0,517244.0,84.0
2024-11-14,87250.4296875,586.2230224609375,43750.859375,19107.650390625,19733.580078125,4.418000221252441,2568.199951171875,14.3100004196167,95.4208984375,90.1523208618164,101646843652784.6,765513138.7545836,606964.5,503566.0,88.0
2024-11-15,91066.0078125,578.7142944335938,43444.98828125,18680.119140625,19645.76953125,4.427999973297119,2565.699951171875,16.139999389648438,95.52833557128906,90.20040893554688,101646843652784.58,779408591.7682807,577338.0,546001.5,80.0
2024-11-16,90558.4765625,,,,,,,,,,101646843652784.56,793304044.7819778,547711.5,588437.0,86.0
2024-11-17,89845.8515625,,,,,,,,,,101807484625419.42,781845684.160822,518085.0,630872.5,90.0
2024-11-18,90542.640625,581.08544921875,43389.6015625,18791.810546875,19718.419921875,4.414000034332275,2610.60009765625,15.579999923706055,96.30975341796875,90.85430908203125,101968125598054.28,770387323.5396664,555113.25,673308.0,83.0
2024-11-19,92343.7890625,583.2095947265625,43268.94140625,18987.470703125,19718.25,4.379000186920166,2627.10009765625,16.350000381469727,96.81766510009766,91.2966537475586,102128766570689.14,758928962.9185107,592141.5,640057.25,90.0
2024-11-20,94339.4921875,583.4071655273438,43408.46875,18966.140625,19749.130859375,4.406000137329102,2648.199951171875,17.15999984741211,96.612548828125,91.1812515258789,102289407543324.0,747470602.2973549,629169.75,606806.5,83.0
2024-11-21,98504.7265625,586.5391235351562,43870.3515625,18972.419921875,19968.30078125,4.432000160217285,2672.10009765625,16.8700008392334,97.3060531616211,91.85438537597656,102289407543324.0,730944891.7023454,666198.0,573555.75,82.0
2024-11-22,98997.6640625,588.3569946289062,44296.51171875,19003.650390625,20123.44921875,4.409999847412109,2709.89990234375,15.239999771118164,98.02886962890625,92.54676055908203,102289407543324.0,714419181.1073358,647938.0,540305.0,94.0
2024-11-23,97777.28125,,,,,,,,,,102289407543324.0,697893470.5123261,629678.0,524151.0,93.0
2024-11-24,98013.8203125,,,,,,,,,,102289407543324.0,681367759.9173166,611418.0,507997.0,80.0
2024-11-25,93102.296875,590.3528442382812,44736.5703125,19054.83984375,20220.359375,4.264999866485596,2616.800048828125,14.600000381469727,99.39634704589844,93.83533477783203,102289407543324.0,691537427.9757841,593158.0,491843.0,82.0
2024-11-26,91985.3203125,593.435302734375,44860.30859375,19174.30078125,20219.44921875,4.302000045776367,2620.300048828125,14.100000381469727,99.70892333984375,94.21037292480469,102289407543324.0,701707096.0342515,582837.5,475689.0,79.0
2024-11-27,95962.53125,591.6371459960938,44722.05859375,19060.48046875,20209.8203125,4.242000102996826,2639.89990234375,14.100000381469727,100.4805679321289,94.81619262695312,102289407543324.0,711876764.0927188,572517.0,517002.5,75.0
2024-11-28,95652.46875,,,,,,,,,,102289407543324.0,722046432.1511863,562196.5,558316.0,77.0
2024-11-29,97461.5234375,595.3124389648438,44910.6484375,19218.169921875,20272.0390625,4.177999973297119,2657.0,13.510000228881836,99.9335708618164,94.3930892944336,102440235647465.53,703930513.1685843,551876.0,599629.5,78.0
2024-11-30,96449.0546875,,,,,,,,,,102591063751607.06,685814594.1859823,567303.25,640943.0,84.0
2024-12-01,97279.7890625,,,,,,,,,,102741891855748.58,667698675.2033803,582730.5,606435.25,81.0
2024-12-02,95865.3046875,596.3795776367188,44782.0,19403.94921875,20213.220703125,4.196000099182129,2634.89990234375,13.34000015258789,98.59539794921875,93.0179672241211,102892719959890.11,649582756.2207783,598157.75,571927.5,80.0
2024-12-03,96002.1640625,596.6561279296875,44705.53125,19480.91015625,20185.810546875,4.2230000495910645,2644.699951171875,13.300000190734863,98.02886962890625,92.54676055908203,103149448647790.58,662826751.2504939,613585.0,537419.75,76.0
2024-12-04,98768.53125,600.361083984375,45014.0390625,19735.119140625,20188.599609375,4.179999828338623,2653.800048828125,13.449999809265137,97.70654296875,92.29674530029297,103406177335691.06,676070746.2802094,591091.5,502912.0,78.0
2024-12-05,96593.5703125,599.3731079101562,44765.7109375,19700.259765625,20157.439453125,4.179999828338623,2626.60009765625,13.539999961853027,97.40373229980469,92.07556915283203,103662906023591.53,689314741.309925,568598.0,482264.0,84.0
2024-12-06,99920.7109375,600.5093383789062,44642.51953125,19859.76953125,20107.7890625,4.151000022888184,2638.60009765625,12.770000457763672,97.37443542480469,91.94094848632812,103919634711492.0,702558736.3396405,546104.5,461616.0,72.0
2024-12-07,99923.3359375,,,,,,,,,,103919634711492.0,725805165.1155845,523611.0,440968.0,75.0
2024-12-08,101236.015625,,,,,,,,,,103919634711492.0,749051593.8915285,547076.0,420320.0,79.0
2024-12-09,97432.71875,597.4168701171875,44401.9296875,19736.689453125,20006.259765625,4.198999881744385,2664.89990234375,14.1899995803833,97.6479263305664,92.20056915283203,103919634711492.0,772298022.6674725,570541.0,433984.5,78.0
2024-12-10,96675.4296875,595.5594482421875,44247.828125,19687.240234375,19881.900390625,4.2210001945495605,2697.60009765625,14.180000305175781,96.10462951660156,90.8639144897461,103919634711492.0,795544451.4434165,594006.0,447649.0,78.0
2024-12-11,101173.03125,600.16357421875,44148.55859375,20034.890625,19891.029296875,4.270999908447266,2733.800048828125,13.579999923706055,95.92880249023438,90.65235900878906,103919634711492.0,802001792.7700676,617471.0,461313.5,74.0
2024-12-12,100043.0,597.071044921875,43914.12109375,19902.83984375,19769.08984375,4.323999881744385,2687.5,13.920000076293945,95.74321746826172,90.50812530517578,103919634711492.0,808459134.0967185,598218.0,474978.0,83.0
2024-12-13,101459.2578125,596.9525146484375,43828.05859375,19926.720703125,19729.369140625,4.39900016784668,2656.0,13.8100004196167,95.34274291992188,90.24848175048828,103919634711492.0,814916475.4233696,578965.0,459420.25,76.0
2024-12-14,101372.96875,,,,,,,,,,103919634711492.0,821373816.7500207,559712.0,443862.5,83.0
2024-12-15,104298.6953125,,,,,,,,,,105070387940943.5,810239205.2471684,540459.0,428304.75,80.0
2024-12-16,106029.71875,599.5015258789062,43717.48046875,20173.890625,19627.6796875,4.396999835968018,2651.39990234375,14.6899995803833,95.06924438476562,89.93114471435547,106221141170395.0,799104593.7443161,563894.75,412747.0,83.0
2024-12-17,106140.6015625,597.031494140625,43449.8984375,20109.060546875,19517.609375,4.385000228881836,2644.39990234375,15.869999885559082,94.60440063476562,89.4984130859375,107371894399846.5,787969982.2414637,587330.5,409227.75,87.0
2024-12-18,100041.5390625,579.2379150390625,42326.87109375,19392.689453125,18986.9609375,4.49399995803833,2636.5,27.6200008392334,90.75365447998047,85.8057861328125,108522647629298.0,776835370.7386113,610766.25,405708.5,81.0
2024-12-19,97490.953125,579.06005859375,42342.23828125,19372.76953125,18958.2109375,4.570000171661377,2592.199951171875,24.09000015258789,89.36500549316406,84.4787368774414,108522647629298.0,791670768.443689,634202.0,402189.25,75.0
2024-12-20,97755.9296875,586.01513671875,42840.26171875,19572.599609375,19119.439453125,4.52400016784668,2628.699951171875,18.360000610351562,90.9900131225586,85.90193939208984,108522647629298.0,806506166.1487665,607792.25,398670.0,74.0
2024-12-21,97224.7265625,,,,,,,,,,108522647629298.0,821341563.8538442,581382.5,380645.0,73.0
2024-12-22,95104.9375,,,,,,,,,,108522647629298.0,836176961.5589218,554972.75,362620.0,73.0
2024-12-23,94686.2421875,589.5244140625,42906.94921875,19764.880859375,19207.109375,4.598999977111816,2612.300048828125,16.780000686645508,91.38394927978516,86.23788452148438,108522647629298.0,803808821.1114798,528563.0,344595.0,70.0
2024-12-24,98676.09375,596.0769653320312,43297.03125,20031.130859375,19341.48046875,4.591000080108643,2620.0,14.270000457763672,91.99455261230469,86.81072998046875,108522647629298.0,771440680.6640377,538545.25,326570.0,73.0
2024-12-25,99299.1953125,,,,,,,,,,108522647629298.0,739072540.2165955,548527.5,319572.5,73.0
2024-12-26,95795.515625,596.11669921875,43325.80078125,20020.359375,19364.5,4.578999996185303,2638.800048828125,14.729999542236328,92.18167114257812,87.04375457763672,108522647629298.0,706704399.7691535,558509.75,312575.0,79.0
2024-12-27,94164.859375,589.8416137695312,42992.2109375,19722.029296875,19238.48046875,4.61899995803833,2617.199951171875,15.949999809265137,91.26576232910156,86.16991424560547,108837504621699.62,746955838.8231126,568492.0,305577.5,74.0
2024-12-28,95163.9296875,,,,,,,,,,109152361614101.27,787207277.8770719,562675.75,298580.0,72.0
2024-12-29,93530.2265625,,,,,,,,,,109467218606502.9,827458716.931031,556859.5,296988.25,73.0
2024-12-30,92643.2109375,583.110595703125,42573.73046875,19486.7890625,19077.9296875,4.545000076293945,2606.10009765625,17.399999618530273,90.88167572021484,85.74270629882812,109782075598904.53,867710155.9849901,551043.25,295396.5,65.0
2024-12-31,93429.203125,580.9891357421875,42544.21875,19310.7890625,19097.099609375,4.572999954223633,2629.199951171875,17.350000381469727,91.64986419677734,86.49032592773438,109782075598904.55,844516645.5262718,545227.0,293804.75,64.0
2025-01-01,94419.7578125,,,,,,,,,,109782075598904.56,821323135.0675535,537556.0,292213.0,66.0
2025-01-02,96886.875,579.5617065429688,42392.26953125,19280.7890625,19095.419921875,4.574999809265137,2658.89990234375,17.93000030517578,90.89152526855469,85.7232894897461,109782075598904.58,798129624.6088352,529885.0,327648.25,70.0
2025-01-03,98107.4296875,586.8082275390625,42732.12890625,19621.6796875,19254.2890625,4.5960001945495605,2645.0,16.1299991607666,92.0142593383789,86.84956359863281,109782075598904.6,774936114.1501169,522214.0,363083.5,74.0
2025-01-04,98236.2265625,,,,,,,,,,109782075598904.6,764021520.993073,514543.0,398518.75,73.0
2025-01-05,98314.9609375,,,,,,,,,,109782075598904.61,753106927.836029,522275.75,433954.0,72.0
2025-01-06,102078.0859375,590.1885375976562,42706.55859375,19864.98046875,19261.419921875,4.618000030517578,2638.39990234375,16.040000915527344,90.871826171875,85.73300170898438,109782075598904.62,742192334.6789852,530008.5,458968.75,76.0
2025-01-07,96922.703125,583.5169677734375,42528.359375,19489.6796875,19213.880859375,4.683000087738037,2656.699951171875,17.81999969482422,90.09380340576172,84.91741180419922,109782075598904.62,731277741.5219413,537741.25,483983.5,78.0
2025-01-08,95043.5234375,584.3695068359375,42635.19921875,19478.880859375,19240.740234375,4.692999839782715,2664.5,17.700000762939453,90.33016204833984,85.14073181152344,109782075598904.62,736735038.1004633,545474.0,508998.25,70.0
2025-01-09,92484.0390625,,,,,,2683.800048828125,,,,109782075598904.62,742192334.6789854,528733.5,534013.0,69.0
2025-01-10,94701.453125,575.4476928710938,41938.44921875,19161.630859375,18963.009765625,4.776000022888184,2708.5,19.540000915527344,88.13394927978516,83.06294250488281,109782075598904.61,747649631.2575073,511993.0,502571.75,50.0
2025-01-11,94566.59375,,,,,,,,,,109782075598904.61,753106927.8360293,495252.5,471130.5,69.0
2025-01-12,94488.4375,,,,,,,,,,109949533542840.95,755628340.7373723,478512.0,439689.25,62.0
2025-01-13,94516.5234375,576.3399047851562,42297.12109375,19088.099609375,19047.330078125,4.802999973297119,2673.5,19.190000534057617,89.23697662353516,84.0824203491211,110116991486777.31,758149753.6387153,497038.25,408248.0,61.0
2025-01-14,96534.046875,577.1329345703125,42518.28125,19044.390625,19176.650390625,4.788000106811523,2677.5,18.709999084472656,90.07410430908203,84.84945678710938,110284449430713.66,760671166.5400583,515564.5,412601.25,63.0
2025-01-15,100504.4921875,587.6309814453125,43221.55078125,19511.23046875,19422.7109375,4.6529998779296875,2712.5,16.1200008392334,90.4483413696289,85.33491516113281,110451907374650.0,763192579.4414012,534090.75,416954.5,70.0
2025-01-16,99756.90625,586.5008544921875,43153.12890625,19338.2890625,19548.630859375,4.605999946594238,2746.39990234375,16.600000381469727,92.53621673583984,87.10201263427734,110451907374650.0,778291713.2073283,552617.0,421307.75,75.0
2025-01-17,104462.0390625,592.3892822265625,43487.828125,19630.19921875,19607.369140625,4.609000205993652,2744.300048828125,15.970000267028809,92.43773651123047,87.04375457763672,110451907374650.0,793390846.9732553,567363.5,425661.0,75.0
2025-01-18,104408.0703125,,,,,,,,,,110451907374650.0,808489980.7391822,582110.0,400348.75,77.0
2025-01-19,101089.609375,,,,,,,,,,110451907374650.0,823589114.5051093,596856.5,375036.5,77.0
2025-01-20,102016.6640625,,,,,,,,,,110451907374650.0,804372035.1666567,611603.0,349724.25,76.0
2025-01-21,106146.265625,597.811767578125,44025.80859375,19756.779296875,19893.58984375,4.573999881744385,2755.0,15.0600004196167,94.20061492919922,88.67491912841797,110451907374650.0,785154955.8282042,597533.25,324412.0,76.0
2025-01-22,103653.0703125,601.17236328125,44156.73046875,20009.33984375,19827.619140625,4.598999977111816,2767.60009765625,15.100000381469727,92.57561492919922,87.13113403320312,110451907374650.0,765937876.4897517,583463.5,328056.0,84.0
2025-01-23,103960.171875,604.45361328125,44565.0703125,20053.6796875,19978.779296875,4.638000011444092,2763.10009765625,15.020000457763672,93.24531555175781,87.7719497680664,110451907374650.0,746720797.1512991,569393.75,331700.0,75.0
2025-01-24,104819.484375,602.68896484375,44424.25,19954.30078125,19997.470703125,4.625999927520752,2777.300048828125,14.850000381469727,93.50138092041016,88.07292938232422,109970579471162.31,770441165.0162306,555324.0,335344.0,75.0
2025-01-25,104714.6484375,,,,,,,,,,109489251567674.64,794161532.8811619,548145.5,338988.0,75.0
2025-01-26,102682.5,,,,,,,,,,109007923664186.97,817881900.7460933,540967.0,343074.0,73.0
2025-01-27,102087.6875,594.1636962890625,44713.578125,19341.830078125,19980.0,4.5279998779296875,2737.5,17.899999618530273,94.58470916748047,89.24775695800781,108526595760699.28,841602268.6110247,533788.5,347160.0,71.0
2025-01-28,101332.4765625,599.26904296875,44850.3515625,19733.58984375,19970.630859375,4.551000118255615,2766.800048828125,16.40999984741211,93.59001159667969,88.17002868652344,108421305281811.3,799137647.235467,526610.0,351246.0,72.0
2025-01-29,103703.2109375,596.58251953125,44713.51953125,19632.3203125,19927.470703125,4.554999828338623,2769.10009765625,16.559999465942383,92.35894012451172,87.00491333007812,108316014802923.31,756673025.8599092,531942.25,355332.0,72.0
2025-01-30,104735.3046875,599.784423828125,44882.12890625,19681.75,20166.220703125,4.51200008392334,2823.0,15.84000015258789,93.59001159667969,88.11177825927734,108210724324035.31,714208404.4843514,537274.5,362313.5,70.0
2025-01-31,102405.0234375,596.5924682617188,44544.66015625,19627.439453125,19998.8203125,4.568999767303467,2812.5,16.43000030517578,93.38319396972656,87.91758728027344,108105433845147.33,671743783.1087936,542606.75,369295.0,76.0
2025-02-01,100655.90625,,,,,,,,,,108105433845147.34,679804708.5060991,547939.0,376276.5,68.0
2025-02-02,97688.9765625,,,,,,,,,,108105433845147.34,687865633.9034045,548371.25,383258.0,60.0
2025-02-03,101405.421875,592.57763671875,44421.91015625,19391.9609375,19870.330078125,4.543000221252441,2833.89990234375,18.6200008392334,93.07788848876953,87.73310852050781,108105433845147.34,695926559.30071,548803.5,394525.0,44.0
2025-02-04,97871.8203125,596.5528564453125,44556.0390625,19654.01953125,19964.609375,4.513000011444092,2853.300048828125,17.209999084472656,93.20591735839844,87.80107879638672,108105433845147.36,703987484.6980155,549235.75,405792.0,72.0
2025-02-05,96615.4453125,598.9715576171875,44873.28125,19692.330078125,20128.890625,4.421999931335449,2871.60009765625,15.770000457763672,94.61425018310547,89.0341567993164,108105433845147.39,742948624.1183255,549668.0,417059.0,54.0
2025-02-06,96593.296875,601.0534057617188,44747.62890625,19791.990234375,20157.580078125,4.440000057220459,2856.0,15.5,94.84076690673828,89.25746154785156,108105433845147.4,781909763.5386354,526803.25,428326.0,49.0
2025-02-07,96529.0859375,595.5515747070312,44303.3984375,19523.400390625,20039.48046875,4.486999988555908,2867.300048828125,16.540000915527344,94.48622131347656,88.9661865234375,108105433845147.44,820870902.9589453,503938.5,411125.0,44.0
2025-02-08,96482.453125,,,,,,,,,,108105433845147.47,859832042.3792553,481073.75,393924.0,44.0
2025-02-09,96500.09375,,,,,,,,,,109620893062962.6,833577284.9733108,458209.0,376723.0,46.0
2025-02-10,97437.5546875,599.5961303710938,44470.41015625,19714.26953125,20117.880859375,4.493000030517578,2914.300048828125,15.8100004196167,94.61425018310547,88.92735290527344,111136352280777.73,807322527.5673664,482322.75,359522.0,43.0
2025-02-11,95747.4296875,600.0521240234375,44593.6484375,19643.859375,20168.2109375,4.5370001792907715,2912.5,16.020000457763672,95.00818634033203,89.31571960449219,112651811498592.88,781067770.161422,506436.5,356142.0,47.0
2025-02-12,97885.859375,598.1190795898438,44368.55859375,19649.94921875,20062.310546875,4.63700008392334,2909.0,15.890000343322754,94.0233383178711,88.49044036865234,114167270716408.0,754813012.7554775,530550.25,352762.0,46.0
2025-02-13,96623.8671875,604.4337768554688,44711.4296875,19945.640625,20181.2890625,4.525000095367432,2925.89990234375,15.100000381469727,94.8801498413086,89.37398529052734,114167270716408.0,780351798.9013395,554664.0,349382.0,50.0
2025-02-14,97508.96875,604.4039916992188,44546.078125,20026.76953125,20130.490234375,4.4720001220703125,2883.60009765625,14.770000457763672,94.47637176513672,88.9661865234375,114167270716408.0,805890585.0472016,536413.25,346002.0,48.0
2025-02-15,97580.3515625,,,,,,,,,,114167270716408.0,831429371.1930637,518162.5,365178.75,50.0
2025-02-16,96175.03125,,,,,,,,,,114167270716408.0,856968157.3389257,499911.75,384355.5,54.0
2025-02-17,95773.3828125,,,,,,,,,,114167270716408.0,827172906.83542,481661.0,403532.25,51.0
2025-02-18,95539.546875,606.1784057617188,44556.33984375,20041.259765625,20240.390625,4.544000148773193,2931.60009765625,15.350000381469727,94.87030792236328,89.36427307128906,114167270716408.0,797377656.3319144,496125.75,422709.0,47.0
2025-02-19,96635.609375,607.60595703125,44627.58984375,20056.25,20228.19921875,4.534999847412109,2919.39990234375,15.270000457763672,94.90970611572266,89.43223571777344,114167270716408.0,767582405.8284087,510590.5,454994.0,44.0
2025-02-20,98333.9375,605.078125,44176.6484375,19962.359375,20149.849609375,4.5,2940.0,15.65999984741211,95.51046752929688,89.85945129394531,114167270716408.0,737787155.324903,525055.25,487279.0,49.0
2025-02-21,96125.546875,594.728759765625,43428.01953125,19524.009765625,19881.529296875,4.420000076293945,2937.60009765625,18.209999084472656,94.81121826171875,88.97589874267578,113267560112544.16,731972923.9530315,539520.0,519564.0,55.0
2025-02-22,96577.7578125,,,,,,,,,,112367849508680.31,726158692.58116,552899.0,551849.0,49.0
2025-02-23,96273.921875,,,,,,,,,,111468138904816.48,720344461.2092884,566278.0,514780.5,50.0
2025-02-24,91418.171875,592.0225219726562,43461.2109375,19286.9296875,19859.19921875,4.39300012588501,2947.89990234375,18.979999542236328,95.14607238769531,89.32543182373047,110568428300952.64,714530229.8374169,579657.0,477712.0,49.0
2025-02-25,88736.171875,589.0783081054688,43621.16015625,19026.390625,19924.05078125,4.297999858856201,2904.5,19.43000030517578,96.2293930053711,90.4225845336914,110568428300952.61,750256741.3292878,593036.0,440643.5,25.0
2025-02-26,84347.0234375,589.3756713867188,43433.12109375,19075.259765625,19932.849609375,4.249000072479248,2916.800048828125,19.100000381469727,95.76652526855469,90.04391479492188,110568428300952.6,785983252.8211586,579236.25,403575.0,21.0
2025-02-27,84704.2265625,579.9680786132812,43239.5,18544.419921875,19808.150390625,4.284999847412109,2883.199951171875,21.1299991607666,96.1703109741211,90.40316009521484,110568428300952.56,821709764.3130294,565436.5,368909.25,10.0
2025-02-28,84373.0078125,589.018798828125,43840.91015625,18847.279296875,20028.189453125,4.230999946594238,2836.800048828125,19.6299991607666,96.91879272460938,91.17020416259766,110568428300952.53,857436275.8049003,551636.75,334243.5,16.0
2025-03-01,86031.9140625,,,,,,,,,,110568428300952.55,843695309.8464885,537837.0,299577.75,20.0
2025-03-02,94248.3515625,,,,,,,,,,110568428300952.56,829954343.8880765,541647.5,264912.0,26.0
2025-03-03,86065.671875,578.69921875,43191.23828125,18350.189453125,19823.48046875,4.179999828338623,2890.199951171875,22.780000686645508,97.4013671875,91.59740447998047,110568428300952.56,816213377.9296646,545458.0,291271.25,33.0
2025-03-04,87222.1953125,571.8491821289062,42520.98828125,18285.16015625,19495.560546875,4.210000038146973,2909.60009765625,23.510000228881836,96.31803894042969,90.53909301757812,110568428300952.58,802472411.9712528,549268.5,317630.5,15.0
2025-03-05,90623.5625,577.995361328125,43006.58984375,18552.73046875,19754.5703125,4.264999866485596,2915.300048828125,21.93000030517578,97.48016357421875,91.54886627197266,110568428300952.6,790105542.6086822,553079.0,343989.75,20.0
2025-03-06,89961.7265625,567.7352905273438,42579.078125,18069.259765625,19506.33984375,4.285999774932861,2916.60009765625,24.8700008392334,94.8801498413086,89.19921112060547,110568428300952.6,777738673.2461114,532042.0,370349.0,25.0
2025-03-07,86742.671875,570.9173583984375,42801.71875,18196.220703125,19573.060546875,4.316999912261963,2904.699951171875,23.3700008392334,95.5006103515625,89.73322296142578,110568428300952.6,765371803.8835407,511005.0,389317.75,34.0
2025-03-08,86154.59375,,,,,,,,,,110568428300952.61,753004934.5209701,489968.0,408286.5,28.0
2025-03-09,80601.0390625,,,,,,,,,,110963697273301.6,777996765.9147584,468931.0,427255.25,27.0
2025-03-10,78532.0,555.710693359375,41911.7109375,17468.3203125,19202.380859375,4.2129998207092285,2891.0,27.860000610351562,94.59455871582031,88.86909484863281,111358966245650.56,802988597.3085468,488705.25,446224.0,20.0
2025-03-11,82862.2109375,551.091064453125,41433.48046875,17436.099609375,19052.130859375,4.288000106811523,2912.89990234375,26.920000076293945,93.4521255493164,87.8302001953125,111754235217999.53,827980428.7023352,508479.5,444465.25,24.0
2025-03-12,83722.359375,554.0155029296875,41350.9296875,17648.44921875,19051.640625,4.317999839782715,2939.10009765625,24.229999542236328,93.10742950439453,87.55834197998047,112149504190348.52,852972260.0961236,528253.75,442706.5,34.0
2025-03-13,81066.703125,546.6302490234375,40813.5703125,17303.009765625,18875.529296875,4.27400016784668,2984.300048828125,24.65999984741211,91.33470153808594,85.83009338378906,112149504190348.53,841822295.9118605,548028.0,440947.75,45.0
2025-03-14,83969.1015625,557.9213256835938,41488.19140625,17754.08984375,19231.349609375,4.308000087738037,2994.5,21.770000457763672,93.1960678100586,87.54863739013672,112149504190348.53,830672331.7275975,538869.5,439189.0,27.0
2025-03-15,84343.109375,,,,,,,,,,112149504190348.53,819522367.5433345,529711.0,421701.0,46.0
2025-03-16,82579.6875,,,,,,,,,,112149504190348.55,808372403.3590714,520552.5,404213.0,30.0
2025-03-17,84075.6875,562.2235717773438,41841.62890625,17808.66015625,19494.7109375,4.306000232696533,3000.0,20.510000228881836,94.66349029541016,89.04386138916016,112149504190348.55,804191166.7899728,511394.0,386725.0,32.0
2025-03-18,82718.5,556.1468505859375,41581.30859375,17504.119140625,19421.580078125,4.281000137329102,3035.10009765625,21.700000762939453,94.29673767089844,88.57781982421875,112149504190348.56,800009930.2208741,519098.75,369237.0,34.0
2025-03-19,86854.2265625,562.2037353515625,41964.62890625,17750.7890625,19581.3203125,4.25600004196167,3035.89990234375,19.899999618530273,94.43513488769531,88.68461608886719,112149504190348.56,795828693.6517754,526803.5,380387.5,32.0
2025-03-20,84167.1953125,560.5780029296875,41953.3203125,17691.630859375,19537.26953125,4.232999801635742,3040.0,19.799999237060547,94.22754669189453,88.62635803222656,112149504190348.56,791647457.0826768,534508.25,391538.0,49.0
2025-03-21,84043.2421875,560.762939453125,41985.3515625,17784.05078125,19454.30078125,4.251999855041504,3018.199951171875,19.280000686645508,93.33785247802734,87.64572143554688,112551505345474.92,811449875.5742346,542213.0,402688.5,31.0
2025-03-22,83832.484375,,,,,,,,,,112953506500601.28,831252294.0657926,540940.5,413839.0,32.0
2025-03-23,86054.375,,,,,,,,,,113355507655727.64,851054712.5573504,539668.0,439146.25,30.0
2025-03-24,87498.9140625,570.8053588867188,42583.3203125,18188.58984375,19704.2109375,4.330999851226807,3013.10009765625,17.479999542236328,94.62296295166016,88.99532318115234,113757508810854.0,870857131.0489082,538395.5,464453.5,45.0
2025-03-25,87471.703125,572.177490234375,42587.5,18271.859375,19678.439453125,4.307000160217285,3023.699951171875,17.149999618530273,93.57510375976562,87.99675750732422,113757508810854.0,870857131.0489082,537123.0,489760.75,46.0
2025-03-26,86900.8828125,565.3466796875,42454.7890625,17899.01953125,19585.830078125,4.3379998207092285,3020.89990234375,18.329999923706055,94.08914947509766,88.34007263183594,113757508810854.0,870857131.0489082,525616.25,515068.0,47.0
2025-03-27,87177.1015625,563.8452758789062,42299.69921875,17804.029296875,19534.720703125,4.36899995803833,3060.199951171875,18.690000534057617,93.7925796508789,88.11446380615234,113757508810854.0,870857131.0489082,514109.5,462602.5,40.0
2025-03-28,84353.1484375,552.4904174804688,41583.8984375,17322.990234375,19270.30078125,4.255000114440918,3086.5,21.649999618530273,93.65418243408203,87.99675750732422,113757508810854.0,870857131.0489082,502602.75,410137.0,44.0
2025-03-29,82597.5859375,,,,,,,,,,113757508810854.0,843996277.9808413,491096.0,357671.5,26.0
2025-03-30,82334.5234375,,,,,,,,,,113757508810854.0,817135424.9127743,508582.25,305206.0,32.0
2025-03-31,82548.9140625,556.1991577148438,42001.76171875,17299.2890625,19395.859375,4.245999813079834,3122.800048828125,22.280000686645508,94.6526107788086,88.81090545654297,113757508810854.0,790274571.8447073,526068.5,326915.25,34.0
2025-04-01,85169.171875,557.7700805664062,41989.9609375,17449.890625,19398.279296875,4.156000137329102,3118.89990234375,21.770000457763672,94.71192932128906,88.85014343261719,113757508810854.0,763413718.7766403,543554.75,348624.5,34.0
2025-04-02,82485.7109375,561.2998657226562,42225.3203125,17601.05078125,19532.740234375,4.196000099182129,3139.89990234375,21.510000228881836,95.11722564697266,89.38964080810547,114419118448016.27,809805625.059439,561041.0,370333.75,44.0
2025-04-03,83102.828125,533.6386108398438,40545.9296875,16550.609375,18767.189453125,4.054999828338623,3097.0,30.020000457763672,92.1614990234375,86.33902740478516,115080728085178.53,856197531.3422377,537852.0,392043.0,25.0
2025-04-04,83843.8046875,502.3977966308594,38314.859375,15587.7900390625,17618.609375,3.984999895095825,3012.0,45.310001373291016,88.08871459960938,82.59198760986328,115742337722340.81,902589437.6250364,514663.0,371379.0,28.0
2025-04-05,83504.796875,,,,,,,,,,116403947359503.08,948981343.907835,491474.0,350715.0,30.0
2025-04-06,78214.484375,,,,,,,,,,117679908802601.81,909552071.8779052,468285.0,330051.0,34.0
2025-04-07,79235.3359375,501.5029296875,37965.6015625,15603.259765625,17438.640625,4.15500020980835,2951.300048828125,46.97999954223633,85.67668151855469,80.4241943359375,118955870245700.53,870122799.8479755,491134.0,309387.0,23.0
2025-04-08,76271.953125,493.64801025390625,37645.58984375,15267.91015625,17188.4609375,4.26200008392334,2968.39990234375,52.33000183105469,83.51177978515625,78.26620483398438,120231831688799.27,830693527.8180459,513983.0,333297.75,24.0
2025-04-09,82573.953125,545.4906005859375,40608.44921875,17124.970703125,18398.48046875,4.400000095367432,3056.5,33.619998931884766,88.39515686035156,82.935302734375,121507793131898.0,791264255.7881161,536832.0,357208.5,18.0
2025-04-10,79626.140625,521.5877685546875,39593.66015625,16387.310546875,17890.5703125,4.394000053405762,3155.199951171875,40.720001220703125,86.31922912597656,81.04216003417969,121507793131897.94,853176153.6646671,559681.0,381119.25,39.0
2025-04-11,83404.8359375,530.8943481445312,40212.7109375,16724.4609375,18219.650390625,4.493000030517578,3222.199951171875,37.560001373291016,87.58456420898438,82.03286743164062,121507793131897.86,915088051.541218,552615.5,405030.0,25.0
2025-04-12,85287.109375,,,,,,,,,,121507793131897.78,976999949.4177691,545550.0,414497.25,43.0
2025-04-13,83684.9765625,,,,,,,,,,121507793131897.72,1038911847.2943201,538484.5,423964.5,45.0
2025-04-14,84542.390625,536.0447387695312,40524.7890625,16831.48046875,18432.25,4.363999843597412,3204.800048828125,30.889999389648438,89.4232406616211,83.72982788085938,121507793131897.78,1010220967.7905525,531419.0,433431.75,31.0
2025-04-15,83668.9921875,534.5433349609375,40368.9609375,16823.169921875,18430.0390625,4.322999954223633,3218.699951171875,30.1200008392334,89.67037963867188,83.98487091064453,121507793131897.83,981530088.2867849,527387.25,442899.0,38.0
2025-04-16,84033.8671875,522.6615600585938,39669.390625,16307.16015625,18245.650390625,4.2789998054504395,3326.60009765625,32.63999938964844,89.55175018310547,83.92601013183594,121507793131897.88,952839208.7830174,523355.5,468443.25,29.0
2025-04-17,84895.75,523.4072265625,39142.23046875,16286.4501953125,18367.119140625,4.333000183105469,3308.699951171875,29.649999618530273,90.87639617919922,85.18156433105469,121507793131897.94,924148329.2792498,519323.75,493987.5,30.0
2025-04-18,84450.8046875,,,,,,,,,,121939441843186.3,886080708.5598576,515292.0,519531.75,33.0
2025-04-19,85063.4140625,,,,,,,,,,122371090554474.66,848013087.8404653,528837.25,545076.0,32.0
2025-04-20,85174.3046875,,,,,,,,,,122802739265763.03,809945467.1210731,542382.5,513357.75,37.0
2025-04-21,87518.90625,510.94873046875,38170.41015625,15870.900390625,18032.369140625,4.40500020980835,3406.199951171875,33.81999969482422,89.03771209716797,83.40613555908203,123234387977051.39,771877846.401681,555927.75,481639.5,39.0
2025-04-22,93441.890625,524.2424926757812,39186.98046875,16300.419921875,18455.140625,4.388999938964844,3400.800048828125,30.56999969482422,90.81708526611328,85.02462005615234,123234387977051.4,799444912.344598,569473.0,449921.25,47.0
2025-04-23,93699.109375,532.3658447265625,39606.5703125,16708.05078125,18631.08984375,4.38700008392334,3276.300048828125,28.450000762939453,90.94559478759766,85.18156433105469,123234387977051.44,827011978.2875152,548737.25,418203.0,72.0
2025-04-24,93943.796875,543.5715942382812,40093.3984375,17166.0390625,18895.41015625,4.304999828338623,3332.0,26.469999313354492,91.27181243896484,85.4954605102539,123234387977051.45,854579044.2304323,528001.5,424109.0,63.0
2025-04-25,94720.5,547.4990234375,40113.5,17382.939453125,18899.80078125,4.265999794006348,3282.39990234375,24.84000015258789,91.103759765625,85.34832000732422,123234387977051.47,882146110.1733494,507265.75,430015.0,60.0
2025-04-26,94646.9296875,,,,,,,,,,123234387977051.47,885209117.5003402,486530.0,435921.0,65.0
2025-04-27,93754.84375,,,,,,,,,,123234387977051.47,888272124.8273311,504404.5,441827.0,61.0
2025-04-28,94978.75,547.7078247070312,40227.58984375,17366.130859375,18971.73046875,4.216000080108643,3332.5,25.149999618530273,91.68699645996094,85.87801361083984,123234387977051.48,891335132.1543218,522279.0,414170.0,54.0
2025-04-29,94284.7890625,551.1580200195312,40527.62109375,17461.3203125,19089.2109375,4.172999858856201,3318.800048828125,24.170000076293945,92.29988861083984,86.33902740478516,123234387977051.48,894398139.4813126,540153.5,386513.0,60.0
2025-04-30,94207.3125,551.3768310546875,40669.359375,17446.33984375,19114.240234375,4.177000045776367,3305.0,24.700000762939453,92.61622619628906,86.64311218261719,123090002269977.5,920788103.2258224,558028.0,358856.0,56.0
2025-05-01,96492.3359375,555.2843627929688,40752.9609375,17710.740234375,19049.83984375,4.230999946594238,3210.0,24.600000381469727,92.87323760986328,86.92757415771484,122945616562903.5,947178066.9703323,530042.75,331199.0,53.0
2025-05-02,96910.0703125,563.527099609375,41317.4296875,17977.73046875,19386.6796875,4.322000026702881,3231.89990234375,22.68000030517578,93.87166595458984,87.99675750732422,122801230855829.52,973568030.7148421,502057.5,348964.75,67.0
2025-05-03,95891.796875,,,,,,,,,,122656845148755.53,999957994.4593519,474072.25,366730.5,65.0
2025-05-04,94315.9765625,,,,,,,,,,121771697987997.53,973497617.2079924,446087.0,384496.25,64.0
2025-05-05,94748.0546875,560.295654296875,41218.828125,17844.240234375,19303.23046875,4.3429999351501465,3311.300048828125,23.639999389648438,93.77281951904297,87.80057525634766,120886550827239.52,947037239.956633,482615.5,402262.0,52.0
2025-05-06,96802.4765625,555.6124877929688,40829.0,17689.66015625,19182.16015625,4.308000087738037,3411.39990234375,24.760000228881836,93.08084106445312,87.1237564086914,120001403666481.5,920576862.7052735,519144.0,385332.25,59.0
2025-05-07,97032.3203125,557.9490966796875,41113.96875,17738.16015625,19262.380859375,4.275000095367432,3381.39990234375,23.549999237060547,93.07095336914062,87.22184753417969,119116256505723.5,894116485.453914,555672.5,368402.5,67.0
2025-05-08,103241.4609375,561.8367919921875,41368.44921875,17928.140625,19314.1796875,4.373000144958496,3296.60009765625,22.479999542236328,92.66564178466797,86.87853240966797,119116256505723.5,891155834.8398281,592201.0,351472.75,65.0
2025-05-09,102970.8515625,561.1209716796875,41249.37890625,17928.919921875,19319.19921875,4.375,3335.39990234375,21.899999618530273,93.2884292602539,87.45726776123047,119116256505723.5,888195184.2257423,577242.75,334543.0,73.0
2025-05-10,104696.328125,,,,,,,,,,119116256505723.48,885234533.6116564,562284.5,324853.5,70.0
2025-05-11,104106.359375,,,,,,,,,,119116256505723.48,882273882.9975705,547326.25,315164.0,70.0
2025-05-12,102812.953125,579.66455078125,42410.1015625,18708.33984375,19711.55078125,4.456999778747559,3220.0,18.389999389648438,93.57510375976562,87.88886260986328,119116256505723.48,877832907.0764418,532368.0,305474.5,70.0
2025-05-13,104169.8125,583.4925537109375,42140.4296875,19010.08984375,19723.380859375,4.499000072479248,3240.300048828125,18.219999313354492,92.42839813232422,86.7706298828125,119116256505723.48,873391931.1553131,534039.25,295785.0,70.0
2025-05-14,103539.4140625,584.23828125,42051.05859375,19146.810546875,19628.4609375,4.5279998779296875,3181.39990234375,18.6200008392334,91.60791015625,85.91724395751953,119116256505723.48,868950955.2341845,535710.5,294788.0,73.0
2025-05-15,103744.640625,587.0919189453125,42322.75,19112.3203125,19784.689453125,4.454999923706055,3220.699951171875,17.829999923706055,93.21923828125,87.48668670654297,119116256505723.48,864509979.3130558,537381.75,293791.0,70.0
2025-05-16,103489.2890625,590.8106079101562,42654.73828125,19211.099609375,19934.060546875,4.440999984741211,3182.0,17.239999771118164,94.39559173583984,88.57549285888672,119751805072998.75,861563006.7583618,539053.0,292794.0,71.0
2025-05-17,103191.0859375,,,,,,,,,,120387353640274.0,858616034.2036679,538297.25,291797.0,74.0
2025-05-18,106446.0078125,,,,,,,,,,121022902207549.27,855669061.648974,537541.5,324395.5,74.0
2025-05-19,105606.1796875,591.4568481445312,42792.0703125,19215.4609375,19975.08984375,4.474999904632568,3228.89990234375,18.139999389648438,94.50433349609375,88.59510803222656,121658450774824.53,852722089.09428,536785.75,356994.0,74.0
2025-05-20,106791.0859375,589.46826171875,42677.23828125,19142.7109375,19942.2109375,4.480999946594238,3280.300048828125,18.09000015258789,94.00017547607422,88.07522583007812,121658450774824.52,873888949.4618685,536030.0,389592.5,71.0
2025-05-21,109678.078125,579.5352783203125,41860.44140625,18872.640625,19607.810546875,4.5960001945495605,3309.300048828125,20.8700008392334,91.45963287353516,85.73087310791016,121658450774824.5,895055809.8294569,527176.75,422191.0,70.0
2025-05-22,111673.28125,579.7639770507812,41859.08984375,18925.740234375,19564.7109375,4.552999973297119,3292.300048828125,20.280000686645508,91.08399200439453,85.33851623535156,121658450774824.5,916222670.1970453,518323.5,405732.0,72.0
2025-05-23,107287.796875,575.806640625,41603.0703125,18737.2109375,19534.83984375,4.508999824523926,3363.60009765625,22.290000915527344,91.15318298339844,85.42678833007812,121658450774824.48,937389530.5646338,509470.25,389273.0,78.0
2025-05-24,107791.15625,,,,,,,,,,121658450774824.5,916222670.1970453,500617.0,372814.0,66.0
2025-05-25,109035.390625,,,,,,,,,,121658450774824.5,895055809.8294569,511986.5,356355.0,74.0
2025-05-26,109440.3671875,,,,,,,,,,121658450774824.52,873888949.4618685,523356.0,362981.0,73.0
2025-05-27,108994.640625,587.7780151367188,42343.6484375,19199.16015625,19829.890625,4.434000015258789,3299.10009765625,18.959999084472656,92.65576934814453,86.91776275634766,121658450774824.53,852722089.09428,534725.5,369607.0,74.0
2025-05-28,107802.328125,584.37744140625,42098.69921875,19100.939453125,19678.939453125,4.4770002365112305,3293.60009765625,19.309999465942383,92.54702758789062,86.82948303222656,122989409367865.52,893612593.0426543,546095.0,376233.0,71.0
2025-05-29,105641.7578125,586.6842651367188,42215.73046875,19175.869140625,19743.849609375,4.423999786376953,3317.10009765625,19.18000030517578,93.35763549804688,87.61421203613281,124320367960906.5,934503096.9910287,522771.25,382859.0,74.0
2025-05-30,103998.5703125,586.0280151367188,42270.0703125,19113.76953125,19783.810546875,4.415999889373779,3288.89990234375,18.56999969482422,93.45648193359375,87.61421203613281,125651326553947.47,975393600.939403,499447.5,373766.25,60.0
2025-05-31,104638.09375,,,,,,,,,,126982285146988.45,1016284104.8877773,476123.75,364673.5,50.0
2025-06-01,105652.1015625,,,,,,,,,,126982285146988.48,961051273.1003981,452800.0,355580.75,56.0
2025-06-02,105881.53125,589.3291015625,42305.48046875,19242.609375,19834.76953125,4.461999893188477,3370.60009765625,18.360000610351562,93.50590515136719,87.73191833496094,126982285146988.52,905818441.3130187,480239.5,346488.0,64.0
2025-06-03,105432.46875,592.6898193359375,42519.640625,19398.9609375,19912.380859375,4.460000038146973,3350.199951171875,17.690000534057617,93.3180923461914,87.55535125732422,126982285146988.55,850585609.5256393,507679.0,334526.75,64.0
2025-06-04,104731.984375,592.5307006835938,42427.73828125,19460.490234375,19887.3203125,4.364999771118164,3373.5,17.610000610351562,93.56522369384766,87.80057525634766,126982285146988.58,795352777.73826,535118.5,322565.5,62.0
2025-06-05,101575.953125,589.6671142578125,42319.73828125,19298.44921875,19883.2890625,4.394000053405762,3350.699951171875,18.479999542236328,93.48614501953125,87.73191833496094,126982285146988.55,837960962.2599527,562558.0,310604.25,57.0
2025-06-06,104390.34375,595.722412109375,42762.87109375,19529.94921875,20045.359375,4.510000228881836,3322.699951171875,16.770000457763672,93.87166595458984,88.15370178222656,126982285146988.53,880569146.7816453,548629.0,298643.0,45.0
2025-06-07,105615.625,,,,,,,,,,126982285146988.5,923177331.3033378,534700.0,331181.5,52.0
2025-06-08,105793.6484375,,,,,,,,,,126982285146988.47,965785515.8250304,520771.0,363720.0,62.0
2025-06-09,110294.1015625,596.2593383789062,42761.76171875,19591.240234375,20034.4609375,4.48199987411499,3332.10009765625,17.15999984741211,93.97052001953125,88.27140808105469,126982285146988.47,957895111.2839762,506842.0,396258.5,62.0
2025-06-10,110257.234375,599.6399536132812,42866.87109375,19714.990234375,20114.810546875,4.473999977111816,3320.89990234375,16.950000762939453,94.81078338623047,89.02670288085938,126982285146988.47,950004706.7429221,522090.75,428797.0,71.0
2025-06-11,108686.625,597.9297485351562,42865.76953125,19615.880859375,20119.08984375,4.4120001792907715,3321.300048828125,17.260000228881836,94.31651306152344,88.54605865478516,126982285146988.48,942114302.2018678,537339.5,390060.25,72.0
2025-06-12,105929.0546875,600.3060913085938,42967.62109375,19662.490234375,20199.490234375,4.35699987411499,3380.89990234375,18.020000457763672,94.80089569091797,88.9776611328125,126982285146988.48,934223897.6608136,552588.25,351323.5,71.0
2025-06-13,106090.96875,593.5946044921875,42197.7890625,19406.830078125,19981.0703125,4.423999786376953,3431.199951171875,20.81999969482422,93.97052001953125,88.11446380615234,126839573223219.36,930031975.6057419,567837.0,312586.75,61.0
2025-06-14,105472.40625,,,,,,,,,,126696861299450.25,925840053.5506701,555488.0,273850.0,63.0
2025-06-15,105552.0234375,,,,,,,,,,126554149375681.12,921648131.4955983,543139.0,315716.75,60.0
2025-06-16,106796.7578125,599.2421875,42515.08984375,19701.2109375,20087.9609375,4.452000141143799,3396.39990234375,19.110000610351562,93.995361328125,88.1831283569336,126411437451912.0,917456209.4405266,530790.0,357583.5,61.0
2025-06-17,104601.1171875,594.12158203125,42215.80078125,19521.08984375,19918.279296875,4.39300012588501,3386.60009765625,21.600000381469727,93.6475601196289,87.8692398071289,126411437451912.0,925311142.7405311,518441.0,399450.25,68.0
2025-06-18,104883.328125,594.0321044921875,42171.66015625,19546.26953125,19901.130859375,4.396999835968018,3389.800048828125,20.139999389648438,93.95561981201172,88.17332458496094,126411437451912.0,933166076.0405357,502737.5,441317.0,52.0
2025-06-19,104684.2890625,,,,,,,,,,126411437451912.0,941021009.3405402,487034.0,397343.0,57.0
2025-06-20,103309.6015625,592.636962890625,42206.8203125,19447.41015625,19868.359375,4.375,3368.10009765625,20.6200008392334,93.95561981201172,88.11446380615234,126411437451912.0,948875942.6405447,471330.5,353369.0,54.0
2025-06-21,102257.40625,,,,,,,,,,126411437451912.0,895462396.200514,455627.0,309395.0,49.0
2025-06-22,100987.140625,,,,,,,,,,126411437451912.0,842048849.7604833,470720.25,265421.0,42.0
2025-06-23,105577.7734375,598.49072265625,42581.78125,19630.970703125,20008.1796875,4.320000171661377,3377.699951171875,19.829999923706055,95.26731872558594,89.43869018554688,126411437451912.0,788635303.3204527,485813.5,325151.0,47.0
2025-06-24,106045.6328125,605.1024169921875,43089.01953125,19912.529296875,20217.33984375,4.293000221252441,3317.39990234375,17.479999542236328,95.64492797851562,89.67410278320312,126411437451912.0,735221756.880422,500906.75,384881.0,65.0
2025-06-25,107361.2578125,605.4414672851562,42982.4296875,19973.55078125,20087.44921875,4.293000221252441,3327.10009765625,16.760000228881836,93.4786376953125,87.51611328125,126411437451912.0,779209383.3604473,516000.0,444611.0,66.0
2025-06-26,106960.0,610.1783447265625,43386.83984375,20167.91015625,20256.19921875,4.252999782562256,3333.5,16.59000015258789,93.36932373046875,87.43489074707031,126411437451912.0,823197009.8404725,497552.25,504341.0,74.0
2025-06-27,107088.4296875,613.2098999023438,43819.26953125,20273.4609375,20338.41015625,4.2829999923706055,3273.699951171875,16.31999969482422,93.53825378417969,87.6528091430664,126411437451912.0,867184636.3204978,479104.5,463072.75,65.0
2025-06-28,107327.703125,,,,,,,,,,126411437451912.0,911172262.800523,460656.75,421804.5,65.0
2025-06-29,108385.5703125,,,,,,,,,,124048206093874.5,905766195.2757285,442209.0,380536.25,68.0
2025-06-30,107135.3359375,616.1417846679688,44094.76953125,20369.73046875,20429.55078125,4.230000019073486,3294.39990234375,16.729999542236328,94.17423248291016,88.21741485595703,121684974735837.0,900360127.750934,474493.25,339268.0,66.0
2025-07-01,105698.28125,615.9423828125,44494.94140625,20202.890625,20541.369140625,4.250999927520752,3336.699951171875,16.829999923706055,94.84002685546875,88.86126708984375,119321743377799.5,894954060.2261395,506777.5,346169.25,64.0
2025-07-02,108859.3203125,618.734619140625,44484.421875,20393.130859375,20596.9296875,4.293000221252441,3348.0,16.639999389648438,95.10832214355469,89.06928253173828,116958512019762.0,889547992.701345,539061.75,353070.5,63.0
2025-07-03,109647.9765625,623.611083984375,44828.53125,20601.099609375,20725.7890625,4.3480000495910645,3331.60009765625,16.3799991607666,95.19776153564453,89.1683349609375,116958512019761.98,899722561.2453146,571346.0,359971.75,73.0
2025-07-04,108034.3359375,,,,,,3332.5,,,,116958512019761.97,909897129.7892842,551845.25,366873.0,73.0
2025-07-05,108231.1796875,,,,,,,,,,116958512019761.97,920071698.3332539,532344.5,363843.0,67.0
2025-07-06,109232.0703125,,,,,,,,,,116958512019761.95,930246266.8772235,512843.75,360813.0,66.0
2025-07-07,108299.8515625,618.9639892578125,44406.359375,20412.51953125,20545.599609375,4.394999980926514,3332.199951171875,17.790000915527344,94.42266082763672,88.40562438964844,116958512019761.92,946234874.5891758,493343.0,357783.0,73.0
2025-07-08,108950.2734375,618.6249389648438,44240.76171875,20418.4609375,20541.9609375,4.414999961853027,3307.0,16.809999465942383,94.32328796386719,88.27685546875,116958512019761.89,962223482.3011281,526666.75,354753.0,65.0
2025-07-09,111326.5546875,622.3345947265625,44458.30078125,20611.33984375,20608.23046875,4.3420000076293945,3311.60009765625,15.9399995803833,94.42266082763672,88.34619140625,116958512019761.86,978212090.0130805,559990.5,365000.75,66.0
2025-07-10,115987.203125,624.0897827148438,44650.640625,20630.66015625,20678.109375,4.3460001945495605,3317.39990234375,15.779999732971191,94.92945861816406,88.90089416503906,116958512019761.83,994200697.7250328,593314.25,375248.5,71.0
2025-07-11,117516.9921875,621.8958129882812,44371.51171875,20585.529296875,20547.669921875,4.422999858856201,3356.0,16.399999618530273,94.88970184326172,88.91079711914062,119286697834648.25,973190981.1009973,626638.0,385496.25,71.0
2025-07-12,117435.2265625,,,,,,,,,,121614883649534.66,952181264.4769619,610071.25,395744.0,79.0
2025-07-13,119116.1171875,,,,,,,,,,123943069464421.08,931171547.8529265,593504.5,396607.0,74.0
2025-07-14,119849.703125,623.08251953125,44459.6484375,20640.330078125,20581.44921875,4.427000045776367,3351.5,17.200000762939453,95.45612335205078,89.48530578613281,126271255279307.5,910161831.228891,576937.75,397470.0,74.0
2025-07-15,117777.1875,620.419921875,44023.2890625,20677.80078125,20374.380859375,4.488999843597412,3329.800048828125,17.3799991607666,94.10466766357422,88.16789245605469,126271255279307.5,908592586.6922895,560371.0,398333.0,73.0
2025-07-16,118738.5078125,622.494140625,44254.78125,20730.490234375,20485.740234375,4.454999923706055,3352.5,17.15999984741211,95.03876495361328,88.99994659423828,126271255279307.5,907023342.1556879,539594.25,399196.0,70.0
2025-07-17,119289.84375,626.3035888671875,44484.48828125,20885.650390625,20589.51953125,4.4629998207092285,3340.10009765625,16.520000457763672,94.90958404541016,88.90089416503906,126271255279307.5,905454097.6190864,518817.5,403126.75,74.0
2025-07-18,118003.2265625,625.8449096679688,44342.19140625,20895.650390625,20541.560546875,4.432000160217285,3353.0,16.40999984741211,95.19776153564453,89.08909606933594,126271255279307.5,903884853.0824848,498040.75,407057.5,73.0
2025-07-19,117939.9765625,,,,,,,,,,126271255279307.5,913300320.3020941,477264.0,410988.25,74.0
2025-07-20,117300.7890625,,,,,,,,,,126271255279307.5,922715787.5217035,491873.25,414919.0,72.0
2025-07-21,117439.5390625,627.0316162109375,44323.0703125,20974.1796875,20514.470703125,4.372000217437744,3401.89990234375,16.649999618530273,95.466064453125,89.4555892944336,126271255279307.52,932131254.7413127,506482.5,413623.25,71.0
2025-07-22,119995.4140625,627.121337890625,44502.44140625,20892.689453125,20658.7890625,4.335999965667725,3439.199951171875,16.5,97.17524719238281,90.99092864990234,126271255279307.52,941546721.960922,521091.75,412327.5,72.0
2025-07-23,118754.9609375,632.4566040039062,45010.2890625,21020.01953125,20921.83984375,4.388000011444092,3394.10009765625,15.369999885559082,97.39386749267578,91.16922760009766,126588627422150.92,948668283.7541604,535701.0,411031.75,74.0
2025-07-24,118368.0,632.6659545898438,44693.91015625,21057.9609375,20853.419921875,4.4079999923706055,3371.0,15.390000343322754,97.14543914794922,90.85225677490234,126905999564994.31,955789845.5473988,516053.75,409736.0,71.0
2025-07-25,117635.8828125,635.3385620117188,44901.921875,21108.3203125,20950.44921875,4.386000156402588,3334.0,14.930000305175781,97.12556457519531,90.8621597290039,127223371707837.72,962911407.3406371,496406.5,432865.0,70.0
2025-07-26,117947.3671875,,,,,,,,,,127540743850681.12,970032969.1338755,476759.25,455994.0,72.0
2025-07-27,119448.4921875,,,,,,,,,,127560579609608.84,944807717.6782229,457112.0,479123.0,73.0
2025-07-28,117924.4765625,635.1790161132812,44837.55859375,21178.580078125,20821.279296875,4.420000076293945,3309.10009765625,15.029999732971191,95.48593139648438,89.40606689453125,127580415368536.56,919582466.2225703,488900.0,502252.0,75.0
2025-07-29,117922.1484375,633.503662109375,44632.98828125,21098.2890625,20761.560546875,4.329999923706055,3323.39990234375,15.979999542236328,97.1056900024414,90.84234619140625,127600251127464.28,894357214.7669177,520688.0,476785.25,73.0
2025-07-30,117831.1875,632.7058715820312,44461.28125,21129.669921875,20630.880859375,4.375999927520752,3295.800048828125,15.479999542236328,95.70455169677734,89.55464935302734,127620086886392.0,869131963.3112651,552476.0,451318.5,74.0
2025-07-31,115758.203125,630.3324584960938,44130.98046875,21122.44921875,20458.439453125,4.360000133514404,3293.199951171875,16.719999313354492,94.28353881835938,88.29666137695312,127620086886392.0,897680093.493022,584264.0,425851.75,72.0
2025-08-01,113320.0859375,620.0010375976562,43588.578125,20650.130859375,20267.689453125,4.21999979019165,3347.699951171875,20.3799991607666,94.15435791015625,88.07874298095703,127620086886392.0,926228223.6747787,573797.25,400385.0,65.0
2025-08-02,112526.9140625,,,,,,,,,,127620086886392.0,954776353.8565356,563330.5,403138.5,55.0
2025-08-03,114217.671875,,,,,,,,,,127620086886392.0,983324484.0382924,552863.75,405892.0,53.0
2025-08-04,115071.8828125,629.4249267578125,44173.640625,21053.580078125,20488.859375,4.199999809265137,3374.39990234375,17.520000457763672,95.10832214355469,88.98014068603516,127620086886392.0,992840527.4322114,542397.0,408645.5,64.0
2025-08-05,114141.4453125,626.2337646484375,44111.73828125,20916.55078125,20457.099609375,4.196000099182129,3381.89990234375,17.850000381469727,95.34680938720703,89.3862533569336,127620086886392.0,1002356570.8261304,594282.25,411399.0,60.0
2025-08-06,115028.0,631.030517578125,44193.12109375,21169.419921875,20489.05078125,4.21999979019165,3380.0,16.770000457763672,94.67108917236328,88.69287872314453,127620086886392.0,1011872614.2200495,646167.5,402579.5,54.0
2025-08-07,117496.8984375,630.501953125,43968.640625,21242.69921875,20465.75,4.24399995803833,3400.300048828125,16.56999969482422,95.03876495361328,88.95042419433594,127620086886392.0,1021388657.6139685,698052.75,393760.0,62.0
2025-08-08,116688.7265625,635.4183349609375,44175.609375,21450.01953125,20524.240234375,4.284999847412109,3439.10009765625,15.149999618530273,94.20404815673828,88.21741485595703,128073874059880.12,1002500565.1255305,749938.0,384940.5,74.0
2025-08-09,116500.359375,,,,,,,,,,128527661233368.25,983612472.6370924,698399.25,376121.0,67.0
2025-08-10,119306.7578125,,,,,,,,,,128981448406856.36,964724380.1486542,646860.5,392364.25,69.0
2025-08-11,118731.4453125,634.1618041992188,43975.08984375,21385.400390625,20483.16015625,4.2729997634887695,3353.10009765625,16.25,93.56806945800781,87.63300323486328,129435235580344.48,945836287.6602162,595321.75,408607.5,70.0
2025-08-12,120172.90625,640.9131469726562,44458.609375,21681.900390625,20709.73046875,4.293000221252441,3348.89990234375,14.729999542236328,93.9158706665039,88.1282730102539,129435235580344.5,924924941.164327,543783.0,424850.75,68.0
2025-08-13,123344.0625,643.1070556640625,44922.26953125,21713.140625,20867.669921875,4.23799991607666,3358.699951171875,14.489999771118164,94.79033660888672,88.95042419433594,129435235580344.5,904013594.668438,526675.0,441094.0,73.0
2025-08-14,118359.578125,643.1668701171875,44911.26171875,21710.669921875,20808.4296875,4.293000221252441,3335.199951171875,14.829999923706055,94.08480072021484,88.31647491455078,129435235580344.52,883102248.1725488,509567.0,441040.25,75.0
2025-08-15,117398.3515625,641.6610717773438,44946.12109375,21622.98046875,20802.6796875,4.328000068664551,3336.0,15.09000015258789,94.69096374511719,88.82164764404297,129435235580344.53,862190901.6766596,492459.0,440986.5,60.0
2025-08-16,117491.3515625,,,,,,,,,,129435235580344.53,862190901.6766596,475351.0,440932.75,56.0
2025-08-17,117453.0625,,,,,,,,,,129435235580344.53,862190901.6766596,490232.25,440879.0,64.0
2025-08-18,116252.3125,641.5214233398438,44911.8203125,21629.76953125,20816.240234375,4.341000080108643,3331.699951171875,14.989999771118164,93.76681518554688,88.06884002685547,129435235580344.53,862190901.6766596,505113.5,442601.0,60.0
2025-08-19,112831.1796875,638.0410766601562,44922.26953125,21314.94921875,20820.66015625,4.302000045776367,3313.39990234375,15.569999694824219,95.4461898803711,89.58436584472656,129435235580344.53,862190901.6766596,519994.75,444323.0,56.0
2025-08-20,114274.7421875,636.3457641601562,44938.30859375,21172.859375,20865.55078125,4.296000003814697,3343.39990234375,15.6899995803833,95.80392456054688,89.84190368652344,129501215925428.52,891643618.6610367,534876.0,446045.0,44.0
2025-08-21,112419.03125,633.7928466796875,44785.5,21100.310546875,20818.599609375,4.329999923706055,3336.89990234375,16.600000381469727,95.38655853271484,89.574462890625,129567196270512.5,921096335.6454139,512076.5,447767.0,50.0
2025-08-22,116874.0859375,643.52587890625,45631.73828125,21496.5390625,21150.109375,4.260000228881836,3374.39990234375,14.220000267028809,97.1056900024414,91.30789947509766,129633176615596.48,950549052.6297911,489277.0,456357.0,50.0
2025-08-23,115374.328125,,,,,,,,,,129699156960680.47,980001769.6141683,466477.5,464947.0,60.0
2025-08-24,113458.4296875,,,,,,,,,,129699156960680.47,976778079.5825427,443678.0,473537.0,53.0
2025-08-25,110124.3515625,640.6936645507812,45282.46875,21449.2890625,21000.560546875,4.275000095367432,3373.800048828125,14.789999961853027,96.54920959472656,90.78292083740234,129699156960680.47,973554389.5509169,469737.25,482127.0,47.0
2025-08-26,111802.65625,643.3762817382812,45418.0703125,21544.26953125,21082.560546875,4.257999897003174,3388.60009765625,14.619999885559082,96.22128295898438,90.5451889038086,129699156960680.48,970330699.5192913,495796.5,510634.5,48.0
2025-08-27,111222.0625,644.8422241210938,45565.23046875,21590.140625,21132.4296875,4.23799991607666,3404.60009765625,14.850000381469727,96.72807312011719,91.10979461669922,129699156960680.48,967107009.4876657,521855.75,539142.0,51.0
2025-08-28,112544.8046875,647.1258544921875,45636.8984375,21705.16015625,21165.05078125,4.206999778747559,3431.800048828125,14.430000305175781,96.48958587646484,90.87206268310547,129699156960680.5,938093799.2030358,547915.0,567649.5,48.0
2025-08-29,108410.8359375,643.2666015625,45544.87890625,21455.55078125,21151.470703125,4.2270002365112305,3473.699951171875,15.359999656677246,97.02619171142578,91.3673324584961,129699156960680.52,909080588.918406,541235.5,596157.0,50.0
2025-08-30,108808.0703125,,,,,,,,,,129699156960680.53,880067378.6337761,534556.0,595282.5,39.0
2025-08-31,108236.7109375,,,,,,,,,,129699156960680.55,851054168.3491462,527876.5,594408.0,48.0
2025-09-01,109250.59375,,,,,,,,,,129699156960680.53,863948928.4756484,521197.0,593533.5,46.0
2025-09-02,111200.5859375,638.4998168945312,45295.80859375,21279.630859375,21044.869140625,4.2769999504089355,3549.39990234375,17.170000076293945,95.36669158935547,89.851806640625,129699156960680.53,876843688.6021504,537862.0,592659.0,49.0
2025-09-03,111723.2109375,641.960205078125,45271.23046875,21497.73046875,21008.109375,4.210999965667725,3593.199951171875,16.350000381469727,95.42631530761719,89.90133666992188,129699156960680.53,889738448.7286525,554527.0,554753.0,55.0
2025-09-04,110723.6015625,647.3253173828125,45621.2890625,21707.689453125,21157.9296875,4.176000118255615,3565.800048828125,15.300000190734863,96.10203552246094,90.57490539550781,129699156960680.52,902633208.8551546,571192.0,516847.0,51.0
2025-09-05,110650.984375,645.4505004882812,45400.859375,21700.390625,21136.0390625,4.085999965667725,3613.199951171875,15.180000305175781,97.14543914794922,91.59516143798828,131284335932575.5,947478057.0280694,587857.0,478941.0,48.0
2025-09-06,110224.6953125,,,,,,,,,,132869514904470.47,992322905.2009842,578295.25,441035.0,48.0
2025-09-07,111167.6171875,,,,,,,,,,134454693876365.44,1037167753.373899,568733.5,491586.0,44.0
2025-09-08,112071.4296875,647.0361328125,45514.94921875,21798.69921875,21173.640625,4.046000003814697,3638.10009765625,15.109999656677246,96.57902526855469,91.06026458740234,136039872848260.42,1082012601.5468137,559171.75,542137.0,51.0
2025-09-09,111530.546875,648.531982421875,45711.33984375,21879.490234375,21193.109375,4.073999881744385,3643.300048828125,15.039999961853027,96.40015411376953,90.85225677490234,136039872848260.45,1014386813.9501379,549610.0,592688.0,48.0
2025-09-10,113955.359375,650.4067993164062,45490.921875,21886.060546875,21294.5703125,4.0320000648498535,3643.60009765625,15.350000381469727,96.26103210449219,90.70367431640625,136039872848260.5,946761026.353462,543745.5,643239.0,49.0
2025-09-11,115507.5390625,655.8118286132812,46108.0,22043.0703125,21533.640625,4.011000156402588,3636.89990234375,14.710000038146973,97.84103393554688,92.35787200927734,136039872848260.53,879135238.7567861,537881.0,615978.75,54.0
2025-09-12,116101.578125,655.5924072265625,45834.21875,22141.099609375,21374.3203125,4.060999870300293,3649.39990234375,14.760000228881836,97.37399291992188,91.93193817138672,136039872848260.56,811509451.1601102,532016.5,588718.5,57.0
2025-09-13,115950.5078125,,,,,,,,,,136039872848260.53,879135238.7567861,526152.0,561458.25,52.0
2025-09-14,115407.65625,,,,,,,,,,136039872848260.5,946761026.353462,523971.0,534198.0,55.0
2025-09-15,115444.875,659.0827026367188,45883.44921875,22348.75,21394.58984375,4.033999919891357,3682.199951171875,15.6899995803833,97.21499633789062,91.78336334228516,136039872848260.45,1014386813.9501379,521790.0,512778.75,53.0
2025-09-16,116843.1875,658.1752319335938,45757.8984375,22333.9609375,21375.189453125,4.026000022888184,3688.89990234375,16.360000610351562,96.75,91.2979965209961,136039872848260.42,1082012601.5468137,519609.0,491359.5,52.0
2025-09-17,116468.5078125,657.3575439453125,46018.3203125,22261.330078125,21439.900390625,4.076000213623047,3681.800048828125,15.720000267028809,96.63999938964844,91.17913818359375,137615555368364.22,1082162211.9649265,517428.0,469940.25,53.0
2025-09-18,117137.203125,660.4290161132812,46142.421875,22470.720703125,21504.349609375,4.104000091552734,3643.699951171875,15.699999809265137,96.68000030517578,91.37724304199219,139191237888468.0,1082311822.383039,504959.75,448521.0,52.0
2025-09-19,115688.859375,663.7000122070312,46315.26953125,22631.48046875,21493.970703125,4.138999938964844,3671.5,15.449999809265137,96.12999725341797,90.78292083740234,140766920408571.8,1082461432.8011518,492491.5,450590.0,53.0
2025-09-20,115721.9609375,,,,,,,,,,142342602928675.6,1082611043.2192645,480023.25,452659.0,48.0
2025-09-21,115306.09375,,,,,,,,,,142342602928675.6,1082611043.2192645,467555.0,454728.0,49.0
2025-09-22,112748.5078125,666.8400268554688,46381.5390625,22788.98046875,21542.470703125,4.14300012588501,3740.699951171875,16.100000381469727,96.16000366210938,90.80272674560547,142342602928675.6,1082611043.2192645,486191.0,456797.0,45.0
2025-09-23,112014.5,663.2100219726562,46292.78125,22573.470703125,21548.220703125,4.119999885559082,3780.60009765625,16.639999389648438,96.80999755859375,91.2979965209961,142342602928675.6,1082611043.2192645,504827.0,447367.25,43.0
2025-09-24,113328.6328125,661.0999755859375,46121.28125,22497.859375,21483.48046875,4.146999835968018,3732.10009765625,16.18000030517578,95.83999633789062,90.4000015258789,142342602928675.6,1082611043.2192645,523463.0,437937.5,44.0
2025-09-25,109049.2890625,658.0499877929688,45947.3203125,22384.69921875,21336.990234375,4.171999931335449,3736.89990234375,16.739999771118164,95.58000183105469,90.12999725341797,142342602928675.6,1103838710.733368,542099.0,428507.75,44.0
2025-09-26,109712.828125,661.8200073242188,46247.2890625,22484.0703125,21477.509765625,4.186999797821045,3775.300048828125,15.289999961853027,96.55999755859375,91.0199966430664,142342602928675.62,1125066378.247471,536908.0,419078.0,28.0
2025-09-27,109681.9453125,,,,,,,,,,142342602928675.62,1146294045.7615743,531717.0,453148.75,33.0
2025-09-28,112122.640625,,,,,,,,,,142342602928675.62,1167521713.2756777,526526.0,487219.5,37.0
2025-09-29,114400.3828125,663.6799926757812,46316.0703125,22591.150390625,21497.55078125,4.140999794006348,3820.89990234375,16.1200008392334,96.6500015258789,91.05000305175781,144466824057979.62,1130582519.075591,521335.0,521290.25,50.0
2025-09-30,114056.0859375,666.1799926757812,46397.890625,22660.009765625,21564.5390625,4.1479997634887695,3840.800048828125,16.280000686645508,97.08000183105469,91.41999816894531,146591045187283.6,1093643324.8755043,539858.0,555361.0,50.0
2025-10-01,118648.9296875,668.4500122070312,46441.1015625,22755.16015625,21640.0,4.105999946594238,3867.5,16.290000915527344,97.12999725341797,91.55999755859375,148715266316587.56,1056704130.6754177,558381.0,522028.5,49.0
2025-10-02,120681.2578125,669.219970703125,46519.71875,22844.05078125,21607.970703125,4.0879998207092285,3839.699951171875,16.6299991607666,96.62000274658203,91.08000183105469,150839487445891.56,1019764936.475331,576904.0,488696.0,64.0
2025-10-03,122266.53125,669.2100219726562,46758.28125,22780.509765625,21725.400390625,4.11899995803833,3880.800048828125,16.649999618530273,97.04000091552734,91.41999816894531,150839487445891.56,995395553.8022072,595427.0,455363.5,63.0
2025-10-04,122425.4296875,,,,,,,,,,150839487445891.53,971026171.1290836,587050.5,422031.0,71.0
2025-10-05,123513.4765625,,,,,,,,,,150839487445891.5,946656788.45596,578674.0,423391.75,74.0
2025-10-06,124752.53125,671.6099853515625,46694.96875,22941.669921875,21765.0,4.1620001792907715,3948.5,16.3700008392334,96.0,90.55999755859375,150839487445891.5,922287405.7828363,570297.5,424752.5,71.0
2025-10-07,121451.3828125,669.1199951171875,46602.98046875,22788.359375,21663.099609375,4.126999855041504,3976.60009765625,17.239999771118164,95.7300033569336,90.2300033569336,150839487445891.5,939158516.8642297,561921.0,426113.25,70.0
2025-10-08,123354.8671875,673.1099853515625,46601.78125,23043.380859375,21725.810546875,4.129000186920166,4043.300048828125,16.299999237060547,95.30999755859375,89.76000213623047,150839487445891.5,956029627.945623,558136.0,427474.0,60.0
2025-10-09,121705.5859375,671.1599731445312,46358.421875,23024.630859375,21548.259765625,4.1479997634887695,3946.300048828125,16.43000030517578,94.80999755859375,89.2699966430664,150839487445891.53,972900739.0270164,554351.0,436477.25,70.0
2025-10-10,113214.3671875,653.02001953125,45479.6015625,22204.4296875,21096.919921875,4.051000118255615,3975.89990234375,21.65999984741211,93.69000244140625,88.12999725341797,150839487445891.53,989771850.1084098,550566.0,445480.5,64.0
2025-10-11,110807.8828125,,,,,,,,,,150839487445891.53,989771850.1084098,546781.0,454483.75,27.0
2025-10-12,115169.765625,,,,,,,,,,150839487445891.53,989771850.1084098,546781.0,463487.0,24.0
2025-10-13,115271.078125,663.0399780273438,46067.578125,22694.609375,21381.7890625,4.051000118255615,4108.60009765625,19.030000686645508,94.26000213623047,88.69000244140625,150839487445891.53,989771850.1084098,546781.0,463487.0,38.0
2025-10-14,113118.6640625,662.22998046875,46270.4609375,22521.69921875,21500.25,4.021999835968018,4138.7001953125,20.809999465942383,95.23999786376953,89.5999984741211,150839487445891.53,989771850.1084098,546781.0,463487.0,38.0
2025-10-15,110783.1640625,665.1699829101562,46253.30859375,22670.080078125,21570.919921875,4.046000003814697,4176.89990234375,20.639999389648438,96.61000061035156,90.9000015258789,150839487445891.53,989771850.1084098,546781.0,463487.0,34.0
2025-10-16,108186.0390625,660.6400146484375,45952.23828125,22562.5390625,21376.9609375,3.9760000705718994,4280.2001953125,25.309999465942383,96.31999969482422,90.58000183105469,150839487445891.53,989771850.1084098,546781.0,463487.0,28.0
2025-10-17,106467.7890625,664.3900146484375,46190.609375,22679.970703125,21411.44921875,4.006999969482422,4189.89990234375,20.780000686645508,96.94999694824219,91.16999816894531,150839487445891.53,989771850.1084098,546781.0,463487.0,22.0
2025-10-18,107198.265625,,,,,,,,,,150839487445891.53,989771850.1084098,546781.0,463487.0,23.0
2025-10-19,108666.7109375,,,,,,,,,,150839487445891.53,989771850.1084098,546781.0,463487.0,29.0
2025-10-20,110588.9296875,671.2999877929688,46706.578125,22990.5390625,21598.169921875,3.9860000610351562,4336.39990234375,18.229999542236328,97.97000122070312,92.08999633789062,150839487445891.53,989771850.1084098,546781.0,463487.0,29.0
2025-10-21,108476.890625,671.2899780273438,46924.73828125,22953.669921875,21571.16015625,3.9630000591278076,4087.699951171875,17.8700008392334,97.62000274658203,91.83000183105469,150839487445891.53,989771850.1084098,546781.0,463487.0,34.0
2025-10-22,107688.5859375,667.7999877929688,46590.41015625,22740.400390625,21514.7109375,3.953000068664551,4044.39990234375,18.600000381469727,98.05000305175781,92.22000122070312,150839487445891.53,989771850.1084098,546781.0,463487.0,25.0
2025-10-23,110069.7265625,671.760009765625,46734.609375,22941.80078125,21623.8203125,3.990999937057495,4125.5,17.299999237060547,97.94000244140625,92.16000366210938,150839487445891.53,989771850.1084098,546781.0,463487.0,27.0
2025-10-24,111033.921875,677.25,47207.12109375,23204.869140625,21698.060546875,3.996999979019165,4118.39990234375,16.3700008392334,98.16999816894531,92.43000030517578,150839487445891.53,989771850.1084098,546781.0,463487.0,30.0
2025-10-25,111641.7265625,,,,,,,,,,150839487445891.53,989771850.1084098,546781.0,463487.0,37.0
2025-10-26,114472.4453125,,,,,,,,,,150839487445891.53,989771850.1084098,546781.0,463487.0,40.0
2025-10-27,114119.328125,685.239990234375,47544.58984375,23637.4609375,21789.630859375,3.996999979019165,4001.89990234375,15.789999961853027,98.5,92.69000244140625,150839487445891.53,989771850.1084098,546781.0,463487.0,51.0
2025-10-28,112956.1640625,687.0599975585938,47706.37109375,23827.490234375,21689.55078125,3.9830000400543213,3966.199951171875,16.420000076293945,96.43000030517578,90.87000274658203,150839487445891.53,989771850.1084098,546781.0,463487.0,50.0
2025-10-29,,687.3900146484375,47632.0,23958.470703125,21525.9296875,4.058000087738037,3983.699951171875,16.920000076293945,93.98999786376953,88.52999877929688,150839487445891.53,989771850.1084098,546781.0,463487.0,51.0
2025-10-30,110184.1640625,,,,,,3974.199951171875,,,,150839487445891.53,989771850.1084098,546781.0,463487.0,34.0
2025-10-31,,,,,,,,,,,150839487445891.53,989771850.1084098,546781.0,463487.0,
2025-11-01,,,,,,,,,,,150839487445891.53,989771850.1084098,546781.0,463487.0,
2025-11-02,,,,,,,,,,,150839487445891.53,989771850.1084098,546781.0,463487.0,
2025-11-03,,,,,,,,,,,150839487445891.53,989771850.1084098,546781.0,463487.0,
2025-11-04,,,,,,,,,,,150839487445891.53,989771850.1084098,546781.0,463487.0,
2025-11-05,,,,,,,,,,,150839487445891.53,989771850.1084098,546781.0,463487.0,
2025-11-06,,,,,,,,,,,150839487445891.53,989771850.1084098,546781.0,463487.0,
2025-11-07,,,,,,,,,,,150839487445891.53,989771850.1084098,546781.0,463487.0,
2025-11-08,,,,,,,,,,,150839487445891.53,989771850.1084098,546781.0,463487.0,
2025-11-09,,,,,,,,,,,150839487445891.53,989771850.1084098,546781.0,463487.0,
2025-11-10,,,,,,,,,,,150839487445891.53,989771850.1084098,546781.0,463487.0,
2025-11-11,,,,,,,,,,,150839487445891.53,989771850.1084098,546781.0,463487.0,
2025-11-12,,,,,,,,,,,150839487445891.53,989771850.1084098,546781.0,463487.0,
2025-11-13,,,,,,,,,,,150839487445891.53,989771850.1084098,546781.0,463487.0,
2025-11-14,,,,,,,,,,,150839487445891.53,989771850.1084098,546781.0,463487.0,
2025-11-15,,,,,,,,,,,150839487445891.53,989771850.1084098,546781.0,463487.0,
2025-11-16,,,,,,,,,,,150839487445891.53,989771850.1084098,546781.0,463487.0,
2025-11-17,,,,,,,,,,,150839487445891.53,989771850.1084098,546781.0,463487.0,
2025-11-18,,,,,,,,,,,150839487445891.53,989771850.1084098,546781.0,463487.0,
2025-11-19,,,,,,,,,,,150839487445891.53,989771850.1084098,546781.0,463487.0,
2025-11-20,,,,,,,,,,,150839487445891.53,989771850.1084098,546781.0,463487.0,
2025-11-21,,,,,,,,,,,150839487445891.53,989771850.1084098,546781.0,463487.0,
2025-11-22,,,,,,,,,,,150839487445891.53,989771850.1084098,546781.0,463487.0,
2025-11-23,,,,,,,,,,,150839487445891.53,989771850.1084098,546781.0,463487.0,
2025-11-24,,,,,,,,,,,150839487445891.53,989771850.1084098,546781.0,463487.0,
2025-11-25,,,,,,,,,,,150839487445891.53,989771850.1084098,546781.0,463487.0,
2025-11-26,,,,,,,,,,,150839487445891.53,989771850.1084098,546781.0,463487.0,
2025-11-27,,,,,,,,,,,150839487445891.53,989771850.1084098,546781.0,463487.0,
2025-11-28,,,,,,,,,,,150839487445891.53,989771850.1084098,546781.0,463487.0,
2025-11-29,,,,,,,,,,,150839487445891.53,989771850.1084098,546781.0,463487.0,
2025-11-30,,,,,,,,,,,150839487445891.53,989771850.1084098,546781.0,463487.0,
2025-12-01,,,,,,,,,,,150839487445891.53,989771850.1084098,546781.0,463487.0,
2025-12-02,,,,,,,,,,,150839487445891.53,989771850.1084098,546781.0,463487.0,
2025-12-03,,,,,,,,,,,150839487445891.53,989771850.1084098,546781.0,463487.0,
2025-12-04,,,,,,,,,,,150839487445891.53,989771850.1084098,546781.0,463487.0,
2025-12-05,,,,,,,,,,,150839487445891.53,989771850.1084098,546781.0,463487.0,
2025-12-06,,,,,,,,,,,150839487445891.53,989771850.1084098,546781.0,463487.0,
2025-12-07,,,,,,,,,,,150839487445891.53,989771850.1084098,546781.0,463487.0,
2025-12-08,,,,,,,,,,,150839487445891.53,989771850.1084098,546781.0,463487.0,
2025-12-09,,,,,,,,,,,150839487445891.53,989771850.1084098,546781.0,463487.0,
2025-12-10,,,,,,,,,,,150839487445891.53,989771850.1084098,546781.0,463487.0,
2025-12-11,,,,,,,,,,,150839487445891.53,989771850.1084098,546781.0,463487.0,
2025-12-12,,,,,,,,,,,150839487445891.53,989771850.1084098,546781.0,463487.0,
2025-12-13,,,,,,,,,,,150839487445891.53,989771850.1084098,546781.0,463487.0,
2025-12-14,,,,,,,,,,,150839487445891.53,989771850.1084098,546781.0,463487.0,
2025-12-15,,,,,,,,,,,150839487445891.53,989771850.1084098,546781.0,463487.0,
2025-12-16,,,,,,,,,,,150839487445891.53,989771850.1084098,546781.0,463487.0,
2025-12-17,,,,,,,,,,,150839487445891.53,989771850.1084098,546781.0,463487.0,
2025-12-18,,,,,,,,,,,150839487445891.53,989771850.1084098,546781.0,463487.0,
2025-12-19,,,,,,,,,,,150839487445891.53,989771850.1084098,546781.0,463487.0,
2025-12-20,,,,,,,,,,,150839487445891.53,989771850.1084098,546781.0,463487.0,
2025-12-21,,,,,,,,,,,150839487445891.53,989771850.1084098,546781.0,463487.0,
2025-12-22,,,,,,,,,,,150839487445891.53,989771850.1084098,546781.0,463487.0,
2025-12-23,,,,,,,,,,,150839487445891.53,989771850.1084098,546781.0,463487.0,
2025-12-24,,,,,,,,,,,150839487445891.53,989771850.1084098,546781.0,463487.0,
2025-12-25,,,,,,,,,,,150839487445891.53,989771850.1084098,546781.0,463487.0,
2025-12-26,,,,,,,,,,,150839487445891.53,989771850.1084098,546781.0,463487.0,
2025-12-27,,,,,,,,,,,150839487445891.53,989771850.1084098,546781.0,463487.0,
2025-12-28,,,,,,,,,,,150839487445891.53,989771850.1084098,546781.0,463487.0,
2025-12-29,,,,,,,,,,,150839487445891.53,989771850.1084098,546781.0,463487.0,
2025-12-30,,,,,,,,,,,150839487445891.53,989771850.1084098,546781.0,463487.0,
2025-12-31,,,,,,,,,,,150839487445891.53,989771850.1084098,546781.0,463487.0,
